data;hora;natureza_acidente;situacao;bairro;endereco;numero;detalhe_endereco_acidente;complemento;bairro_cruzamento;num_semaforo;sentido_via;tipo;descricao;auto;moto;ciclom;ciclista;pedestre;onibus;caminhao;viatura;outros;vitimas;vitimasfatais;acidente_verificado;tempo_clima;situacao_semaforo;sinalizacao;condicao_via;conservacao_via;ponto_controle;situacao_placa;velocidade_max_via;mao_direcao;divisao_via1;divisao_via2;divisao_via3
2020-01-08;13:21:00;SEM ViTIMA;FINALIZADA;ESPINHEIRO;RUA MARQUES DO PARANA;450;RUA GOMES PACHECO;OFICERTA;ESPINHEIRO;;;ABALROAMENTO LONGITUDINAL;ENTRE DOIS AUTOS S/V;2;;;;;;;;;0;;Cruzamento;Bom;Não existe;Perfeito estado;Seca;Perfeito estado;Faixa de pedestre;Placas Pare;;Única;Faixa seccionada;;
2020-01-08;13:23:00;SEM ViTIMA;FINALIZADA;BOA VISTA;RUA DO RIACHUELO;105;RUA DA UNIAO;;BOA VISTA;;CIDADE;COLISÃO TRASEIRA;COLISÃO SEM ViTIMA;2;;;;;;;;;0;;Longo da via;Bom;Não existe;Perfeito estado;Seca;Perfeito estado;Faixa de pedestre;Outras;;Dupla;Faixa seccionada;Canteiro central;
2020-01-08;13:32:00;SEM ViTIMA;FINALIZADA;COELHOS;RUA DO JARDIM;37;;EM FRENTE AO Nº 37 / SENTIDO ÚNICO;COELHOS;;;COLISÃO TRASEIRA;ENTRE DOIS AUTOS S/V;2;;;;;;;;;0;;Longo da via;Bom;Não existe;Não existente;Seca;Mal conservada;Não existe;Não há placas;;Única;Não existe;;
2020-01-08;13:48:00;COM VITIMA;FINALIZADA;CORDEIRO;AV CAXANGA;2555;AV INACIO MONTEIRO;PROX AO POSTO SILVA E ARAUJO;CORDEIRO;234;CIDADE;ABALROAMENTO LONGITUDINAL;ENTRE MOTO- AUTO PASSEIO E REBOQUE COM VITIMA.;1;1;;;;;;;1;1;;Esquina;Bom;Sem defeito;Perfeito estado;Seca;Perfeito estado;Faixa de pedestre;Outras;;Dupla;Faixa contínua;Faixa seccionada;Canteiro central
2020-01-08;14:08:00;SEM ViTIMA;FINALIZADA;BOA VIAGEM;AV ENGENHEIRO DOMINGOS FERREIRA;236;;CERPE;BOA VIAGEM;380;SUBURBIO;COLISÃO TRASEIRA;ENTRE DOIS AUTOS S/V;2;;;;;;;;;0;;Longo da via;Bom;Sem defeito;Perfeito estado;Seca;Perfeito estado;Faixa de pedestre;;60 km/h;Única;Faixa contínua;;
2020-01-08;14:52:00;SEM ViTIMA;FINALIZADA;AREIAS;AV RECIFE;;;LADO OPOSTO AO BIG BOMPREÇO;AREIAS;;;COLISÃO TRASEIRA;COLISÃO SEM ViTIMA;2;;;;;;;;;0;;Longo da via;Bom;Sem defeito;Perfeito estado;Seca;Perfeito estado;;Outras;;Dupla;Canteiro central;;
2020-01-08;15:15:00;SEM ViTIMA;FINALIZADA;BOA VIAGEM;RUA RIBEIRO DE BRITO;972;RUA DOS NAVEGANTES;EDIFÍCIO LUIZA RAMOS;BOA VIAGEM;;;ABALROAMENTO TRANSVERSAL;COLISAO ENTRE DOIS AUTOS S/V;2;;;;;;;;;0;;Cruzamento;Bom;Não existe;Ilegível;Seca;Perfeito estado;Faixa de retenção;Placas Pare;;Única;Não existe;;
2020-01-08;15:37:00;SEM ViTIMA;CANCELADA;SANTO AMARO;AV GOVERNADOR AGAMENON MAGALHAES;;;PROX AO SHOPPING TACARUNA S/T OLINDA;SANTO AMARO;;;COLISÃO;COLISAO ENTRE DOIS AUTOS S/V;2;;;;;;;;;0;;;;;;;;;;;;;;
2020-01-08;15:43:00;SEM ViTIMA;FINALIZADA;JORDÃO;RUA BOANERGES PEREIRA;;AV MARIA IRENE;;JORDÃO;;CIDADE;ABALROAMENTO LONGITUDINAL;COLISAO ENTRE DOIS AUTOS S/V;;;;;;;2;;;0;;Cruzamento;Bom;Não existe;Perfeito estado;Seca;Perfeito estado;;;;;;;
2020-01-08;15:47:00;COM VITIMA;FINALIZADA;SOLEDADE;RUA BARAO DE SAO BORJA;;;E/F AO CENTRO UNIVERSITARIO TIRADENTES;SOLEDADE;;SUBURBIO;ATROPELAMENTO;ATROPELAMENTO COM UMA VITIMA;1;;;;1;;;;;1;;Longo da via;Bom;Não existe;Perfeito estado;Seca;Perfeito estado;Não existe;R-6a;;Única;Não existe;;
2020-01-08;15:54:00;SEM ViTIMA;FINALIZADA;CASA FORTE;AV DEZESSETE DE AGOSTO;;;EM FRENTE A FARMACIA PAGUE MENOS;CASA FORTE;;CIDADE;COLISÃO TRASEIRA;COLISÃO SEM ViTIMA;2;;;;;;;;;0;;Longo da via;Bom;Sem defeito;Perfeito estado;Seca;Perfeito estado;Faixa de pedestre;Outras;;Dupla;Faixa contínua;;
2020-01-08;16:42:00;SEM ViTIMA;FINALIZADA;VÁRZEA;AV CAXANGA;;;;VÁRZEA;608;CIDADE;COLISÃO TRASEIRA;COLISÃO SEM ViTIMA;1;;;;;;1;;;0;;Longo da via;Bom;Sem defeito;Perfeito estado;Seca;Perfeito estado;Faixa de pedestre;R-6a;;Dupla;Canteiro central;;
2020-01-08;16:59:00;SEM ViTIMA;FINALIZADA;IMBIRIBEIRA;RUA JOAQUIM BANDEIRA;268;AV SUL;EM FRENTE A MICAELLY PEDROSA;IMBIRIBEIRA;;SUBURBIO;ABALROAMENTO LONGITUDINAL;COLISÃO SEM ViTIMA;2;;;;;;;;;0;;Cruzamento;Bom;Não existe;Perfeito estado;Seca;Perfeito estado;Não existe;Não há placas;;Única;Faixa seccionada;;
2020-01-08;17:18:00;SEM ViTIMA;FINALIZADA;CASA FORTE;AV DEZESSETE DE AGOSTO;;RUA PIAUI;AO LADO DO CENTRO MÉDICO SEN JOSE ERMIRIO DE MORRES;CASA FORTE;251;CIDADE;CHOQUE OBJETO FIXO;CAMINHÃO CHOCOU-SE COM O SEMÁFORO;;;;;;;1;;;0;;;Bom;Sem defeito;Perfeito estado;Seca;Perfeito estado;Faixa de pedestre;R-6a;;Dupla;Faixa seccionada;;
2020-01-08;17:27:00;SEM ViTIMA;FINALIZADA;BOA VIAGEM;RUA AMALIA BERNARDINO DE SOUZA;286;;POR TRÁS DA FACULDADE MAURICIO DE NASSAU;BOA VIAGEM;;CIDADE;COLISÃO TRASEIRA;ENTRE DOIS AUTOS S/V;2;;;;;;;;;0;;Longo da via;Bom;Sem defeito;Perfeito estado;Seca;Perfeito estado;Não existe;Não há placas;;Dupla;Não existe;;
2020-01-08;17:29:00;SEM ViTIMA;FINALIZADA;AFOGADOS;RUA MOTOCOLOMBO;190;RUA FRANCISCO SILVEIRA;;AFOGADOS;;SUBURBIO;ABALROAMENTO LONGITUDINAL;COLISÃO SEM ViTIMA;2;;;;;;;;;0;;Cruzamento;Bom;Não existe;Não existente;Seca;Perfeito estado;Não existe;Não há placas;;Única;Faixa seccionada;;
2020-01-08;17:46:00;SEM ViTIMA;FINALIZADA;SANTO ANTÔNIO;PRC DA REPUBLICA;;RUA IMPERADOR PEDRO SEGUNDO;;SANTO ANTÔNIO;278;;ABALROAMENTO TRANSVERSAL;ENTRE ONIBUS X AUTO PASSEIO S/V;1;;;;;1;;;;0;;Cruzamento;Bom;Sem defeito;Perfeito estado;Seca;Perfeito estado;;Outras;;Única;Faixa contínua;Faixa seccionada;
2020-01-08;17:58:00;SEM ViTIMA;FINALIZADA;DERBY;AV GOVERNADOR AGAMENON MAGALHAES;;;AO LADO DO CLUBE PORTUGUÊS;DERBY;173;;COLISÃO TRASEIRA;COLISÃO SEM ViTIMA;3;;;;;;;;;0;;Longo da via;Bom;Sem defeito;Perfeito estado;Seca;Perfeito estado;;Não há placas;60 km/h;Única;Faixa contínua;;
2020-01-08;18:28:00;SEM ViTIMA;CANCELADA;CAXANGÁ;AV CAXANGA;;;SOBRE PONTE DA CAXANGA/ LADO OPOSTO A INTEGRAÇÃO DA CAXANGA;CAXANGÁ;;;COLISÃO;ENTRE DOIS AUTOS S/V;2;;;;;;;;;0;;;;;;;;;;;;;;
2020-01-08;18:37:00;SEM ViTIMA;FINALIZADA;IPUTINGA;AV LUIZ DE LACERDA;260;RUA PROFESSOR MUSSA HAZIN;EM FRENTE AO COLÉGIO DESAFIO;IPUTINGA;;SUBURBIO;ABALROAMENTO LONGITUDINAL;ENTRE DOIS AUTOS S/V;2;;;;;;;;;0;;Longo da via;Bom;Não existe;Perfeito estado;Seca;Perfeito estado;Não existe;R-6a;;Única;Faixa seccionada;;
2020-01-08;19:00:00;SEM ViTIMA;FINALIZADA;ILHA DO RETIRO;PRC DA BANDEIRA;;;EM FRENTEAO SPORT CLUB DO RECIFE;ILHA DO RETIRO;;CIDADE;ABALROAMENTO LONGITUDINAL;COLISAO SEM VITIMAS;2;;;;;;;;;0;;;Bom;Não existe;Perfeito estado;Seca;Perfeito estado;Não existe;R-6a;30 km/h;Única;Não existe;;
2020-01-08;22:39:00;SEM ViTIMA;FINALIZADA;BOA VIAGEM;RUA BRUNO VELOSO;392;;;BOA VIAGEM;338;SUBURBIO;COLISÃO TRASEIRA;COLISAO SEM VITIMAS;2;;;;;;;;;0;;Longo da via;Bom;Sem defeito;Perfeito estado;Seca;Perfeito estado;Faixa de retenção;Outras;;Única;Faixa seccionada;;
2020-01-08;23:26:00;SEM ViTIMA;FINALIZADA;ESPINHEIRO;AV JOAO DE BARROS;1314;;;ESPINHEIRO;338;SUBURBIO;COLISÃO TRASEIRA;COLISAO SEM VITIMAS;2;;;;;;;;;0;;Longo da via;Bom;Intermitente;Perfeito estado;Seca;Perfeito estado;Faixa de pedestre;Não há placas;;Única;Faixa contínua;Faixa seccionada;
2020-01-09;01:24:00;COM VITIMA;FINALIZADA;ARRUDA;RUA MEM DE SA;;RUA PROFESSOR JERONIMO GUEIROS;AO LADO DA FÁBRICA COCA-COLA;ARRUDA;495;;ABALROAMENTO TRANSVERSAL;COLISÃO ENTRE DOIS AUTOS- S/V;2;;;;;;;;;1;;Cruzamento;Bom;Sem defeito;Perfeito estado;Seca;Perfeito estado;Não existe;Não há placas;30 km/h;Dupla;Não existe;;
2020-01-09;07:14:00;COM VITIMA;FINALIZADA;IPSEP;RUA PINTOR ANTONIO ALBUQUERQUE;456;;EM FRENTE AO SMOEPE;IPSEP;;;ACID. DE PERCURSO;ACID. C/V;;1;;;;;;;;1;;Longo da via;Chuvoso;Não existe;Perfeito estado;Molhada;Perfeito estado;Não existe;Não há placas;40 km/h;Dupla;Não existe;;
2020-01-09;07:59:00;SEM ViTIMA;FINALIZADA;IBURA;AV ENGENHO SERRA VERDE;830;;MASTER PIZZA;IBURA;;CIDADE;COLISÃO TRASEIRA;COLISÃO SEM VITIMAS;1;;;;;;;;;0;;Longo da via;Chuvoso;Não existe;Incompleta;Molhada;Perfeito estado;Não existe;Não há placas;40 km/h;Única;Não existe;;
2020-01-09;08:03:00;SEM ViTIMA;FINALIZADA;CASA AMARELA;AV NORTE;5400;;EM FRENTE A ESCOLA MUNICIPAL ROZEMAR DE MACEDO LIMA;CASA AMARELA;;SUBURBIO;COLISÃO TRASEIRA;COLISAO S/ VITIMA. ENTRE DOIS VEICULOS. VT 08 - GM: RONALDO LUIZ E RICARDO NO LOCAL;2;;;;;;;;;0;;Longo da via;Chuvoso;Não existe;Perfeito estado;Molhada;Perfeito estado;Não existe;Não há placas;;Dupla;Canteiro central;;
2020-01-09;08:28:00;COM VITIMA;FINALIZADA;PINA;AV HERCULANO BANDEIRA;544;;E/F JSA PNEUS;PINA;;SUBURBIO;COLISÃO TRASEIRA;COLISÃO C/VITIMA ENTRE DUAS MOTOS (GMC ADELMO FERREIRA E WEMERSON NO QTH);1;2;;;;;;;;1;;Longo da via;Bom;Sem defeito;Perfeito estado;Seca;Perfeito estado;Não existe;Não há placas;60 km/h;Única;Faixa seccionada;;
2020-01-09;08:49:00;COM VITIMA;FINALIZADA;SAN MARTIN;AV ENGENHEIRO ABDIAS DE CARVALHO;3010;;AO  LADO  DA CHESF;SAN MARTIN;;CIDADE;COLISÃO TRASEIRA;COLISÃO C/ VITIMA  GM LUANA QTH;1;1;;;;;;;;1;;Longo da via;Bom;Não existe;Perfeito estado;Seca;Perfeito estado;Não existe;;;Dupla;Canteiro central;;
2020-01-09;09:06:00;SEM ViTIMA;CANCELADA;GRAÇAS;RUA ALBERTO PAIVA;114;;EM FRENTE A PRAÇA ELVIRA DE SOUZA;GRAÇAS;;;COLISÃO;DOIS AUTOS;2;;;;;;;;;0;;;;;;;;;;;;;;
2020-01-09;09:34:00;SEM ViTIMA;FINALIZADA;IMBIRIBEIRA;RUA ITACARI;162;RUA ITAJAI;YNOVE DRYWALL;IMBIRIBEIRA;;SUBURBIO;ABALROAMENTO LONGITUDINAL;DOIS AUTOS;2;;;;;;;;;0;;Cruzamento;Bom;Não existe;Perfeito estado;Seca;Perfeito estado;Faixa de pedestre;Placas Pare;30 km/h;Única;Faixa seccionada;;
2020-01-09;11:10:00;SEM ViTIMA;FINALIZADA;AFOGADOS;RUA SAO MIGUEL;;RUA SANTOS ARAUJO;;AFOGADOS;333;SUBURBIO;COLISÃO TRASEIRA;CAMINHÃO E VT-PM;1;;;;;;1;;1;0;;Cruzamento;Bom;Sem defeito;Perfeito estado;Seca;Perfeito estado;Faixa de pedestre;Outras;60 km/h;Dupla;Faixa contínua;;
2020-01-09;11:18:00;SEM ViTIMA;CANCELADA;SOLEDADE;AV JOAO DE BARROS;819;;EM FRENTE AO BANCO SANTANDER;SOLEDADE;;CIDADE;COLISÃO;COLISÃO SEM VITIMAS;2;;;;;;;;;0;;;;;;;;;;;;;;
2020-01-09;11:53:00;SEM ViTIMA;FINALIZADA;CORDEIRO;AV ENGENHEIRO ABDIAS DE CARVALHO;;AV GENERAL SAN MARTIN;SOB O SEMÁFORO Nº 058;CORDEIRO;58;CIDADE;ABALROAMENTO LONGITUDINAL;COLISAO S/ VITIMA ENTRE VEICULO PARTICULAR E UMA VIATURA DA POLICIA.;1;;;;;;;;1;0;;Cruzamento;Bom;Sem defeito;Perfeito estado;Seca;Perfeito estado;Faixa de pedestre;Não há placas;;Dupla;Canteiro central;;
2020-01-09;12:19:00;SEM ViTIMA;FINALIZADA;IPSEP;AV RECIFE;2240;;;IPSEP;;;COLISÃO TRASEIRA;SEM VITIMA;3;;;;;;;;;0;;Longo da via;Bom;Sem defeito;Incompleta;Seca;Perfeito estado;Não existe;Outras;60 km/h;Dupla;Canteiro central;;
2020-01-09;12:42:00;SEM ViTIMA;CANCELADA;CASA AMARELA;RUA VISCONDE DE TAUNAY;286;RUA XAVANTES;E/F A GALERIA;CASA AMARELA;;;COLISÃO;;2;;;;;;;;;0;;;;;;;;;;;;;;
2020-01-09;13:25:00;COM VITIMA;FINALIZADA;IMBIRIBEIRA;AV MARECHAL MASCARENHAS DE MORAES;4861;;FAC. SAUDE;IMBIRIBEIRA;;CIDADE;COLISÃO TRASEIRA;COLISÃO COM VITIMA...BOMBEIRO NO LOCAL;1;1;;;;;;;;2;;Longo da via;Bom;Sem defeito;Perfeito estado;Seca;Perfeito estado;Não existe;Outras;60 km/h;Dupla;Canteiro central;;
2020-01-09;13:56:00;SEM ViTIMA;FINALIZADA;MADALENA;RUA JOAO IVO DA SILVA;;AV ENGENHEIRO ABDIAS DE CARVALHO;PRÓXIMO DO HABIBS;MADALENA;;;COLISÃO TRASEIRA;COLISÃO SEM VITIMA;1;;;;;;1;;;0;;Longo da via;Bom;Sem defeito;Perfeito estado;Seca;Perfeito estado;Agente;Não há placas;;Dupla;Canal;;
2020-01-09;16:12:00;SEM ViTIMA;FINALIZADA;ESPINHEIRO;RUA CONS PORTELA;;RUA QUARENTA E OITO;FARMÁCIA PAGUE MENOS;ESPINHEIRO;11;CIDADE;ABALROAMENTO LONGITUDINAL;COLISAO ENTRE DOIS AUTOS S/V VT 18 NO LOCAL;2;;;;;;;;;0;;Cruzamento;Bom;Sem defeito;Perfeito estado;Seca;Perfeito estado;Faixa de pedestre;R-6a;;Única;Faixa contínua;;
2020-01-09;16:31:00;SEM ViTIMA;FINALIZADA;TORRE;RUA REAL DA TORRE;1288;;CONSUL ZELIA MACEDO;TORRE;;CIDADE;CHOQUE OBJETO FIXO;CAMINÃO CHOCOU-SE COM UM POSTE DE ILUMINAÇÃO;;;;;;;1;;;0;;Longo da via;Bom;Sem defeito;Perfeito estado;Seca;Perfeito estado;Outros;Outras;60 km/h;Única;Faixa seccionada;;
2020-01-09;16:39:00;SEM ViTIMA;FINALIZADA;TORRE;RUA CONDE DE IRAJA;494;;LENDS CLUB TABULEIRA;TORRE;;SUBURBIO;ABALROAMENTO LONGITUDINAL;COLISAO ENTRE ONIBUS E AUTO S/V;1;;;;;1;;;;0;;Longo da via;Bom;Não existe;Perfeito estado;Seca;Perfeito estado;Não existe;R-6a;;Única;Faixa seccionada;;
2020-01-09;17:25:00;SEM ViTIMA;FINALIZADA;IPSEP;AV RECIFE;;AV DOM HELDER CAMARA;;IPSEP;55;;ABALROAMENTO TRANSVERSAL;COLISÃO SEM ViTIMA;2;;;;;;;;;0;;Cruzamento;Bom;Sem defeito;Perfeito estado;Seca;Perfeito estado;Faixa de pedestre;;60 km/h;Dupla;Faixa contínua;Canteiro central;
2020-01-09;17:30:00;COM VITIMA;FINALIZADA;BOA VISTA;AV GOVERNADOR AGAMENON MAGALHAES;;;E/F AO COLEGIO AMERICANO BATISTA NO SEMAFORO 037 S/T OLINDA;BOA VISTA;37;OLINDA;ABALROAMENTO LONGITUDINAL;COLISAO ENTRE DUAS MOTO COM UM VITIMA;;2;;;;;;;;1;;Longo da via;Bom;Sem defeito;Perfeito estado;Seca;Perfeito estado;;;60 km/h;Dupla;Canal;;
2020-01-09;17:36:00;SEM ViTIMA;FINALIZADA;CASA FORTE;AV DEZESSETE DE AGOSTO;1248;RUA JACO VELOSINO;FARMÁCIA DROGASIL;CASA FORTE;;;COLISÃO FRONTAL;COLISÃO SEM ViTIMA;2;;;;;;;;;0;;Longo da via;Bom;Não existe;Perfeito estado;Seca;Perfeito estado;Não existe;Outras;;Dupla;Faixa seccionada;;
2020-01-09;17:43:00;SEM ViTIMA;FINALIZADA;CAMPO GRANDE;EST DE BELEM;;RUA VOLUNTARIOS DA PATRIA;PRÓXIMO A CHURRASCARIA O JARDIM;CAMPO GRANDE;;SUBURBIO;COLISÃO TRASEIRA;COLISAO ENTRE DOIS AUTOS S/V;2;;;;;;;;;0;;;Bom;Não existe;Perfeito estado;Seca;Perfeito estado;Não existe;R-6a;;Dupla;Faixa seccionada;;
2020-01-09;18:11:00;SEM ViTIMA;FINALIZADA;CASA AMARELA;AV DR EURICO CHAVES;667;;FRENTE IGREJA NOSSA SRA DE LOURDES;CASA AMARELA;;SUBURBIO;COLISÃO TRASEIRA;ENTRE DOIS AUTOS S/V;2;;;;;;;;;0;;Longo da via;Bom;Não existe;Perfeito estado;Seca;Perfeito estado;;Outras;;Dupla;Não existe;;
2020-01-09;18:28:00;SEM ViTIMA;FINALIZADA;SÃO JOSÉ;RUA FLORIANO PEIXOTO;205;;CASA DA CULTURA;SÃO JOSÉ;;SUBURBIO;CHOQUE VEÍCULO PARADO;COLISAO SEM VITINAS;1;;;;;1;;;;0;;Longo da via;Bom;Não existe;Perfeito estado;Seca;Perfeito estado;Não existe;Não há placas;;Única;Faixa seccionada;;
2020-01-09;18:34:00;SEM ViTIMA;FINALIZADA;AREIAS;AV DR JOSE RUFINO;1454;;FARMÁCIA DROGASIL;AREIAS;44;;ABALROAMENTO LONGITUDINAL;CAMINHÃO X AUTO PASSEIO S/V;1;;;;;;1;;;0;;Longo da via;Bom;Sem defeito;Perfeito estado;Seca;Perfeito estado;Faixa de pedestre;;60 km/h;Dupla;Faixa seccionada;;
2020-01-09;19:07:00;SEM ViTIMA;FINALIZADA;IMBIRIBEIRA;AV MARECHAL MASCARENHAS DE MORAES;6211;;POSTE DE ILUMINAÇÃO PÚBLICA B 029297 - PRÓXIMO INFRAERO;IMBIRIBEIRA;;SUBURBIO;COLISÃO TRASEIRA;ENTRE MOTO X AUTO PASSEIO S/V;1;1;;;;;;;;0;;Longo da via;Bom;Não existe;Perfeito estado;Seca;Mal conservada;Não existe;Não há placas;;Dupla;Faixa seccionada;Canteiro central;
2020-01-09;19:12:00;COM VITIMA;FINALIZADA;ESTÂNCIA;AV RECIFE;5606;;AO LADO DO LABORATORIO CERPE/ PROX A ENTRADA DE SAN MARTINS;ESTÂNCIA;;CEASA;ABALROAMENTO LONGITUDINAL;COLISAO COM VITIMAS;1;1;;;;;;;;1;;Longo da via;Bom;Não existe;Perfeito estado;Seca;Perfeito estado;Não existe;Não há placas;60 km/h;Dupla;Canteiro central;;
2020-01-09;20:06:00;COM VITIMA;CANCELADA;ÁGUA FRIA;AV BEBERIBE;;RUA DR PEREIRA DA SILVA;E/F A CLINICA OFTALMO30;ÁGUA FRIA;;;COLISÃO;AUTO PASSEIO X MOTO COM VITIMA;1;1;;;;;;;;1;;;;;;;;;;;;;;
2020-01-09;20:34:00;COM VITIMA;FINALIZADA;AFOGADOS;RUA SAO MIGUEL;;EST DOS REMEDIOS;PROX A FARMACIA DO TRABALHADOR;AFOGADOS;;SUBURBIO;CHOQUE OBJETO FIXO;MOTO X AUTO PASSEIO COM VITIMA;;1;;;;;;;;1;;Longo da via;Bom;Sem defeito;Perfeito estado;Seca;Perfeito estado;Não existe;Não há placas;;Dupla;Faixa contínua;;
2020-01-09;20:57:00;SEM ViTIMA;FINALIZADA;BOA VIAGEM;RUA FRANCISCO DA CUNHA;187;RUA PROFESSOR EDUARDO WANDERLEY FILHO;EDIFÍCIO PUERTO VALENCIA;BOA VIAGEM;;;ABALROAMENTO TRANSVERSAL;COLISAO SEM VITIMAS;2;;;;;;;;;0;;Cruzamento;Bom;;Perfeito estado;Seca;Perfeito estado;Faixa de retenção;Placas Pare;;Única;;;
2020-01-09;21:11:00;SEM ViTIMA;FINALIZADA;TORRE;RUA DOM MANOEL DA COSTA;87;RUA BELARMINO CARNEIRO;;TORRE;;SUBURBIO;ABALROAMENTO LONGITUDINAL;ENTRE CAMINHÃO X AUTO PASSEIO S/V;1;;;;;;1;;;0;;Cruzamento;Bom;Não existe;Incompleta;Seca;Mal conservada;Não existe;R-6a;40 km/h;Única;Faixa seccionada;;
2020-01-09;21:58:00;SEM ViTIMA;FINALIZADA;CAMPO GRANDE;RUA PROFESSOR FRANCISCO DA TRINDADE;290;;;CAMPO GRANDE;;SUBURBIO;ABALROAMENTO TRANSVERSAL;ENTRE AUTO PASSEIO X MOTO S/V;1;1;;;;;;;;0;;Longo da via;Bom;Não existe;Perfeito estado;Seca;Perfeito estado;Não existe;Não há placas;;Dupla;Faixa seccionada;;
2020-01-09;22:59:00;COM VITIMA;FINALIZADA;BOA VIAGEM;RUA VISCONDE DE JEQUITINHONHA;2938;;E/F AO CONDOMINIO VIA FARINI;BOA VIAGEM;;SUBURBIO;ABALROAMENTO LONGITUDINAL;MOTO X AUTO PASSEIO COM VITIMA;1;1;;;;;;;;1;;Longo da via;Bom;Não existe;Perfeito estado;Seca;Perfeito estado;Não existe;Outras;60 km/h;Dupla;Faixa seccionada;;
2020-01-10;03:03:00;COM VITIMA;FINALIZADA;AFOGADOS;PTE DO MOTOCOLOMBO;;;PRÓX A ESTAÇÃO LARGO DA PAZ;AFOGADOS;;CIDADE;ABALROAMENTO LONGITUDINAL;COLISÃO ENTRE AUTO E MOTO- COM VITIMA;1;1;;;;;;;;1;;Ponte;Bom;Não existe;Perfeito estado;Seca;Perfeito estado;Não existe;Não há placas;;Dupla;;;
2020-01-10;09:02:00;SEM ViTIMA;FINALIZADA;BOA VISTA;RUA DR JOSE MARIANO;817;;EM FRENTE AO Nº 817;BOA VISTA;209;SUBURBIO;COLISÃO TRASEIRA;SEM VITIMAS;2;;;;;;;;;0;;Longo da via;Bom;Sem defeito;Perfeito estado;Seca;Perfeito estado;Não existe;;;;;;
2020-01-10;09:16:00;SEM ViTIMA;FINALIZADA;PARNAMIRIM;RUA ALBINO MEIRA;152;;AO LADO DO PÃO DE AÇUCAR;PARNAMIRIM;;SUBURBIO;ABALROAMENTO LONGITUDINAL;DOIS AUTOS;2;;;;;;;;;0;;Longo da via;Bom;Não existe;Perfeito estado;Seca;Perfeito estado;Não existe;R-6a;;Única;Não existe;;
2020-01-10;09:56:00;SEM ViTIMA;FINALIZADA;CAMPO GRANDE;RUA MANUEL DE BARROS LIMA;86;;;CAMPO GRANDE;;SUBURBIO;ABALROAMENTO LONGITUDINAL;SEM VITIMAS;2;;;;;;;;;0;;Longo da via;Bom;Não existe;Ilegível;Seca;Perfeito estado;Não existe;Outras;30 km/h;Dupla;Não existe;;
2020-01-10;10:23:00;SEM ViTIMA;CANCELADA;CORDEIRO;RUA DR JOAO LACERDA;;;EM FRENTE AO RESTAURANTE REI DA  CHARQUE;CORDEIRO;;;COLISÃO;COLISÃO SEM VITIMAS;1;;;;;;1;;;0;;;;;;;;;;;;;;
2020-01-10;10:37:00;COM VITIMA;FINALIZADA;BOA VISTA;AV GOVERNADOR CARLOS DE LIMA CAVALCANTI;141;;E/F AO CLINICA LUCILO MARANHÃO;BOA VISTA;;SUBURBIO;ABALROAMENTO LONGITUDINAL;COLISÃO C/VITIMA ENTRE UMA MOTO E UM AUTO;1;1;;;;;;;;1;;Longo da via;Bom;Não existe;Perfeito estado;Seca;Perfeito estado;Não existe;Outras;;Dupla;Canteiro central;;
2020-01-10;11:45:00;SEM ViTIMA;FINALIZADA;IPUTINGA;RUA BARAO DE ITAPISSUMA;109;RUA LINDOIA DO NORTE;;IPUTINGA;;CIDADE;ABALROAMENTO TRANSVERSAL;SEM VITIMAS;2;;;;;;;;;0;;;Bom;Não existe;Perfeito estado;Seca;Perfeito estado;Não existe;Não há placas;;Única;Faixa contínua;;
2020-01-10;11:52:00;SEM ViTIMA;FINALIZADA;IMBIRIBEIRA;AV GENERAL MAC ARTHUR;1846;AV SUL;;IMBIRIBEIRA;;;ABALROAMENTO TRANSVERSAL;COLISÃO S/VITIMAS ENTRE DOIS AUTOS;2;;;;;;;;;0;;Cruzamento;Bom;Não existe;Perfeito estado;Seca;Perfeito estado;Faixa de pedestre;Placas Pare;;Única;Faixa seccionada;;
2020-01-10;12:10:00;SEM ViTIMA;FINALIZADA;IPSEP;RUA DR RAPOSO PINTO;130A;RUA LANDELINO CAMARA;MARVEL BURGUER;IPSEP;;CIDADE;ABALROAMENTO LONGITUDINAL;SEM VITIMAS;2;;;;;;;;;0;;Cruzamento;Bom;Não existe;Perfeito estado;Seca;Perfeito estado;Faixa de retenção;Placas Pare;30 km/h;Dupla;Faixa contínua;;
2020-01-10;13:47:00;SEM ViTIMA;FINALIZADA;VÁRZEA;AV JOAQUIM RIBEIRO;;;LADO OPOSTO A UPA DA CAXANGÁ;VÁRZEA;;CIDADE;COLISÃO TRASEIRA;COLISÃO SEM VITIMA;3;;;;;;;;;0;;Viaduto;Bom;Não existe;Incompleta;Seca;Perfeito estado;Não existe;R-6a;;Dupla;Faixa contínua;Faixa seccionada;
2020-01-10;13:59:00;SEM ViTIMA;FINALIZADA;AFOGADOS;RUA COSME VIANA;;;CHURRASCARIA BOI GRILL;AFOGADOS;430;SUBURBIO;ABALROAMENTO LONGITUDINAL;COLISÃO SEM VITIMA;2;;;;;;;;;0;;Longo da via;Bom;Sem defeito;Perfeito estado;Seca;Perfeito estado;Faixa de pedestre;Outras;;Única;Faixa contínua;Faixa seccionada;
2020-01-10;13:59:00;SEM ViTIMA;FINALIZADA;ILHA DO RETIRO;RUA SPORT CLUBE DO RECIFE;;;EM FRENTE AO SPORT CLUB DO RECIFE;ILHA DO RETIRO;;CIDADE;ABALROAMENTO LONGITUDINAL;COLISÃO SEM VITIMA;1;;;;;1;;;;0;;Longo da via;Bom;Não existe;Perfeito estado;Seca;Perfeito estado;Não existe;R-6a;;Dupla;Canteiro central;;