data;hora;natureza_acidente;situacao;bairro;endereco;numero;detalhe_endereco_acidente;complemento;bairro_cruzamento;num_semaforo;sentido_via;tipo;descricao;auto;moto;ciclom;ciclista;pedestre;onibus;caminhao;viatura;outros;vitimas;vitimasfatais;acidente_verificado;tempo_clima;situacao_semaforo;sinalizacao;condicao_via;conservacao_via;ponto_controle;situacao_placa;velocidade_max_via;mao_direcao;divisao_via1;divisao_via2;divisao_via3
2020-01-23;07:34:00;COM VITIMA;FINALIZADA;BOA VISTA;RUA AURORA;;RUA PRINCESA IZABEL;;BOA VISTA;22;CIDADE;TOMBAMENTO;MOTO PCF2822 - ÓLEO NA VIA E O CONDUTOR CAIU DEVIDO AO ÓLEO;;1;;;;;;;;1;;Cruzamento;Bom;Sem defeito;Perfeito estado;Oleosa;Perfeito estado;;Não há placas;40 km/h;Única;Faixa contínua;;
2020-01-23;09:35:00;SEM ViTIMA;FINALIZADA;ILHA JOANA BEZERRA;;;;AO LADO DO FORUM DA JOANA BEZERRA;ILHA JOANA BEZERRA;38;SUBURBIO;COLISÃO TRASEIRA;DOIS AUTOS;2;;;;;;;;;0;;Longo da via;Bom;Sem defeito;Perfeito estado;Seca;Perfeito estado;Faixa de pedestre;R-6c;;Dupla;Canteiro central;;
2020-01-23;10:19:00;SEM ViTIMA;FINALIZADA;PRADO;EST DOS REMEDIOS;2034;;AO LADO DO BOB'S;PRADO;;;COLISÃO TRASEIRA;;2;;;;;;;;;0;;Longo da via;Bom;Não existe;Perfeito estado;Seca;Perfeito estado;Não existe;R-6a;;Única;Faixa contínua;;
2020-01-23;10:35:00;SEM ViTIMA;FINALIZADA;BAIRRO DO RECIFE;CAIS DO APOLO;;;EM FRENTE A PREFEITURA DO RECIFE;BAIRRO DO RECIFE;340;CIDADE;COLISÃO TRASEIRA;DOIS AUTOS;2;;;;;;;;;0;;Longo da via;Bom;Sem defeito;Perfeito estado;Seca;Perfeito estado;Agente;Outras;;Dupla;Faixa contínua;Canteiro central;
2020-01-23;11:03:00;SEM ViTIMA;FINALIZADA;SANTO AMARO;AV GOVERNADOR AGAMENON MAGALHAES;130;;PRÓXIMO AO POSTO DE COMBUSTÍVEL DISLUB;SANTO AMARO;378;;ABALROAMENTO LONGITUDINAL;SEM VITIMAS;1;;;;;1;;;;0;;Cruzamento;Bom;Sem defeito;Perfeito estado;Seca;Perfeito estado;Não existe;;60 km/h;Dupla;Canteiro central;;
2020-01-23;11:15:00;SEM ViTIMA;CANCELADA;ILHA DO RETIRO;AV ENGENHEIRO ABDIAS DE CARVALHO;98;;PROX. AO SPORT- SENT. BR;ILHA DO RETIRO;;;COLISÃO;DOIS AUTOS;2;;;;;;;;;0;;;;;;;;;;;;;;
2020-01-23;11:25:00;COM VITIMA;FINALIZADA;CAXANGÁ;AV CAXANGA;1381;;EM FRENTE AO SUPERMERCADO STYLLO- SENT. CIDADE. IGREJA DE SÃO SEBASTIÃO;CAXANGÁ;;CIDADE;COLISÃO;DUAS MOTOS E AUTO GM JOSENILSON FARIAS PONTO FIXO;1;2;;;;;;;;2;;Longo da via;Bom;;Perfeito estado;Seca;Perfeito estado;;;;;;;
2020-01-23;11:33:00;SEM ViTIMA;FINALIZADA;;RUA GASTAO VIDIGAL;679;;EM FRENTE AO Nº 679;;;SUBURBIO;COLISÃO TRASEIRA;DOIS AUTOS;2;;;;;;;;;0;;Longo da via;Bom;Não existe;Perfeito estado;Seca;Perfeito estado;Não existe;Não há placas;;Dupla;Faixa contínua;;
2020-01-23;12:31:00;COM VITIMA;FINALIZADA;PINA;AVENIDA CELSO FURTADO (VIA MANGUE);;;PRAÇA MARCANTONIO VILLAÇA;PINA;;CIDADE;COLISÃO TRASEIRA;COLISAO COM VITIMAS;;1;;;;;;;;1;;Longo da via;Bom;Não existe;Perfeito estado;Seca;Perfeito estado;Não existe;R-19;60 km/h;Dupla;Canteiro central;;
2020-01-23;12:59:00;SEM ViTIMA;CANCELADA;ENCRUZILHADA;AV JOAO DE BARROS;;AV NORTE;NO SEMÁFORO 043;ENCRUZILHADA;;;COLISÃO;COLISÃO SEM ViTIMA;2;;;;;;;;;0;;;;;;;;;;;;;;
2020-01-23;13:21:00;SEM ViTIMA;FINALIZADA;TORRE;RUA ANTONIO DE PADUA M FERNANDES;666;;;TORRE;;;CHOQUE VEÍCULO PARADO;COLISAO SEM VITIMAS;1;;;;;;1;;;0;;Longo da via;Bom;Não existe;Não existente;Seca;Perfeito estado;Não existe;Não há placas;;Dupla;Não existe;;
2020-01-23;14:11:00;SEM ViTIMA;CANCELADA;MACAXEIRA;AV NORTE;;;EM FRENTE AO PARQUE DA MACAXEIRA;MACAXEIRA;;SUBURBIO;COLISÃO;COLISÃO SEM ViTIMA;1;;;;;;1;;;0;;;;;;;;;;;;;;
2020-01-23;14:11:00;COM VITIMA;FINALIZADA;JORDÃO;AV DONA CARENTINA;2;RUA BOANERGES PEREIRA;NA PRAÇA DO JORDÃO;JORDÃO;581;SUBURBIO;COLISÃO TRASEIRA;COLISÃO COM VITIMA;;2;;;;;;;;2;;Longo da via;Bom;Sem defeito;Perfeito estado;Seca;Perfeito estado;Faixa de pedestre;Não há placas;;Dupla;Não existe;;
2020-01-23;14:49:00;SEM ViTIMA;FINALIZADA;ILHA DO RETIRO;RUA SPORT CLUBE DO RECIFE;;;EM FRENTE AO SPORT CLUB DO RECIFE;ILHA DO RETIRO;355;SUBURBIO;ABALROAMENTO LONGITUDINAL;COLISÃO SEM VITIMA;2;;;;;;;;;0;;;Bom;Sem defeito;Ilegível;Seca;Perfeito estado;Agente;Não há placas;40 km/h;Única;Faixa seccionada;;
2020-01-23;15:54:00;COM VITIMA;FINALIZADA;ENCRUZILHADA;AV BEBERIBE;497;;EM FRENTE A GLAUBEMAR MECÂNICA DE AUTOS;ENCRUZILHADA;;CIDADE;COLISÃO;AUTO E MOTOCICLETA;1;1;;;;;;;;1;;Longo da via;Bom;Não existe;Perfeito estado;Seca;Perfeito estado;Não existe;Não há placas;;Dupla;Faixa contínua;;
2020-01-23;16:16:00;SEM ViTIMA;FINALIZADA;JARDIM SÃO PAULO;AV CENTRAL;;;ESTAÇÃO WERNECK;JARDIM SÃO PAULO;;SUBURBIO;ABALROAMENTO LONGITUDINAL;COLISÃO SEM VITIMA;1;;;;;1;;;;0;;Longo da via;Bom;Não existe;Perfeito estado;Seca;Perfeito estado;Não existe;Não há placas;30 km/h;Única;Não existe;;
2020-01-23;16:38:00;SEM ViTIMA;FINALIZADA;BOA VIAGEM;RUA VISCONDE DE JEQUITINHONHA;1656;RUA JOSE MOREIRA LEAL;;BOA VIAGEM;;SUBURBIO;ABALROAMENTO TRANSVERSAL;COLISÃO SEM VITIMA;2;;;;;;;;;0;;;Bom;Não existe;Perfeito estado;Seca;Perfeito estado;Faixa de pedestre;Placas Pare;30 km/h;Única;Faixa seccionada;;
2020-01-23;17:02:00;SEM ViTIMA;FINALIZADA;PINA;AV HERCULANO BANDEIRA;716;;ADVOCACIA GERAL DA UNIÃO;PINA;;SUBURBIO;COLISÃO TRASEIRA;COLISÃO SEM VITIMA;2;;;;;;;;;0;;Longo da via;Bom;Não existe;Perfeito estado;Seca;Perfeito estado;Não existe;Não há placas;;Única;Faixa seccionada;;
2020-01-23;17:42:00;SEM ViTIMA;FINALIZADA;SANTO ANTÔNIO;RUA IMPERADOR PEDRO SEGUNDO;221;;AO LADO DO BANCO SANTANDER;SANTO ANTÔNIO;;CIDADE;ABALROAMENTO LONGITUDINAL;COLISÃO SEM ViTIMA;1;;;;;;1;;;0;;Longo da via;Bom;Não existe;Perfeito estado;Seca;Perfeito estado;Não existe;Não há placas;;Única;Faixa seccionada;;
2020-01-23;18:47:00;SEM ViTIMA;FINALIZADA;BOA VIAGEM;RUA FRANCISCO DA CUNHA;530;RUA DONA BENVINDA DE FARIAS;AO LADO DO EDF. BESSY;BOA VIAGEM;;SUBURBIO;ABALROAMENTO LONGITUDINAL;HRV X TAXI;2;;;;;;;;;0;;Cruzamento;Bom;Não existe;Perfeito estado;Seca;Perfeito estado;Não existe;Placas Pare;;Única;Não existe;;
2020-01-23;19:21:00;SEM ViTIMA;FINALIZADA;IPUTINGA;AV CAXANGA;;;ESTAÇÃO DO BRT ENGENHO POETA;IPUTINGA;228;CIDADE;COLISÃO TRASEIRA;COLISAO SEM VITIMAS;2;;;;;;;;;0;;Longo da via;Bom;Sem defeito;Perfeito estado;Seca;Mal iluminada;Faixa de pedestre;Outras;;Dupla;Canteiro central;;
2020-01-23;19:25:00;SEM ViTIMA;DUPLICIDADE;BOA VIAGEM;RUA DONA BENVINDA DE FARIAS;;RUA FRANCISCO DA CUNHA;NO CRUZAMENTO MESMO;BOA VIAGEM;;;COLISÃO;COLISAO SEM VITIMAS;2;;;;;;;;;0;;;;;;;;;;;;;;
2020-01-23;21:17:00;SEM ViTIMA;FINALIZADA;DERBY;RUA JENER DE SOUZA;;;SEMÁFORO Nº 418;DERBY;418;CIDADE;ABALROAMENTO LONGITUDINAL;COLISAO SEM VITIMAS;1;;;;;;1;;;0;;Longo da via;Bom;Sem defeito;Perfeito estado;Seca;Perfeito estado;Faixa de pedestre;Outras;;Única;Faixa contínua;Faixa seccionada;Canteiro central
2020-01-23;22:11:00;SEM ViTIMA;FINALIZADA;BOA VIAGEM;AV MARECHAL JUAREZ TAVORA;440;;;BOA VIAGEM;;SUBURBIO;COLISÃO TRASEIRA;COLISAO SEM VITIMAS;2;;;;;;;;;0;;Longo da via;Bom;Não existe;Perfeito estado;Seca;Perfeito estado;Não existe;Não há placas;;Única;Faixa seccionada;;
2020-01-23;22:23:00;COM VITIMA;FINALIZADA;ESPINHEIRO;RUA DO ESPINHEIRO;200;RUA SANTO ELIAS;;ESPINHEIRO;;CIDADE;ABALROAMENTO TRANSVERSAL;COLISAO COM VITIMAS;1;1;;;;;;;;1;;Cruzamento;Bom;Não existe;Incompleta;Seca;Perfeito estado;Faixa de pedestre;R-6a;;Única;Faixa contínua;;
2020-01-24;07:55:00;SEM ViTIMA;FINALIZADA;TAMARINEIRA;AV CONS ROSA E SILVA;;RUA CONEGO BARATA;SOB O SEMÁFORO 061 SENTIDO ÚNICO;TAMARINEIRA;61;;COLISÃO TRASEIRA;COLISAO S/ VITIMA. MOTO E VEICULO. GM: ALISON SANTOS PONTO FIXO NO LOCAL;1;1;;;;;;;;0;;Cruzamento;Bom;Sem defeito;Perfeito estado;Seca;Perfeito estado;Agente;Não há placas;60 km/h;Única;Não existe;;
2020-01-24;08:39:00;COM VITIMA;FINALIZADA;IPUTINGA;AV CAXANGA;3217;;E/F A DISNOVE;IPUTINGA;;CIDADE;COLISÃO TRASEIRA;COLISÃO C/VITIMAS ENTRE DUAS MOTOS (V.T 15 NO QTH);;2;;;;;;;;1;;Longo da via;Bom;Não existe;Perfeito estado;Seca;Perfeito estado;Não existe;Outras;;Dupla;Faixa contínua;Faixa seccionada;Canteiro central
2020-01-24;09:25:00;SEM ViTIMA;CANCELADA;CORDEIRO;RUA DELMIRO GOUVEIA;;1SB BARAO DE CAMAQUA;RESTAURANTE ESPETINHO LEGAL// FARMACIA DROGAMARIA;CORDEIRO;422;CEASA;COLISÃO;COLISAO S/ VITIMA. ONIBUS E VEICULO;1;;;;;1;;;;0;;;;;;;;;;;;;;
2020-01-24;10:02:00;SEM ViTIMA;CANCELADA;DERBY;RUA HENRIQUE DIAS;;RUA BARAO DE GOIANA;COLEGIO MILITAR;DERBY;;;COLISÃO;COLISAO S/ VITIMA. ENTRE MOTO E VEICULO;1;1;;;;;;;;0;;;;;;;;;;;;;;
2020-01-24;10:45:00;SEM ViTIMA;FINALIZADA;TORRÕES;RUA ANTONIO CARLOS;74;;ESQUINA DO COLEGIO FANTAINHA DE ABREU;TORRÕES;;SUBURBIO;ABALROAMENTO LONGITUDINAL;CAMINHAO DE LIXO E AUTO PASSEIO;1;;;;;;1;;;0;;Longo da via;Bom;Não existe;Incompleta;Seca;Perfeito estado;Não existe;Não há placas;;Única;Não existe;;
2020-01-24;11:14:00;SEM ViTIMA;FINALIZADA;PINA;AV HERCULANO BANDEIRA;840;RUA MANOEL DE BRITO;AO LADO DA PASSARELA DA AV. HERCULANO BANDEIRA;PINA;;SUBURBIO;COLISÃO FRONTAL;ONIBUS E AUTO;1;;;;;1;;;;0;;Longo da via;Bom;Não existe;Perfeito estado;Seca;Perfeito estado;Agente;Não há placas;60 km/h;Única;Faixa seccionada;;
2020-01-24;11:18:00;SEM ViTIMA;CANCELADA;CORDEIRO;RUA CAMBUCI;163;RUA ELIZEU CAVALCANTE;NA RUA DA LANCHONETE BARNEY BURGUER;CORDEIRO;;;COLISÃO;COLISÃO S/VITIMAS ENTRE DOIS AUTOS;2;;;;;;;;;0;;;;;;;;;;;;;;
2020-01-24;11:19:00;SEM ViTIMA;FINALIZADA;DERBY;RUA HENRIQUE DIAS;;;EM FRENTE AO COLÉGIO DA POLÍCIA MILITAR;DERBY;;CIDADE;ABALROAMENTO LONGITUDINAL;AUTO E MOTO;1;1;;;;;;;;0;;Longo da via;Bom;Não existe;Perfeito estado;Seca;Perfeito estado;Outros;Não há placas;;Única;Faixa seccionada;;
2020-01-24;11:31:00;SEM ViTIMA;FINALIZADA;SANTO AMARO;AV GOVERNADOR AGAMENON MAGALHAES;3158;;;SANTO AMARO;;;ABALROAMENTO LONGITUDINAL;COLISÃO S/VITIMAS ENTRE UM AUTO E CAMINHÃO;1;;;;;;1;;;0;;Longo da via;Bom;Não existe;Perfeito estado;Seca;Perfeito estado;Não existe;R-6a;;Dupla;Canteiro central;;
2020-01-24;11:56:00;SEM ViTIMA;FINALIZADA;GRAÇAS;AV GOVERNADOR AGAMENON MAGALHAES;1114;RUA DR BANDEIRA FILHO;;GRAÇAS;173;;COLISÃO TRASEIRA;COLISÃO SEM VITIMA;2;;;;;;;;;0;;Cruzamento;Bom;Sem defeito;Perfeito estado;Seca;Perfeito estado;Faixa de pedestre;Outras;60 km/h;Dupla;Faixa contínua;Faixa seccionada;Canteiro central
2020-01-24;12:47:00;SEM ViTIMA;FINALIZADA;CASA AMARELA;AV PROFESSOR JOSE DOS ANJOS;;AV NORTE;;CASA AMARELA;364;SUBURBIO;ABALROAMENTO LONGITUDINAL;COLISAO S/ VITIMA. CARRETA E VEICULO. VT: 21 NO LOCAL GM: JULIO SANTOS;1;;;;;;1;;;0;;Cruzamento;Bom;Sem defeito;Perfeito estado;Seca;Perfeito estado;Faixa de pedestre;Outras;;Única;Faixa seccionada;;
2020-01-24;13:21:00;COM VITIMA;FINALIZADA;AFOGADOS;RUA SAO MIGUEL;1541;RUA JOVELINO SELVA;E/F A ARMAZEM CORAL;AFOGADOS;;SUBURBIO;COLISÃO TRASEIRA;CAMINHÃO X MOTO COM VITIMA;;1;;;;;1;;;1;;Longo da via;Bom;Não existe;Perfeito estado;Seca;Perfeito estado;Não existe;R-6a;;Dupla;Faixa contínua;;
2020-01-24;13:44:00;SEM ViTIMA;FINALIZADA;BAIRRO DO RECIFE;RUA MADRE DEUS;27;RUA PROFESSOR ALOISIO MAGALHAES;PONTE GIRATÓRIA;BAIRRO DO RECIFE;477;SUBURBIO;COLISÃO TRASEIRA;TRÊS AUTOS S/V;1;;;;;;;;1;0;;Longo da via;Bom;Sem defeito;Perfeito estado;Seca;Perfeito estado;Faixa de retenção;;;Única;Blocos;;
2020-01-24;13:52:00;COM VITIMA;FINALIZADA;ROSARINHO;AV NORTE;3476;;PRÓX A PADARIA ROSARINHO;ROSARINHO;456;SUBURBIO;COLISÃO COM CICLISTA;COLISAO COM CICLISTA COM VITIMA;1;;;1;;;;;;1;;Longo da via;Bom;Sem defeito;Perfeito estado;Seca;Perfeito estado;Faixa de pedestre;Outras;;Dupla;Canteiro central;;
2020-01-24;14:13:00;SEM ViTIMA;FINALIZADA;IBURA;AV RECIFE;3672;;MAXI RATIFICA;IBURA;;CIDADE;COLISÃO TRASEIRA;COLISÃO SEM VITIMA;2;;;;;;;;;0;;Longo da via;Bom;Não existe;Perfeito estado;Seca;Perfeito estado;Não existe;R-6a;;Dupla;Canteiro central;;
2020-01-24;14:32:00;SEM ViTIMA;FINALIZADA;IPSEP;RUA ADERBAL DE MELO;301;RUA PROFESSOR JOSE VICENTE;;IPSEP;;CIDADE;ABALROAMENTO LONGITUDINAL;COLISÃO SEM VITIMA;2;;;;;;;;;0;;Cruzamento;Bom;Não existe;Não existente;Seca;Perfeito estado;Não existe;Não há placas;;Dupla;Não existe;;
2020-01-24;14:45:00;SEM ViTIMA;FINALIZADA;DERBY;RUA DR SEVERINO PINHEIRO;;AV GOVERNADOR AGAMENON MAGALHAES;EM FRENTE AO SEMÁFORO 075;DERBY;;CIDADE;ABALROAMENTO LONGITUDINAL;COLISAO S/ VITIMA. ENTRE ONIBUS E VEICULO. GM: CELIO LUIZ PONTO FIXO NO LOCAL;1;;;;;1;;;;0;;Longo da via;Bom;Sem defeito;Perfeito estado;Seca;Perfeito estado;Faixa de pedestre;Não há placas;60 km/h;Dupla;Canteiro central;;
2020-01-24;15:21:00;SEM ViTIMA;FINALIZADA;BOA VIAGEM;RUA VISCONDE DE JEQUITINHONHA;1418;;E/F AO EDF CARA VELAS;BOA VIAGEM;;;COLISÃO;COLISAO SEM VITIMAS;2;;;;;;;;;0;;;;;;;;;;;;;;
2020-01-24;15:31:00;SEM ViTIMA;FINALIZADA;PARNAMIRIM;AV PARNAMIRIM;95;;EM FRENTE AO HOSPITAL MARIA LUCINDA;PARNAMIRIM;460;CIDADE;ABALROAMENTO LONGITUDINAL;COLISAO SEM VITIMAS;;1;;;;1;;;;0;;Longo da via;Chuvoso;Sem defeito;Perfeito estado;Molhada;Perfeito estado;Faixa de pedestre;Não há placas;;Única;Faixa contínua;;
2020-01-24;15:32:00;COM VITIMA;FINALIZADA;CORDEIRO;AV CAXANGA;;RUA ANTERO MOTA;PROX AO PARQUE DE EXPOSIÇÃO DE ANIMAIS. EM FRENTE AO BANCO DO BRASIL;CORDEIRO;;SUBURBIO;TOMBAMENTO;VT-17 (INSP ANTONIO) PRESENCIOU QUEDA DO MOTOCICLISTA;;1;;;;;;;;1;;Longo da via;Chuvoso;Sem defeito;Perfeito estado;Seca;Perfeito estado;Faixa de pedestre;R-6a;;Dupla;Canteiro central;;
2020-01-24;15:49:00;SEM ViTIMA;FINALIZADA;BAIRRO DO RECIFE;CAIS DO APOLO;;;EM FRENTE AO SEMÁFORO Nº 019;BAIRRO DO RECIFE;19;SUBURBIO;COLISÃO TRASEIRA;ENTRE ONIBUS X AUTO PASSEIO S/V;1;;;;;1;;;;0;;Longo da via;Bom;Sem defeito;Perfeito estado;Seca;Perfeito estado;Faixa de pedestre;Outras;;Dupla;Canteiro central;;
2020-01-24;15:52:00;SEM ViTIMA;FINALIZADA;AFLITOS;RUA DAS CREOULAS;;AV RUI BARBOSA;;AFLITOS;102;CIDADE;ABALROAMENTO LONGITUDINAL;ENTRE DOIS AUTOS S/V;2;;;;;;;;;0;;Cruzamento;Bom;Sem defeito;Perfeito estado;Seca;Perfeito estado;Faixa de pedestre;;;Única;;;
2020-01-24;16:09:00;SEM ViTIMA;CANCELADA;CORDEIRO;RUA ODETE MONTEIRO;;;PROX. DO COLEGIO JACI RIBEIRO;CORDEIRO;;;COLISÃO;COLISÃO SEM VITIMA;2;;;;;;;;;0;;;;;;;;;;;;;;
2020-01-24;16:10:00;SEM ViTIMA;FINALIZADA;TAMARINEIRA;AV NORTE;;RUA CONEGO BARATA;;TAMARINEIRA;62;CIDADE;COLISÃO TRASEIRA;ENTRE DOIS AUTOS S/V;2;;;;;;;;;0;;;Chuvoso;Sem defeito;Perfeito estado;Seca;Perfeito estado;Faixa de pedestre;R-6a;;Dupla;Faixa contínua;Faixa seccionada;Canteiro central
2020-01-24;16:32:00;COM VITIMA;FINALIZADA;TAMARINEIRA;RUA PADRE ROMA;;EST DO ARRAIAL;LADO OPOSTO A HI ACADEMIA;TAMARINEIRA;61;;COLISÃO COM CICLISTA;AUTO PASSEIO X CICLISTA;1;;;1;;;;;;1;;Cruzamento;Bom;Sem defeito;Perfeito estado;Seca;Perfeito estado;Faixa de pedestre;Outras;;Única;Faixa seccionada;;
2020-01-24;16:48:00;SEM ViTIMA;FINALIZADA;MADALENA;RUA BENFICA;1015;;EM FRENTE A AUTO PNEUS;MADALENA;;CIDADE;ABALROAMENTO LONGITUDINAL;COLISÃO SEM VITIMA;2;;;;;;;;;0;;Longo da via;Bom;Não existe;Perfeito estado;Seca;Perfeito estado;Não existe;Outras;;Única;Faixa seccionada;;
2020-01-24;16:49:00;SEM ViTIMA;FINALIZADA;IBURA;AV DOIS RIOS;;LAD DA COHAB;;IBURA;;CIDADE;ABALROAMENTO LONGITUDINAL;COLISAO S/ VITIMA. ONIBUS E MOTO;;1;;;;1;;;;0;;Cruzamento;Bom;Não existe;Perfeito estado;Seca;Perfeito estado;Não existe;Placas Pare;;;;;
2020-01-24;18:09:00;COM VITIMA;FINALIZADA;BOA VIAGEM;RUA BALTAZAR PASSOS;53;RUA SETUBAL;E/F AO EDF COSTA DOS NAVEGANTES;BOA VIAGEM;;;ABALROAMENTO LONGITUDINAL;ENTRE AUTO E MOTO. C/V;1;1;;;;;;;;1;;Longo da via;Bom;Não existe;Perfeito estado;Seca;Perfeito estado;Não existe;Outras;;Única;Faixa seccionada;;
2020-01-24;18:05:00;SEM ViTIMA;FINALIZADA;IBURA;RUA MARECHAL TAUMATURGO;23;;ESCOLA FUTURO CIDADÃO;IBURA;;SUBURBIO;CHOQUE VEÍCULO PARADO;COLISAO COM VITIMAS;2;;;;;;;;;0;;Longo da via;Bom;Não existe;Perfeito estado;Seca;Perfeito estado;Não existe;Não há placas;;Dupla;Não existe;;
2020-01-24;19:01:00;SEM ViTIMA;CANCELADA;CORDEIRO;RUA GOMES TABORDA;1742;RUA FRANCISCO VITA;E/F A GALERIA NORONHA CENTER;CORDEIRO;;;COLISÃO;COLISAO SEM VITIMAS;3;;;;;;;;;0;;;;;;;;;;;;;;
2020-01-24;19:20:00;SEM ViTIMA;FINALIZADA;BOA VISTA;AV CONDE DA BOA VISTA;1274;;;BOA VISTA;;;ABALROAMENTO LONGITUDINAL;COLISAO SEM VITIMAS;1;;;;;1;;;;0;;Longo da via;Bom;Não existe;Perfeito estado;Seca;Perfeito estado;Outros;Outras;;Dupla;Canteiro central;;
2020-01-24;19:44:00;SEM ViTIMA;FINALIZADA;BOA VIAGEM;RUA VISCONDE DE JEQUITINHONHA;350;;SHOPPING RECIFE;BOA VIAGEM;;CIDADE;ABALROAMENTO LONGITUDINAL;ENTRE 2 AUTOS. S/V;2;;;;;;;;;0;;Longo da via;Bom;Não existe;Perfeito estado;Seca;Perfeito estado;Faixa de pedestre;Não há placas;40 km/h;Única;Não existe;;
2020-01-24;19:55:00;COM VITIMA;FINALIZADA;SÃO JOSÉ;CAIS DA DETENCAO;;;POR TRÁS DA CASA DA CULTURA;SÃO JOSÉ;;CIDADE;ATROPELAMENTO;ATROPELAMENTO ENTRE AUTO E PEDESTRE. O CONDUTOR SE EVADIU DO LOCAL. VÍTIMA SE ENCONTRA NA VIA- AGUARDANDO A PRESENÇA DO SAMU;1;;;;1;;;;;1;;Longo da via;Bom;Não existe;Perfeito estado;Seca;Perfeito estado;;R-6a;40 km/h;Única;;;
2020-01-24;21:14:00;COM VITIMA;FINALIZADA;CASA FORTE;AV DEZESSETE DE AGOSTO;251;RUA PIAUI;SEMÁFORO 251/ PRÓX AO MUSEU DO HOMEM DO NORDESTE E COLÉGIO MONTEIRO;CASA FORTE;251;CIDADE;ABALROAMENTO TRANSVERSAL;ENTRE MOTO E AUTO. C/V;1;1;;;;;;;;1;;Outros;Bom;Sem defeito;Incompleta;Seca;Perfeito estado;Faixa de pedestre;Não há placas;;Dupla;Faixa contínua;;
2020-01-24;21:15:00;SEM ViTIMA;FINALIZADA;AFOGADOS;RUA PADRE TEOFILO TWORZ;;RUA COSME VIANA;;AFOGADOS;503;SUBURBIO;ABALROAMENTO LONGITUDINAL;COLISAO SEM VITIMAS;2;;;;;;;;;0;;Cruzamento;Bom;Sem defeito;Perfeito estado;Seca;Perfeito estado;Faixa de pedestre;Outras;;Única;Faixa seccionada;;
2020-01-24;22:04:00;SEM ViTIMA;FINALIZADA;SÃO JOSÉ;RUA N S DO CARMO;660;;EM FRENTE AO EDIFÍCIO INCONFIDÊNCIA;SÃO JOSÉ;203;CIDADE;ABALROAMENTO LONGITUDINAL;COLISAO SEM VITIMAS;2;;;;;;;;;0;;Longo da via;Bom;Sem defeito;Perfeito estado;Seca;Perfeito estado;Faixa de retenção;Não há placas;;Dupla;Faixa contínua;;
2020-01-25;03:47:00;COM VITIMA;FINALIZADA;IMBIRIBEIRA;AV PRESIDENTE DUTRA;;;ANTES DA BIFURCAÇÃO- SENTIDO AEROPORTO E APÓS O RESTAURANTE SAL E BRASA;IMBIRIBEIRA;;SUBURBIO;COLISÃO COM CICLISTA;COLISÃO ENTRE AUTO E BICICLETA- C/V;1;;;1;;;;;;1;;Longo da via;Bom;Não existe;Perfeito estado;Seca;Perfeito estado;Outros;Outras;;Dupla;Faixa seccionada;Faixa contínua;
2020-01-25;07:26:00;COM VITIMA;FINALIZADA;ÁGUA FRIA;AV BEBERIBE;1919;;EM FRENTE AO MERCADO DE AGUA FRIA. MAGAZINE LUIZA.;ÁGUA FRIA;;SUBURBIO;COLISÃO COM CICLISTA;ONIBUS E CICLISTA;;;;1;;1;;;;1;;Longo da via;Bom;Não existe;Perfeito estado;Seca;Perfeito estado;Não existe;Outras;;Dupla;Faixa contínua;;
2020-01-25;08:11:00;SEM ViTIMA;FINALIZADA;BOA VIAGEM;RUA JOAO CARDOSO AIRES;705;;EM FRENTE AO COLÉGIO MADRE DE DEUS;BOA VIAGEM;478;SUBURBIO;COLISÃO TRASEIRA;COLISÃO S/VITIMAS ENTRE DOIS AUTOS (V.T 18 NO QTH);2;;;;;;;;;0;;Longo da via;Bom;Sem defeito;Perfeito estado;Seca;Perfeito estado;Faixa de pedestre;R-6a;;Única;Faixa seccionada;;
2020-01-25;08:46:00;SEM ViTIMA;FINALIZADA;PINA;PTE GOVERNADOR PAULO GUERRA;;;SOBRE A PONTE PISTA DE ACESSO AO SHOPPING RIO MAR;PINA;;SUBURBIO;COLISÃO COM CICLISTA;;1;;;1;;;;;;0;;Longo da via;Bom;Não existe;Perfeito estado;Seca;Perfeito estado;Outros;Outras;60 km/h;Única;Faixa seccionada;;
2020-01-25;09:16:00;COM VITIMA;FINALIZADA;AFOGADOS;RUA SAO MIGUEL;110;RUA PEDRO CABRAL DE OLIVEIRA;CARTORIO DE AFOGADOS. FACULDADE FAREC / IPESU.;AFOGADOS;300;CIDADE;ABALROAMENTO LONGITUDINAL;COLISAO COM VITIMA. ENTRE ONIBUS E MOTO. GM: GERLANE VT: 20 ISP: SILVAN GCM: FELIPE BARRETO NO LOCAL;;1;;;;1;;;;1;;Longo da via;Bom;Sem defeito;Perfeito estado;Seca;Perfeito estado;Agente;R-6a;;Única;;;
2020-01-25;10:42:00;SEM ViTIMA;FINALIZADA;BOA VISTA;RUA PRINCESA IZABEL;;RUA DO HOSPICIO;;BOA VISTA;31;CIDADE;ABALROAMENTO LONGITUDINAL;COLISÃO S/VITIMAS ENTRE UMA MOTO E UM AUTO (V.T 24 NO QTH);1;1;;;;;;;;0;;Cruzamento;Nublado;Sem defeito;Perfeito estado;Seca;Perfeito estado;Não existe;R-6a;;Única;Faixa seccionada;;