data;hora;natureza_acidente;situacao;bairro;endereco;numero;detalhe_endereco_acidente;complemento;bairro_cruzamento;num_semaforo;sentido_via;tipo;descricao;auto;moto;ciclom;ciclista;pedestre;onibus;caminhao;viatura;outros;vitimas;vitimasfatais;acidente_verificado;tempo_clima;situacao_semaforo;sinalizacao;condicao_via;conservacao_via;ponto_controle;situacao_placa;velocidade_max_via;mao_direcao;divisao_via1;divisao_via2;divisao_via3
2020-02-01;08:10:00;SEM ViTIMA;CANCELADA;IPSEP;AV RECIFE;2775;;E/F A LOJA IBEX (SENT. BR101);IPSEP;;;COLISÃO;COLISÃO S/VITIMAS ENTRE UM ONIBUS E UM AUTO;1;;;;;1;;;;0;;;;;;;;;;;;;;
2020-02-01;08:45:00;SEM ViTIMA;FINALIZADA;IMBIRIBEIRA;RUA ITACARI;;RUA ITAJAI;ESQUINA COM A YNOVE;IMBIRIBEIRA;;CIDADE;ABALROAMENTO TRANSVERSAL;COLISÃO S/VITIMAS ENTRE DOIS AUTOS;2;;;;;;;;;0;;Cruzamento;Chuvoso;Não existe;Perfeito estado;Molhada;Perfeito estado;Faixa de pedestre;Placas Pare;;Única;Faixa contínua;;
2020-02-01;09:20:00;SEM ViTIMA;FINALIZADA;SÃO JOSÉ;C SANTA RITA;;;AO LADO DO GRANDE RECIFE;SÃO JOSÉ;;SUBURBIO;CHOQUE OBJETO FIXO;AUTO CHOCOU-SE COM MURETA;1;;;;;;;;;0;;Longo da via;Chuvoso;Não existe;Perfeito estado;Molhada;Perfeito estado;Não existe;Não há placas;;Dupla;Canteiro central;;
2020-02-01;09:21:00;SEM ViTIMA;FINALIZADA;DERBY;PRC DO DERBY;;;EM FRENTE AO MEMORIAL DA MEDICINA DE PERNAMBUCO;DERBY;418;CIDADE;ABALROAMENTO LONGITUDINAL;DOIS AUTOS;2;;;;;;;;;0;;Longo da via;Chuvoso;Sem defeito;Perfeito estado;Molhada;Perfeito estado;Faixa de pedestre;Outras;40 km/h;Única;Não existe;;
2020-02-01;09:38:00;SEM ViTIMA;FINALIZADA;SAN MARTIN;RUA VINTE E UM DE ABRIL;31;;EM FRENTE AO DEPÓSITO DE BEBIDAS JÔ;SAN MARTIN;;SUBURBIO;CHOQUE VEÍCULO PARADO;CHOQUE EM VEICULO ESTACIONADO;2;;;;;;;;;0;;Longo da via;Bom;Não existe;Incompleta;Seca;Mal conservada;Não existe;Não há placas;;Dupla;Não existe;;
2020-02-01;10:15:00;SEM ViTIMA;FINALIZADA;ENGENHO DO MEIO;RUA SALVADOR VITAL;231;;;ENGENHO DO MEIO;;;CHOQUE VEÍCULO PARADO;CHOQUE COM MURO;2;;;;;;;;;0;;Longo da via;Bom;Não existe;;Seca;Perfeito estado;Não existe;Não há placas;;Dupla;;;
2020-02-01;10:30:00;COM VITIMA;FINALIZADA;ÁGUA FRIA;EST VELHA DE AGUA FRIA;1755;;E/F A KI DELICIA E BR BOMBONIERE;ÁGUA FRIA;;CIDADE;COLISÃO TRASEIRA;COLICÃO C/VITIMA ENTRE UMA MOTO E UM AUTO (EVADIU-SE DO LOCAL)//(V.T 06 NO QTH);1;1;;;;;;;;1;;Longo da via;Bom;Não existe;Perfeito estado;Seca;Perfeito estado;Não existe;Não há placas;40 km/h;Única;Faixa seccionada;;
2020-02-01;10:57:00;SEM ViTIMA;CANCELADA;MADALENA;RUA JOSE OSORIO;865;;EM FRENTE A AUTO CAR RECIFE;MADALENA;;;COLISÃO;DUAS MOTOS;;2;;;;;;;;0;;;;;;;;;;;;;;
2020-02-01;12:35:00;COM VITIMA;FINALIZADA;SÃO JOSÉ;RUA IMPERIAL;1194;;E/F PANIFICADORA PÃO PÃO;SÃO JOSÉ;;SUBURBIO;COLISÃO TRASEIRA;COLISAO COM VITIMAS;1;1;;;;;;;;2;;Longo da via;Bom;Não existe;Perfeito estado;Seca;Perfeito estado;Não existe;Outras;60 km/h;Única;Faixa seccionada;;
2020-02-01;12:56:00;SEM ViTIMA;FINALIZADA;CASA AMARELA;RUA PADRE LEMOS;319;;EM FRENTE A CAIXA ECONÔMICA FEDERAL;CASA AMARELA;;SUBURBIO;ABALROAMENTO LONGITUDINAL;COLISÃO SEM ViTIMA;2;;;;;;;;;0;;Longo da via;Bom;Não existe;Perfeito estado;Seca;Mal conservada;Não existe;R-6a;;Dupla;Não existe;;
2020-02-01;13:49:00;SEM ViTIMA;FINALIZADA;IMBIRIBEIRA;AV MARECHAL MASCARENHAS DE MORAES;;;SOB O SEMÁFORO 218;IMBIRIBEIRA;218;SUBURBIO;COLISÃO TRASEIRA;COLISAO SEM VITIMAS;1;1;;;;;;;;0;;Longo da via;Bom;Com defeito;Perfeito estado;Seca;Perfeito estado;Faixa de pedestre;Outras;60 km/h;Dupla;Canteiro central;;
2020-02-01;16:50:00;SEM ViTIMA;FINALIZADA;CURADO;AV PREFEITO ANTONIO PEREIRA;;RUA MINISTRO MARIO ANDREAZZA;;CURADO;;;ABALROAMENTO TRANSVERSAL;COLISÃO SEM ViTIMA;1;1;;;;;;;;0;;;Bom;Não existe;Não existente;Seca;Perfeito estado;Não existe;Não há placas;;Única;Não existe;;
2020-02-01;17:51:00;COM VITIMA;FINALIZADA;BOA VIAGEM;RUA COSMORAMA;;AV ARMINDO MOURA;AO LADO DA VILA MILITAR DA AERONAUTICA/ PROX AO COMAR;BOA VIAGEM;441;SUBURBIO;COLISÃO COM CICLISTA;AUTO E BICICLETA.;1;;;1;;;;;;1;;Cruzamento;Bom;Sem defeito;Perfeito estado;Seca;Perfeito estado;Faixa de pedestre;;;;;;
2020-02-01;18:53:00;SEM ViTIMA;FINALIZADA;BAIRRO DO RECIFE;AV ALFREDO LISBOA;;;POSTO BR;BAIRRO DO RECIFE;;SUBURBIO;ABALROAMENTO LONGITUDINAL;CAMINHÃO X AUTO PASSEIO S/V;1;;;;;;1;;;0;;Longo da via;Bom;Não existe;Perfeito estado;Seca;Perfeito estado;Não existe;Não há placas;30 km/h;Única;Faixa contínua;;
2020-02-01;22:15:00;COM VITIMA;FINALIZADA;BOA VIAGEM;AV ENGENHEIRO DOMINGOS FERREIRA;844;;EMPRESARIAL DOMIGOS FERREIRAS;BOA VIAGEM;;SUBURBIO;ATROPELAMENTO;MOTO X PEDESTRE;;1;;;1;;;;;2;;Longo da via;Bom;Não existe;Perfeito estado;Seca;Perfeito estado;Não existe;Não há placas;;Única;Canteiro central;;
2020-02-01;22:27:00;SEM ViTIMA;FINALIZADA;BREJO DA GUABIRABA;RUA Z;8;;ECO POSTOS;BREJO DA GUABIRABA;;SUBURBIO;ABALROAMENTO LONGITUDINAL;ENTRE AUTO PASSEIO X CAMINHÃO;1;;;;;;1;;;0;;Longo da via;Bom;Não existe;Não existente;Seca;Mal conservada;Não existe;Não há placas;;Dupla;Não existe;;
2020-02-01;22:48:00;COM VITIMA;FINALIZADA;CAJUEIRO;AV BEBERIBE;3331;;ENF ACADEMIA DA CIDADE;CAJUEIRO;388;SUBURBIO;ABALROAMENTO TRANSVERSAL;DUAS MOTOS;;2;;;;;;;;1;;Cruzamento;Bom;Sem defeito;Perfeito estado;Seca;Perfeito estado;Faixa de pedestre;Não há placas;;Dupla;Canteiro central;;
2020-02-01;23:47:00;COM VITIMA;FINALIZADA;MADALENA;RUA REAL DA TORRE;361;RUA MANUEL BEZERRA;PROX AO TUNEL DA ABOLIÇAO;MADALENA;237;;COLISÃO;MOTO X FOX BRANCO;1;1;;;;;;;;1;;;;;;;;;;;;;;
2020-02-02;00:20:00;SEM ViTIMA;FINALIZADA;BOA VIAGEM;RUA DOS NAVEGANTES;;RUA ERNESTO DE PAULA SANTOS;;BOA VIAGEM;;SUBURBIO;ABALROAMENTO TRANSVERSAL;COLISÃO ENTRE DOIS AUTOS- S/V;2;;;;;;;;;0;;Cruzamento;Bom;Não existe;Perfeito estado;Seca;Perfeito estado;Não existe;Placas Pare;;Única;Faixa seccionada;;
2020-02-02;07:53:00;COM VITIMA;FINALIZADA;CAXANGÁ;AV JOAQUIM RIBEIRO;740;;AGUA MINERAL CAXANGA;CAXANGÁ;;SUBURBIO;COLISÃO COM CICLISTA;COLISAO COM VITIMA. VEICULO E CICLISTA;1;;;1;;;;;;1;;Longo da via;Chuvoso;Não existe;Perfeito estado;Seca;Perfeito estado;Não existe;Não há placas;;Dupla;Canteiro central;;
2020-02-02;08:32:00;SEM ViTIMA;FINALIZADA;MACAXEIRA;AV NORTE;7051;;POSTO SOLAR;MACAXEIRA;;CIDADE;COLISÃO TRASEIRA;SEM VITIMAS;2;;;;;;;;;0;;Longo da via;Bom;Sem defeito;Perfeito estado;Seca;Perfeito estado;Outros;Outras;60 km/h;Única;Faixa seccionada;;
2020-02-02;09:07:00;COM VITIMA;FINALIZADA;PINA;VIADUTO CAPITAO TEMUDO;;;EM CIMA DO VIATUDO/ SENTIDO BOA VIAGEM;PINA;;SUBURBIO;ABALROAMENTO LONGITUDINAL;COLISÃO COM VITIMA;1;1;;;;;;;;2;;Longo da via;Bom;Não existe;Não existente;Seca;Perfeito estado;Não existe;Não há placas;60 km/h;Dupla;Canteiro central;;
2020-02-02;10:06:00;COM VITIMA;FINALIZADA;ESTÂNCIA;AV DR JOSE RUFINO;;;APOS O COLEGIO VISAO EM FRENTE A PADARIA SITIENCE;ESTÂNCIA;;SUBURBIO;ATROPELAMENTO;ATROPELAMENTO ENTRE ONIBUS E PEDESTRE;;;;;1;1;;;;1;;Longo da via;Bom;Não existe;Perfeito estado;Seca;Perfeito estado;Não existe;R-6a;60 km/h;Dupla;Faixa contínua;;
2020-02-02;13:04:00;SEM ViTIMA;FINALIZADA;ALTO SANTA TERESINHA;AV ANIBAL BENEVOLO;700;;;ALTO SANTA TERESINHA;;SUBURBIO;ABALROAMENTO LONGITUDINAL;COLISÃO SEM VITIMA;1;;;;;1;;;;0;;Longo da via;Bom;Não existe;Incompleta;Seca;Mal conservada;Não existe;R-6c;;Dupla;Faixa contínua;;
2020-02-02;13:06:00;SEM ViTIMA;FINALIZADA;AFOGADOS;RUA SAO MIGUEL;116;RUA PEDRO CABRAL DE OLIVEIRA;OPOSTO AO CARTORIO DE AFOGADOS;AFOGADOS;;CIDADE;ABALROAMENTO TRANSVERSAL;COLISÃO SEM VITIMA;1;;;;;1;;;;0;;Longo da via;Bom;Não existe;Perfeito estado;Seca;Perfeito estado;Agente;R-3;40 km/h;Dupla;Faixa seccionada;;
2020-02-02;13:38:00;COM VITIMA;FINALIZADA;TAMARINEIRA;RUA CONEGO BARATA;858;;PROX. DO DENOX E O FITEIRO SÃO JOSÉ. DNOCS.;TAMARINEIRA;;AV NORTE;COLISÃO COM CICLISTA;AUTO PASSEIO E CICLISTA;1;;;1;;;;;;1;;Longo da via;Bom;Não existe;Perfeito estado;Seca;Perfeito estado;Não existe;Não há placas;40 km/h;Dupla;Faixa contínua;;
2020-02-02;14:03:00;SEM ViTIMA;FINALIZADA;IBURA;AV SANTA FE;541;AV ANGRA DOS REIS;ESCOLA PADRE LEBRET;IBURA;;SUBURBIO;CHOQUE OBJETO FIXO;VIATURA DA PM CHOCOU-SE COM PORTÃO DE RESIDENCIA/ SEM ViTIMA;1;;;;;;;;;0;;Longo da via;Bom;Não existe;Perfeito estado;Seca;Perfeito estado;Não existe;Não há placas;;Dupla;Faixa seccionada;;
2020-02-02;14:43:00;SEM ViTIMA;FINALIZADA;SAN MARTIN;RUA COMENDADOR FRANCO FERREIRA;105;RUA DUARTE FILHO;;SAN MARTIN;;CIDADE;CHOQUE OBJETO FIXO;COLISÃO SEM VITIMA;2;;;;;;;;;0;;Cruzamento;Bom;Não existe;Incompleta;Seca;Perfeito estado;Não existe;Placas Pare;30 km/h;Dupla;Não existe;;
2020-02-02;15:03:00;SEM ViTIMA;FINALIZADA;PRADO;RUA JOAO IVO DA SILVA;;RUA PADRE TEOFILO TWORZ;TUPAN - AFOGADOS;PRADO;503;SUBURBIO;ABALROAMENTO TRANSVERSAL;SEM VITIMAS;2;;;;;;;;;0;;Longo da via;Bom;Sem defeito;Perfeito estado;Seca;Perfeito estado;Faixa de pedestre;Outras;;Única;Faixa seccionada;;
2020-02-02;16:00:00;SEM ViTIMA;FINALIZADA;BARRO;AV DR JOSE RUFINO;2116;;SOB O SEMÁFORO;BARRO;213;SUBURBIO;COLISÃO TRASEIRA;COLISÃO SEM ViTIMA;2;;;;;;;;;0;;Longo da via;Bom;Sem defeito;Perfeito estado;Seca;Perfeito estado;Faixa de pedestre;Outras;40 km/h;Dupla;Faixa seccionada;;
2020-02-02;19:46:00;SEM ViTIMA;FINALIZADA;ESPINHEIRO;RUA DO ESPINHEIRO;533;;APÓS O POSTO DE GASOLINA IPIRANGA;ESPINHEIRO;;SUBURBIO;COLISÃO TRASEIRA;;2;;;;;;;;;0;;Longo da via;Bom;Não existe;Perfeito estado;Seca;Perfeito estado;Não existe;Não há placas;;Única;Faixa seccionada;;
2020-02-03;06:54:00;SEM ViTIMA;FINALIZADA;;RUA JOAO FERNANDES VIEIRA;;;EM FRENTE A DROGARIA SÃO PAULO;;;CIDADE;COLISÃO TRASEIRA;COLISÃO ENTRE DOIS AUTOS SEM ViTIMAS;2;;;;;;;;;0;;Longo da via;Bom;Não existe;Não existente;Seca;Perfeito estado;Não existe;Não há placas;;Única;Não existe;;
2020-02-03;07:51:00;SEM ViTIMA;CANCELADA;GRAÇAS;AV GOVERNADOR AGAMENON MAGALHAES;;;McDONALD'S;GRAÇAS;;OLINDA;COLISÃO;COLISÃO SEM VITIMA;0;;;;;;;;;0;;;;;;;;;;;;;;
2020-02-03;08:41:00;SEM ViTIMA;FINALIZADA;MADALENA;AV JOSE GONCALVES DE MEDEIROS;;;SAÍDA DO ESTACIONAMENTO DO MERCADO EXTRA;MADALENA;;CIDADE;ABALROAMENTO LONGITUDINAL;COLISÃO SEM ViTIMAS ENTRE 2 AUTOS;2;;;;;;;;;0;;Longo da via;Bom;Não existe;Perfeito estado;Seca;Perfeito estado;Não existe;Não há placas;;Dupla;Faixa contínua;;
2020-02-03;08:46:00;SEM ViTIMA;CANCELADA;TORRE;RUA CONDE DE IRAJA;;;COM A BEIRA RIO;TORRE;;;COLISÃO;COLISÃO SEM ViTIMAS ENTRE 2 AUTOS;2;;;;;;;;;0;;;;;;;;;;;;;;
2020-02-03;09:04:00;SEM ViTIMA;CANCELADA;BOA VISTA;RUA JOAO FERNANDES VIEIRA;;;EM FRENTE AO HOSPITAL DE FRATURAS;BOA VISTA;;;COLISÃO;COLISÃO SEM ViTIMAS ENTRE 2 AUTOS;2;;;;;;;;;0;;;;;;;;;;;;;;
2020-02-03;10:43:00;SEM ViTIMA;FINALIZADA;ENCRUZILHADA;RUA QUARENTA E OITO;1000;;EM FRENTE AO EDF MUNIQUE;ENCRUZILHADA;;CIDADE;ABALROAMENTO LONGITUDINAL;COLISÃO SEM VITIMA;2;;;;;;;;;0;;Longo da via;Bom;Não existe;Perfeito estado;Seca;Perfeito estado;Não existe;R-6a;;Única;Faixa seccionada;;
2020-02-03;12:57:00;SEM ViTIMA;FINALIZADA;ILHA DO RETIRO;AV ENGENHEIRO ABDIAS DE CARVALHO;;EST DOS REMEDIOS;EM FRENTE AO BOB'S;ILHA DO RETIRO;52;;COLISÃO TRASEIRA;DOIS AUTOS SEM ViTIMAS;2;;;;;;;;;0;;Longo da via;Bom;Sem defeito;Perfeito estado;Seca;Perfeito estado;Agente;;60 km/h;Dupla;Canteiro central;;
2020-02-03;13:19:00;SEM ViTIMA;CANCELADA;AFOGADOS;RUA VISCONDE DE PELOTAS;25;;PROXIMO A NANDO MOTOS;AFOGADOS;;;COLISÃO;COLISÃO SEM VITIMA;2;;;;;;;;;0;;;;;;;;;;;;;;
2020-02-03;13:21:00;SEM ViTIMA;FINALIZADA;CORDEIRO;AV CAXANGA;1417;;;CORDEIRO;;SUB/CID;COLISÃO TRASEIRA;ENGAVETAMENTO;4;;;;;;;;;0;;Longo da via;Bom;;Perfeito estado;Seca;Perfeito estado;Não existe;Não há placas;;Dupla;Canteiro central;;
2020-02-03;15:12:00;SEM ViTIMA;FINALIZADA;ILHA DO RETIRO;RUA SPORT CLUBE DO RECIFE;;RUA PROFESSOR BENEDITO MONTEIRO;EM FRENTE AO SPORT CLUB DO RECIFE;ILHA DO RETIRO;481;;ABALROAMENTO LONGITUDINAL;COLISÃI SEM VITIMA;2;;;;;;;;;0;;Cruzamento;Bom;Sem defeito;Perfeito estado;Seca;Perfeito estado;Não existe;R-6a;;Dupla;Canteiro central;;
2020-02-03;16:52:00;COM VITIMA;FINALIZADA;SANTO ANTÔNIO;RUA FLORIANO PEIXOTO;155;;EM FRENTE A CASA DA CULTURA. HONDA MOTOPARTS;SANTO ANTÔNIO;668;SUBURBIO;COLISÃO TRASEIRA;AUTO E ÔNIBUS;1;;;;;1;;;;1;;Longo da via;Bom;Sem defeito;Perfeito estado;Seca;Perfeito estado;Faixa de pedestre;R-6a;;Única;Faixa contínua;Faixa seccionada;
2020-02-03;17:24:00;COM VITIMA;FINALIZADA;JOANA BEZERRA;AV DES GUERRA BARRETO;;;FORUM DESEMBARGADOR RODOLFO AURELIANO.;JOANA BEZERRA;;CIDADE;ABALROAMENTO LONGITUDINAL;COM VITIMA;1;1;;;;;;;;1;;Longo da via;Bom;Não existe;Perfeito estado;Seca;Perfeito estado;Faixa de pedestre;Outras;;Dupla;Faixa contínua;;
2020-02-03;17:28:00;SEM ViTIMA;FINALIZADA;BOA VISTA;RUA DO HOSPICIO;;AV CONDE DA BOA VISTA;SOB O SEMÁFORO 023;BOA VISTA;23;CIDADE;ABALROAMENTO LONGITUDINAL;COLISÃO SEM VITIMA;1;;;;;;1;;;0;;Longo da via;Bom;Sem defeito;Perfeito estado;Seca;Perfeito estado;;Outras;;Única;Não existe;;
2020-02-03;17:49:00;SEM ViTIMA;FINALIZADA;BOA VISTA;RUA PRINCESA IZABEL;;RUA DO HOSPICIO;;BOA VISTA;31;CIDADE;ABALROAMENTO LONGITUDINAL;COLISÃO SEM VITIMA;;;;;;2;;;;0;;Cruzamento;Bom;Sem defeito;Perfeito estado;Seca;Perfeito estado;Agente;Outras;;Única;Faixa seccionada;;
2020-02-03;18:50:00;SEM ViTIMA;FINALIZADA;BOA VISTA;AV MONTEVIDEU;644;;EM FRENTE AO ESTACIONAMENTO DO HOSPITAL DE FRATURAS;BOA VISTA;;;COLISÃO TRASEIRA;QUATRO AUTOS S/VITIMA;4;;;;;;;;;0;;Longo da via;Bom;Não existe;Perfeito estado;Seca;Perfeito estado;Não existe;Não há placas;;Única;Faixa contínua;;
2020-02-03;19:36:00;SEM ViTIMA;FINALIZADA;COHAB;AV SAO PAULO;;;NO TERMINAL DE ONIBUS TRES CARNEIRO;COHAB;;SUBURBIO;ABALROAMENTO LONGITUDINAL;CITROEN X ONIBUS;1;;;;;1;;;;0;;Longo da via;Bom;Não existe;Perfeito estado;Seca;Perfeito estado;Não existe;Outras;20 km/h;Dupla;Não existe;;
2020-02-03;19:33:00;COM VITIMA;FINALIZADA;SANTO AMARO;RUA DOS PALMARES;;RUA TREZE DE MAIO;;SANTO AMARO;30;CIDADE;ABALROAMENTO TRANSVERSAL;AUTO X MOTO;1;1;;;;;;;;1;;Cruzamento;Bom;Sem defeito;Perfeito estado;Seca;Perfeito estado;Não existe;R-4a;;Dupla;Faixa seccionada;;
2020-02-03;20:09:00;COM VITIMA;FINALIZADA;MADALENA;RUA RICARDO SALAZAR;;RUA CARLOS GOMES;CRUZAMENTO COM A RUA CARLOS GOMES;MADALENA;623;SUBURBIO;ABALROAMENTO TRANSVERSAL;JIPE X PEUJEOT;2;;;;;;;;;1;;Cruzamento;Bom;Sem defeito;Ilegível;Seca;Mal iluminada;Faixa de pedestre;Não há placas;;Dupla;Canteiro central;;
2020-02-03;20:37:00;SEM ViTIMA;FINALIZADA;PINA;AVENIDA CELSO FURTADO (VIA MANGUE);;;EM FRENTE AO 19° BPM;PINA;;CIDADE;ABALROAMENTO LONGITUDINAL;AUTO X MOTO (ENVOLVE VIATURA DA CASA MILITAR);1;1;;;;;;;;0;;Longo da via;Bom;Não existe;Perfeito estado;Seca;Perfeito estado;Não existe;Não há placas;60 km/h;Dupla;Blocos;;
2020-02-03;21:14:00;SEM ViTIMA;CANCELADA;VÁRZEA;AV GENERAL JOSE MARIA LATINO;;;NA ENTRADA DA INTEGRAÇAO DE ONIBUS;VÁRZEA;;;COLISÃO;MICRO-ONIBUS X TOYOTA;1;;;;;1;;;;0;;;;;;;;;;;;;;
2020-02-04;07:11:00;COM VITIMA;FINALIZADA;SANTO AMARO;AV CRUZ CABUGA;449;RUA ARARIPINA;ARMAZÉM CORAL;SANTO AMARO;;CIDADE;COLISÃO TRASEIRA;COM VITIMA;1;1;;;;;;;;2;;Longo da via;Bom;Sem defeito;Perfeito estado;Seca;Perfeito estado;;Outras;;Dupla;Faixa contínua;;
2020-02-04;07:23:00;SEM ViTIMA;FINALIZADA;ILHA JOANA BEZERRA;VIADUTO CAPITAO TEMUDO;928;;LADO OPOSTO A ACADEMIA DA CIDADE;ILHA JOANA BEZERRA;;CIDADE;COLISÃO FRONTAL;VEÍCULO CHOCOU-SE COM O GUARD RAIL (DEMANDA REPASSADA PELO OR-2 LEANDRO);1;;;;;;;;;0;;Viaduto;Chuvoso;Não existe;Perfeito estado;Molhada;Perfeito estado;Não existe;Não há placas;60 km/h;Única;Faixa seccionada;;
2020-02-04;08:07:00;COM VITIMA;FINALIZADA;BOA VIAGEM;RUA ERNESTO DE PAULA SANTOS;315;AV ENGENHEIRO DOMINGOS FERREIRA;EDF ÁVILA;BOA VIAGEM;217;SUBURBIO;ABALROAMENTO LONGITUDINAL;DUAS MOTOS;;2;;;;;;;;1;;Longo da via;Bom;Sem defeito;Perfeito estado;Seca;Perfeito estado;Faixa de pedestre;R-6a;60 km/h;Única;Faixa contínua;Faixa seccionada;Canteiro central
2020-02-04;08:25:00;SEM ViTIMA;FINALIZADA;ZUMBI;AV CAXANGA;833;RUA CARATINGA;AO LADO DA ESTAÇÃO DO BRT ZUMBI;ZUMBI;274;CIDADE;COLISÃO TRASEIRA;DOIS AUTOMÓVEIS - NÃO TEM VÍTIMA;2;;;;;;;;;0;;Longo da via;Bom;Sem defeito;Perfeito estado;Seca;Perfeito estado;Faixa de pedestre;Não há placas;;Dupla;Faixa seccionada;Canteiro central;
2020-02-04;08:42:00;SEM ViTIMA;FINALIZADA;AFOGADOS;RUA SAO MIGUEL;1428;RUA DRA ITAMAR DE MORAIS E SILVA;JR MOTOS;AFOGADOS;;SUBURBIO;ABALROAMENTO TRANSVERSAL;MOTO E AUTO;1;1;;;;;;;;0;;Cruzamento;Bom;Não existe;Incompleta;Seca;Perfeito estado;Não existe;Não há placas;;;Faixa contínua;Faixa seccionada;
2020-02-04;08:43:00;SEM ViTIMA;FINALIZADA;VÁRZEA;RUA EMILIANO BRAGA;470;RUA PROFESSOR ANTONIO COELHO;MARIA BONITA REFEIÇÕES;VÁRZEA;;SUBURBIO;ABALROAMENTO TRANSVERSAL;SEM VITIMAS/GESTANTE DE OITO MESES- ENVOLVIDA NA COLISÃO;2;;;;;;;;;0;;Cruzamento;Bom;Não existe;Perfeito estado;Seca;Perfeito estado;Faixa de pedestre;Placas Pare;30 km/h;Única;Faixa seccionada;;
2020-02-04;08:50:00;COM VITIMA;FINALIZADA;ALTO JOSÉ BONIFÁCIO;RUA ALTO JOSE BONIFACIO;783;;IGREJA BATISTA DO ALTO JOSE BONIFACIO;ALTO JOSÉ BONIFÁCIO;;CIDADE;COLISÃO FRONTAL;COLISAO COM VITIMA. ENTRE VEICULO E MOTO;1;1;;;;;;;;1;;Longo da via;Bom;Não existe;Perfeito estado;Seca;Perfeito estado;Não existe;Não há placas;;Dupla;Faixa seccionada;;
2020-02-04;09:30:00;SEM ViTIMA;FINALIZADA;MADALENA;RUA REAL DA TORRE;;RUA LOPES DE CARVALHO;;MADALENA;;;ABALROAMENTO LONGITUDINAL;;1;1;;;;;;;;0;;Cruzamento;Bom;Não existe;Perfeito estado;Seca;Perfeito estado;Não existe;R-6a;;Única;Faixa seccionada;;
2020-02-04;09:35:00;SEM ViTIMA;FINALIZADA;SANTO AMARO;RUA FREI CASSIMIRO;3032;RUA ISRAEL FONSECA;EM FRENTE AO SUPERMERCADO SUPREMO;SANTO AMARO;;SUBURBIO;ABALROAMENTO TRANSVERSAL;COLISAO SEM VITIMA. ENTRE TAXI E CAMINHAO;1;;;;;;1;;;0;;Longo da via;Bom;Não existe;Perfeito estado;Seca;Perfeito estado;Faixa de pedestre;Placas Pare;;Única;Canteiro central;;
2020-02-04;09:35:00;SEM ViTIMA;FINALIZADA;SAN MARTIN;AV GENERAL SAN MARTIN;;AV ENGENHEIRO ABDIAS DE CARVALHO;COMPAZ;SAN MARTIN;58;SUBURBIO;ABALROAMENTO LONGITUDINAL;CARRETA E AUTO PASSEIO;1;;;;;;;;1;0;;Cruzamento;Bom;Sem defeito;Perfeito estado;Seca;Perfeito estado;Agente;Outras;40 km/h;Dupla;Faixa contínua;;
2020-02-04;09:40:00;SEM ViTIMA;FINALIZADA;GRAÇAS;RUA JOAQUIM NABUCO;;;EM FRENTE AO SEMÁFORO 071;GRAÇAS;;SUBURBIO;ABALROAMENTO LONGITUDINAL;DOIS AUTOS /  GM SUB PAULINO / GUSTAVO / P.O;2;;;;;;;;;0;;Cruzamento;Bom;Sem defeito;Perfeito estado;Seca;Perfeito estado;Faixa de pedestre;Não há placas;;Única;Não existe;;
2020-02-04;09:51:00;SEM ViTIMA;FINALIZADA;ESPINHEIRO;RUA BARAO DE ITAMARACA;;RUA RUI CALACA;;ESPINHEIRO;;SUBURBIO;ABALROAMENTO LONGITUDINAL;DOIS AUTOS;2;;;;;;;;;0;;Cruzamento;Bom;Não existe;Perfeito estado;Seca;Perfeito estado;Não existe;R-6a;;Dupla;Faixa seccionada;;
2020-02-04;10:02:00;SEM ViTIMA;FINALIZADA;AFOGADOS;AV SUL;;;CLIMAR PEÇAS E SERVIÇOS PARA AR CONDICIONADO AUTOMOTIVO;AFOGADOS;;;ABALROAMENTO LONGITUDINAL;CAMINHAO E AUTO PASSEIO;1;;;;;;1;;;0;;Longo da via;Bom;Sem defeito;Perfeito estado;Seca;Perfeito estado;Não existe;Não há placas;;Única;Não existe;;
2020-02-04;10:03:00;SEM ViTIMA;CANCELADA;ENCRUZILHADA;AV JOAO DE BARROS;;AV NORTE;EM FRENTE AO BANCO BRADESCO;ENCRUZILHADA;;;COLISÃO COM CICLISTA;SEM VITIMAS;;;;1;;;1;;;0;;;;;;;;;;;;;;
2020-02-04;10:17:00;SEM ViTIMA;FINALIZADA;SÃO JOSÉ;RUA IMPERIAL;;TRV DO GUSMAO;EM FRENTE A LOJA 05;SÃO JOSÉ;;SUBURBIO;ABALROAMENTO LONGITUDINAL;SEM VITIMAS;1;;;;;1;;;;0;;;Bom;Não existe;Perfeito estado;Seca;Perfeito estado;Não existe;Não há placas;;Única;Faixa seccionada;;
2020-02-04;10:43:00;SEM ViTIMA;DUPLICIDADE;SÃO JOSÉ;RUA IMPERIAL;502;;APOS O POSTO DE GASOLINA BR- SENT. AFOGADOS;SÃO JOSÉ;;;COLISÃO;ONIBUS E AUTO;1;;;;;1;;;;0;;;;;;;;;;;;;;
2020-02-04;11:33:00;SEM ViTIMA;FINALIZADA;GRAÇAS;AV RUI BARBOSA;1599;;MEMORIAL DA UPE;GRAÇAS;37;CIDADE;COLISÃO TRASEIRA;TRES AUTOS / GM SILVIO E ERLY P.O NO QTH;3;;;;;;;;;0;;Longo da via;Bom;Sem defeito;Perfeito estado;Seca;Perfeito estado;Faixa de pedestre;R-6a;;Única;Faixa seccionada;;