data;hora;natureza_acidente;situacao;bairro;endereco;numero;detalhe_endereco_acidente;complemento;bairro_cruzamento;num_semaforo;sentido_via;tipo;descricao;auto;moto;ciclom;ciclista;pedestre;onibus;caminhao;viatura;outros;vitimas;vitimasfatais;acidente_verificado;tempo_clima;situacao_semaforo;sinalizacao;condicao_via;conservacao_via;ponto_controle;situacao_placa;velocidade_max_via;mao_direcao;divisao_via1;divisao_via2;divisao_via3
2020-02-04;12:12:00;SEM ViTIMA;FINALIZADA;BOA VIAGEM;AV BOA VIAGEM;4988;RUA BARAO DE SOUZA LEAO;;BOA VIAGEM;;CIDADE;ABALROAMENTO LONGITUDINAL;COLISÃO SEM ViTIMA;2;;;;;;;;;0;;;Bom;Sem defeito;Perfeito estado;Seca;Perfeito estado;Faixa de pedestre;Outras;40 km/h;Única;Faixa seccionada;;
2020-02-04;12:53:00;SEM ViTIMA;FINALIZADA;IPUTINGA;RUA PADRE DEHON;166;;CRUZAMENTO;IPUTINGA;;SUBURBIO;ABALROAMENTO TRANSVERSAL;COLISÃO SEM ViTIMA;2;;;;;;;;;0;;Cruzamento;Bom;Não existe;Perfeito estado;Seca;Perfeito estado;Outros;Outras;;Dupla;Não existe;;
2020-02-04;12:59:00;SEM ViTIMA;FINALIZADA;BOA VIAGEM;AV CONSELHEIRO AGUIAR;3105;RUA ANTONIO FALCAO;;BOA VIAGEM;;CIDADE;COLISÃO TRASEIRA;COLISÃO SEM ViTIMA;2;;;;;;;;;0;;Longo da via;Bom;Sem defeito;Perfeito estado;Seca;Perfeito estado;Não existe;Não há placas;;Única;Faixa seccionada;;
2020-02-04;13:52:00;SEM ViTIMA;FINALIZADA;PINA;AV REPUBLICA DO LIBANO;;;EM FRENTE AO Nº 40;PINA;;SUBURBIO;ABALROAMENTO LONGITUDINAL;COLISÃO SEM ViTIMA;1;;;;;1;;;;0;;Longo da via;Bom;Não existe;Perfeito estado;Seca;Perfeito estado;Não existe;Não há placas;;Única;Não existe;;
2020-02-04;13:58:00;SEM ViTIMA;FINALIZADA;TAMARINEIRA;AV NORTE;3698;;LADO OPOSTO AO EDIFÍCIO MANOEL FERREIRA;TAMARINEIRA;;CIDADE;COLISÃO TRASEIRA;COLISÃO SEM ViTIMA;4;;;;;;;;;0;;Longo da via;Bom;Não existe;Perfeito estado;Seca;Perfeito estado;Faixa de pedestre;Não há placas;60 km/h;Dupla;Canteiro central;;
2020-02-04;14:21:00;SEM ViTIMA;FINALIZADA;BOA VISTA;RUA DO HOSPICIO;;RUA PRINCESA IZABEL;EM FRENTE A CÂMARA DOS VEREADORES;BOA VISTA;31;SUBURBIO;ABALROAMENTO TRANSVERSAL;SEM VITIMA;2;;;;;;;;;0;;Cruzamento;Bom;Sem defeito;Perfeito estado;Seca;Perfeito estado;Agente;Não há placas;;Única;Faixa seccionada;;
2020-02-04;14:25:00;SEM ViTIMA;FINALIZADA;BOA VIAGEM;AV CONSELHEIRO AGUIAR;;;EM FRENTE AO BANCO BRADESCO;BOA VIAGEM;546;CIDADE;COLISÃO TRASEIRA;COLISAO SEM VITIMAS;2;;;;;;;;;0;;Cruzamento;Bom;Sem defeito;Perfeito estado;Seca;Perfeito estado;Faixa de pedestre;Não há placas;60 km/h;Única;Faixa seccionada;;
2020-02-04;14:26:00;SEM ViTIMA;CANCELADA;VÁRZEA;RUA CAMINHO DA AREINHA;1;;PROX. DO DEPOSITO DE BEBIDAS DO ALEMÃO;VÁRZEA;;;COLISÃO;COLISÃO SEM VITIMA;2;;;;;;;;;0;;;;;;;;;;;;;;
2020-02-04;14:30:00;SEM ViTIMA;FINALIZADA;BOA VIAGEM;AV DES JOSE NEVES;;;ANTES DO POSTE Nº B 007529;BOA VIAGEM;;CIDADE;COLISÃO TRASEIRA;COLISÃO SEM VITIMA;2;;;;;;;;;0;;Longo da via;Bom;Não existe;Perfeito estado;Seca;Perfeito estado;Não existe;Não há placas;;Dupla;Faixa seccionada;;
2020-02-04;15:03:00;SEM ViTIMA;FINALIZADA;BOA VISTA;AV MANOEL BORBA;;RUA DA CONCEICAO;EM FRENTE A PRAÇA MACIEL PINHEIRO;BOA VISTA;;CIDADE;ABALROAMENTO LONGITUDINAL;COLISÃO SEM ViTIMA;2;;;;;;;;;0;;;Bom;Não existe;Incompleta;Seca;Mal conservada;;Placas Pare;;;Não existe;;
2020-02-04;15:34:00;SEM ViTIMA;FINALIZADA;CASA AMARELA;AV NORTE;4681;RUA RODRIGUES SETE;;CASA AMARELA;;CIDADE;COLISÃO TRASEIRA;ART 181;3;;;;;;;;;0;;Cruzamento;Bom;Não existe;Perfeito estado;Seca;Perfeito estado;Não existe;Não há placas;60 km/h;Única;Faixa seccionada;;
2020-02-04;15:36:00;SEM ViTIMA;FINALIZADA;BOA VIAGEM;RUA BARAO DE SOUZA LEAO;;;EM FRENTE AO BR;BOA VIAGEM;;SUBURBIO;COLISÃO TRASEIRA;COLISÃO SEM ViTIMA;1;;;;;1;;;;0;;Longo da via;Bom;Não existe;Perfeito estado;Seca;Perfeito estado;Agente;Não há placas;40 km/h;Única;Faixa seccionada;;
2020-02-04;15:59:00;SEM ViTIMA;EQUIPE EM DESLOCAMENTO;MANGABEIRA;AV NORTE;;RUA RODRIGUES SETE;PROX AO SESC;MANGABEIRA;;;COLISÃO;COLISAO SEM VITIMAS;3;;;;;;;;;0;;;;;;;;;;;;;;
2020-02-04;16:13:00;SEM ViTIMA;FINALIZADA;IPSEP;RUA JEAN EMILE FAVRE;;RUA ALEMANHA;OFICINA DO ERON;IPSEP;;;ABALROAMENTO LONGITUDINAL;COLISÃO SEM ViTIMA;1;;;;;;;;1;0;;Cruzamento;Bom;Não existe;Perfeito estado;Seca;Perfeito estado;Não existe;Outras;;;Faixa seccionada;;
2020-02-04;16:19:00;SEM ViTIMA;FINALIZADA;CASA FORTE;AV DEZESSETE DE AGOSTO;675;RUA LAURINDO COELHO;CAOA CHERY;CASA FORTE;;SUBURBIO;ABALROAMENTO LONGITUDINAL;SEM VITIMA;1;;;;;1;;;;0;;Longo da via;Bom;Não existe;Perfeito estado;Seca;Perfeito estado;Não existe;Outras;;Dupla;Faixa contínua;;
2020-02-04;17:03:00;SEM ViTIMA;FINALIZADA;AFOGADOS;RUA SAO MIGUEL;1648;;LADO OPOSTO AO Nº 1648;AFOGADOS;;CIDADE;COLISÃO TRASEIRA;COLISAO SEM VITIMAS;1;;;;;;1;;;0;;Longo da via;Bom;Não existe;Perfeito estado;Seca;Perfeito estado;Não existe;Não há placas;;Dupla;Faixa seccionada;;
2020-02-04;17:04:00;SEM ViTIMA;FINALIZADA;BOA VIAGEM;AV ENGENHEIRO DOMINGOS FERREIRA;1818;;EXTRA HIPERMERCADO BOA VIAGEM;BOA VIAGEM;380;SUBURBIO;COLISÃO TRASEIRA;COLISÃO SEM ViTIMA;3;;;;;;;;;0;;Longo da via;Bom;Sem defeito;Perfeito estado;Seca;Perfeito estado;Não existe;R-32;60 km/h;Única;Faixa seccionada;Canteiro central;
2020-02-04;17:13:00;SEM ViTIMA;FINALIZADA;JARDIM SÃO PAULO;RUA LEANDRO BARRETO;;;SOBRE O VIADUTO;JARDIM SÃO PAULO;;SUBURBIO;COLISÃO FRONTAL;COLISÃO SEM ViTIMA;1;;;;;;1;;;0;;Viaduto;Bom;Não existe;Perfeito estado;Seca;Perfeito estado;Outros;Outras;;Dupla;Faixa contínua;;
2020-02-04;17:46:00;SEM ViTIMA;FINALIZADA;TEJIPIÓ;AV DR JOSE RUFINO;3030;;ESCOLA ESTADUAL ALBERTO TORRES;TEJIPIÓ;;SUBURBIO;COLISÃO TRASEIRA;COLISÃO SEM ViTIMA;2;;;;;;;;;0;;Longo da via;Bom;Sem defeito;Perfeito estado;Seca;Perfeito estado;Não existe;Não há placas;60 km/h;Dupla;Faixa contínua;;
2020-02-04;18:24:00;COM VITIMA;FINALIZADA;AFOGADOS;AV SUL;;RUA NICOLAU PEREIRA;PRÓX A EMERGÊNCIA DA AGAMENON MAG E TERMINAL INTEGRAL DO LARGO DA PAZ;AFOGADOS;;CIDADE;ABALROAMENTO TRANSVERSAL;ENTRE AUTO E MOTO. C/V;1;1;;;;;;;;1;;Não informado;Bom;Não existe;Perfeito estado;Seca;Perfeito estado;Não existe;Não há placas;;Única;Faixa seccionada;;
2020-02-04;18:30:00;SEM ViTIMA;CANCELADA;CORDEIRO;AV CAXANGA;;;PROX AO VIADUTO DO BRT // SENTIDO CAMARAGIBE // ENF A FARMACIA PERMANENTE;CORDEIRO;;;COLISÃO;ONIBUS 1002 X PRISMA;1;;;;;1;;;;0;;;;;;;;;;;;;;
2020-02-04;18:58:00;SEM ViTIMA;FINALIZADA;TAMARINEIRA;EST VELHA DE AGUA FRIA;571;;;TAMARINEIRA;;CIDADE;ABALROAMENTO LONGITUDINAL;ENTRE AUTO E MOTO.S/V;1;1;;;;;;;;0;;Longo da via;Bom;Não existe;Perfeito estado;Seca;Perfeito estado;Não existe;R-6a;;Dupla;Blocos;;
2020-02-04;19:03:00;SEM ViTIMA;CANCELADA;ARRUDA;RUA EXP JAMIL DAGLI;;RUA DAS MOCAS;PROX A PIZZARIA ATLANTICO E BEIRA CANAL;ARRUDA;;;COLISÃO;MOTO X FIAT DOBLO;;;;;;;;;;0;;;;;;;;;;;;;;
2020-02-04;19:20:00;SEM ViTIMA;FINALIZADA;BOA VIAGEM;AV CONSELHEIRO AGUIAR;980;;AO LADO DO GREEN MIX;BOA VIAGEM;2;CIDADE;COLISÃO TRASEIRA;ENTRE 2 AUTOS. S/V;2;;;;;;;;;0;;Longo da via;Bom;Sem defeito;Perfeito estado;Seca;Perfeito estado;Agente;Não há placas;40 km/h;Única;Faixa contínua;;
2020-02-04;19:36:00;SEM ViTIMA;FINALIZADA;BOA VISTA;AV CONDE DA BOA VISTA;767;;LOJA LEADER;BOA VISTA;;SUBURBIO;ABALROAMENTO TRANSVERSAL;ENTRE MOTO E ÔNIBUS. S.V;;1;;;;1;;;;0;;Longo da via;Bom;Não existe;Perfeito estado;Seca;Perfeito estado;Não existe;Outras;;Dupla;Faixa contínua;;
2020-02-04;19:52:00;COM VITIMA;FINALIZADA;BOA VIAGEM;RUA GENERAL SALGADO;99;RUA COSMORAMA;E/F A AO RESTAURANTE ARENA SHARK E PRÓX AO COLÉGIO MADRE DE DEUS;BOA VIAGEM;;SUBURBIO;ABALROAMENTO TRANSVERSAL;ENTRE AUTO E MTO. C/V;1;1;;;;;;;;1;;Cruzamento;Bom;Não existe;Perfeito estado;Seca;Perfeito estado;Não existe;Placas Pare;;Dupla;Faixa seccionada;Outros;
2020-02-04;20:13:00;SEM ViTIMA;FINALIZADA;IPSEP;RUA CACHOEIRA;;RUA ITACARI;;IPSEP;;SUBURBIO;COLISÃO TRASEIRA;C3 X FIESTA;2;;;;;;;;;0;;Cruzamento;Bom;Não existe;Incompleta;Seca;Mal iluminada;Não existe;Não há placas;;Única;Faixa seccionada;;
2020-02-04;20:15:00;SEM ViTIMA;FINALIZADA;SÃO JOSÉ;RUA IMPERIAL;217;RUA BOM SUCESSO;;SÃO JOSÉ;;CIDADE;ABALROAMENTO TRANSVERSAL;ENTRE 2 AUTOS. S/V;2;;;;;;;;;0;;Cruzamento;Bom;Não existe;;Seca;Perfeito estado;Não existe;Não há placas;;Única;Faixa seccionada;;
2020-02-04;21:08:00;SEM ViTIMA;FINALIZADA;CORDEIRO;RUA EURICO DE SOUZA LEAO;906;;;CORDEIRO;;SUBURBIO;CHOQUE OBJETO FIXO;VT DO 13 BATALHÃO ACABOU CAINDO NO BURACO. S/V;1;;;;;;;;;0;;Longo da via;Bom;Não existe;Incompleta;Seca;Mal conservada;Não existe;Não há placas;;Dupla;Não existe;;
2020-02-04;22:07:00;COM VITIMA;FINALIZADA;PARNAMIRIM;AV PARNAMIRIM;375;RUA ANDRE CAVALCANTE;E/F AO BANCO SANTANDER;PARNAMIRIM;;CIDADE;ABALROAMENTO LONGITUDINAL;MOTO X AUTO. C/V;1;1;;;;;;;;1;;Cruzamento;Bom;Não existe;Incompleta;Seca;Perfeito estado;Não existe;R-6a;;Única;Faixa seccionada;;
2020-02-04;22:39:00;SEM ViTIMA;FINALIZADA;ILHA DO RETIRO;RUA SPORT CLUBE DO RECIFE;;;FRENTE AO SPORT CLUBE DO RECIFE;ILHA DO RETIRO;355;SUBURBIO;COLISÃO TRASEIRA;ENTRE 2 AUTOS. UM DOS CONDUTOTES APRESENTA SINAIS DE EMBRIAGUEZ;2;;;;;;;;;0;;Longo da via;Bom;Sem defeito;Perfeito estado;Seca;Perfeito estado;Não existe;Não há placas;;Dupla;Faixa contínua;Faixa seccionada;Canteiro central
2020-02-05;06:05:00;SEM ViTIMA;FINALIZADA;PAISSANDU;AV GOVERNADOR AGAMENON MAGALHAES;;;LADO OPOSTO AO HOSP. PORTUGUÊS;PAISSANDU;672;SUBURBIO;ABALROAMENTO LONGITUDINAL;SEM VITIMAS;1;;;;;1;;;;0;;Longo da via;Bom;Sem defeito;Perfeito estado;Seca;Perfeito estado;Faixa de pedestre;;;Dupla;Canteiro central;;
2020-02-05;06:55:00;SEM ViTIMA;FINALIZADA;MACAXEIRA;AV NORTE;;;AO LADO DO PONTO DE ÔNIBUS Nº 110052;MACAXEIRA;;SUBURBIO;COLISÃO TRASEIRA;DOIS AUTOS;2;;;;;;;;;0;;Longo da via;Bom;Não existe;Incompleta;Seca;Perfeito estado;Não existe;;;Dupla;Canteiro central;;
2020-02-05;07:49:00;SEM ViTIMA;FINALIZADA;BOA VISTA;RUA DO HOSPICIO;;;EM FRENTE A CÂMARA MUNICIPAL DO RECIFE;BOA VISTA;31;CIDADE;ABALROAMENTO LONGITUDINAL;;1;;;;;;;;1;0;;Cruzamento;Bom;Sem defeito;Perfeito estado;Seca;Perfeito estado;Agente;Outras;;Única;Não existe;;
2020-02-05;08:03:00;SEM ViTIMA;FINALIZADA;PINA;PTE AGAMENON MAGALHAES;;;LADO OPOSTO AO RESTAURANTE BARGAÇO;PINA;;CIDADE;COLISÃO TRASEIRA;DOIS AUTOS;2;;;;;;;;;0;;Ponte;Bom;Sem defeito;Perfeito estado;Seca;Perfeito estado;Não existe;Placas Pare;60 km/h;;Faixa seccionada;;
2020-02-05;08:27:00;SEM ViTIMA;FINALIZADA;DERBY;PRC DO DERBY;;RUA JENER DE SOUZA;SOB O SEMÁFORO Nº 418;DERBY;418;CIDADE;ABALROAMENTO TRANSVERSAL;SEM VITIMAS/LOCAL DESCARACTERIZADO;2;;;;;;;;;0;;Cruzamento;Bom;Sem defeito;Perfeito estado;Seca;Perfeito estado;Faixa de pedestre;Outras;;Dupla;Blocos;;
2020-02-05;08:54:00;SEM ViTIMA;FINALIZADA;ESPINHEIRO;RUA CONS PORTELA;;RUA SANTO ELIAS;ESQUINA COM POSTO URBAN;ESPINHEIRO;;CIDADE;ABALROAMENTO TRANSVERSAL;COLISÃO S/VITIMAS ENTRE DOIS AUTOS;2;;;;;;;;;0;;Cruzamento;Bom;Não existe;Perfeito estado;Seca;Perfeito estado;Não existe;Não há placas;;Única;Faixa seccionada;;
2020-02-05;10:05:00;COM VITIMA;FINALIZADA;CASA AMARELA;RUA PAULA BATISTA;173;RUA XAVANTES;AO LADO DO CENTRO ESPIRITA MOACIR;CASA AMARELA;;SUBURBIO;ABALROAMENTO TRANSVERSAL;COM DUAS VITIMAS SENDO ATENDIDAS PELO SAMU;1;1;;;;;;;;2;;Cruzamento;Bom;Não existe;Ilegível;Seca;Perfeito estado;Não existe;Não há placas;30 km/h;Dupla;Não existe;;
2020-02-05;10:07:00;COM VITIMA;FINALIZADA;MUSTARDINHA;RUA VINTE E UM DE ABRIL;1343;RUA CORACAO DE JESUS;AO LADO DA ROCK PIZZA;MUSTARDINHA;;SUBURBIO;COLISÃO;COLISÃO C/VITIMAS ENTRE UMA MOTO E UM AUTO;1;1;;;;;;;;1;;Esquina;Bom;Não existe;Perfeito estado;Seca;Perfeito estado;Não existe;Outras;;Dupla;Não existe;;
2020-02-05;11:28:00;SEM ViTIMA;FINALIZADA;MADALENA;RUA REAL DA TORRE;682;;;MADALENA;;;COLISÃO TRASEIRA;SEM VITIMAS;2;;;;;;;;;0;;Longo da via;Bom;Não existe;Perfeito estado;Seca;Perfeito estado;Não existe;Não há placas;;Única;Faixa seccionada;;
2020-02-05;12:07:00;SEM ViTIMA;CANCELADA;BOA VIAGEM;RUA RIBEIRO DE BRITO;;;EM FRENTE AO SINDICATO MUNICIPAL DOS EMPREGADOS EM CONDOMINIO;BOA VIAGEM;597;;COLISÃO;COLISÃO SEM VITIMA;1;1;;;;;;;;0;;;;;;;;;;;;;;
2020-02-05;12:15:00;SEM ViTIMA;FINALIZADA;NOVA DESCOBERTA;AV NORTE;6720;;ESCOLA MUNDO MÁGICO;NOVA DESCOBERTA;;SUBURBIO;COLISÃO TRASEIRA;COLISÃO ENTRE A VT CTTU 09 DE PLACA;2;;;;;;;;;0;;Longo da via;Bom;Não existe;Perfeito estado;Seca;Perfeito estado;Não existe;Não há placas;60 km/h;Dupla;Canteiro central;;
2020-02-05;12:35:00;SEM ViTIMA;FINALIZADA;PRADO;AV ENGENHEIRO ABDIAS DE CARVALHO;;RUA JOAO IVO DA SILVA;CONCESSIONÁRIA GRANVIA;PRADO;132;CIDADE;ABALROAMENTO LONGITUDINAL;SEM VITIMA;2;;;;;;;;;0;;Cruzamento;Bom;Sem defeito;Perfeito estado;Seca;Perfeito estado;Agente;;;Única;Canteiro central;;
2020-02-05;13:08:00;COM VITIMA;FINALIZADA;SÃO JOSÉ;RUA IMPERIAL;1171;;E/F AO COLEGIO JOAQUIM NABUCO;SÃO JOSÉ;;SUBURBIO;ABALROAMENTO LONGITUDINAL;COLISAO COM VITIMAS;1;1;;;;;;;;2;;Longo da via;Bom;Não existe;Perfeito estado;Seca;Perfeito estado;Não existe;Não há placas;;Única;Faixa seccionada;;
2020-02-05;13:26:00;COM VITIMA;FINALIZADA;POÇO DA PANELA;AV DEZESSETE DE AGOSTO;2108;AV DR SEIXAS;E/F A PAGUE MENOS/ PROX AO CRUZAMENTO COM A RUA DOUTOR SEIXAS;POÇO DA PANELA;646;CIDADE;ABALROAMENTO LONGITUDINAL;COLISAO COM VITIMAS;1;1;;;;;;;;1;;Cruzamento;Bom;Sem defeito;Perfeito estado;Seca;Perfeito estado;Faixa de retenção;;;Dupla;;;
2020-02-05;13:31:00;SEM ViTIMA;FINALIZADA;GRAÇAS;RUA ANTONIO NOVAIS;241;RUA SOUZA DE ANDRADE;;GRAÇAS;;;ABALROAMENTO TRANSVERSAL;ENTRE AUTO PASSEIO X MOTO S/V;1;1;;;;;;;;0;;Cruzamento;Bom;Não existe;Não existente;Seca;Perfeito estado;Não existe;Não há placas;30 km/h;Única;Não existe;;
2020-02-05;13:38:00;COM VITIMA;FINALIZADA;SÃO JOSÉ;RUA IMPERIAL;1898;;APOS A JUCEPE;SÃO JOSÉ;;SUBURBIO;TOMBAMENTO;MOTOCICLISTA CAIU EM UM BURACO;;1;;;;;;;;2;;Longo da via;Bom;Não existe;Incompleta;;Mal conservada;Não existe;Outras;;Única;Não existe;;
2020-02-05;13:42:00;SEM ViTIMA;FINALIZADA;BOA VIAGEM;RUA AVIADOR SEVERIANO LINS;;RUA DONA BENVINDA DE FARIAS;;BOA VIAGEM;;SUBURBIO;ABALROAMENTO TRANSVERSAL;ENTRE DOIS AUTOS S/V;2;;;;;;;;;0;;Cruzamento;Bom;Não existe;Perfeito estado;Seca;Perfeito estado;Não existe;Placas Pare;20 km/h;Dupla;Não existe;;
2020-02-05;14:17:00;SEM ViTIMA;CANCELADA;PAISSANDU;RUA PAISSANDU;;;HOSP. CAPIBARIBE HAPVIDA;PAISSANDU;;;COLISÃO;COLISÃO SEM VITIMA;2;;;;;;;;;0;;;;;;;;;;;;;;
2020-02-05;14:18:00;COM VITIMA;FINALIZADA;CORDEIRO;RUA PAES CABRAL;414;RUA SANTOS MOREIRA;PROX A SORVETERIA MUG;CORDEIRO;;SUBURBIO;ABALROAMENTO TRANSVERSAL;ENTRE MOTO X AUTO PASSEIO COM VITIMA;1;1;;;;;;;;1;;Longo da via;Bom;Não existe;Não existente;Seca;Perfeito estado;Não existe;Outras;;Dupla;Não existe;;
2020-02-05;15:24:00;COM VITIMA;FINALIZADA;MUSTARDINHA;AV MANOEL GONCALVES DA LUZ;548;;E/F A ULTRAGÁS E CASA LOTÉRICA DA CAIXA ECONOMICA.;MUSTARDINHA;;CIDADE;COLISÃO FRONTAL;ENTRE AUTO X PEDESTRE X MOTO;1;1;;;1;;;;;3;;Longo da via;Bom;Não existe;Perfeito estado;Seca;Perfeito estado;Não existe;Não há placas;;;Não existe;;
2020-02-05;15:28:00;SEM ViTIMA;CANCELADA;SÃO JOSÉ;RUA IMPERIAL;;;NA DESCIDA DO VIADULTO NO INICIO DA VIA;SÃO JOSÉ;;;COLISÃO;COLISÃO SEM VITIMA;2;;;;;;;;;0;;;;;;;;;;;;;;
2020-02-05;15:51:00;SEM ViTIMA;FINALIZADA;IMBIRIBEIRA;AV MARECHAL MASCARENHAS DE MORAES;5653;;CAIXA ECONOMICA FEDERAL;IMBIRIBEIRA;;CIDADE;ABALROAMENTO LONGITUDINAL;COLISAO SEM VITIMAS;1;1;;;;;;;;0;;Longo da via;Bom;Não existe;Perfeito estado;Seca;Perfeito estado;Não existe;Não há placas;;Dupla;Canteiro central;;
2020-02-05;16:14:00;SEM ViTIMA;FINALIZADA;PINA;RUA CONSUL JOSEPH NOUJAIM;;AV REPUBLICA DO LIBANO;;PINA;;;ABALROAMENTO LONGITUDINAL;ENTRE DOIS AUTOS S/V;2;;;;;;;;;0;;Longo da via;Bom;Não existe;Perfeito estado;Seca;Perfeito estado;Não existe;Outras;;Única;Faixa seccionada;;
2020-02-05;16:34:00;SEM ViTIMA;FINALIZADA;IMBIRIBEIRA;RUA ITACARI;162;RUA ITAJAI;;IMBIRIBEIRA;;;ABALROAMENTO TRANSVERSAL;COLISAO SEM VITIMAS;2;;;;;;;;;0;;Cruzamento;Bom;Não existe;Incompleta;Seca;Perfeito estado;Faixa de retenção;Placas Pare;;Única;Não existe;;
2020-02-05;16:38:00;SEM ViTIMA;FINALIZADA;SANTO AMARO;AV GOVERNADOR AGAMENON MAGALHAES;;RUA ALUISIO DE AZEVEDO;;SANTO AMARO;;;ABALROAMENTO LONGITUDINAL;COLISAO SEM VITIMAS;2;;;;;;;;;0;;;Bom;Não existe;Perfeito estado;Seca;Perfeito estado;Não existe;Placas Pare;;Dupla;Não existe;;
2020-02-05;18:51:00;SEM ViTIMA;FINALIZADA;BOA VIAGEM;AV FERNANDO SIMOES BARBOSA;1222;;CANAL DA CONSTRUÇÃO E CONDOMÍNIOS;BOA VIAGEM;;SUBURBIO;ABALROAMENTO LONGITUDINAL;CAMINHAO X PEUGEOT X CARRTA;2;;;;;;1;;;0;;Longo da via;Bom;Não existe;Perfeito estado;Seca;Perfeito estado;Não existe;R-6a;;Única;Faixa seccionada;;
2020-02-05;19:10:00;SEM ViTIMA;FINALIZADA;NOVA DESCOBERTA;RUA CORREGO DO JOAQUIM;207;;CORREGO DE INACIO;NOVA DESCOBERTA;;SUBURBIO;ABALROAMENTO LONGITUDINAL;ENTRE ÕNIBUS E MOTO. S/V;;1;;;;1;;;;0;;Longo da via;Bom;Não existe;Não existente;Seca;Mal iluminada;Não existe;Não há placas;;Dupla;Não existe;;
2020-02-05;19:12:00;SEM ViTIMA;FINALIZADA;IMBIRIBEIRA;AV MARECHAL MASCARENHAS DE MORAES;;;LADO OPOSTO DA LOJA FERROT;IMBIRIBEIRA;;SUBURBIO;COLISÃO TRASEIRA;FIAT UNO X ONIX X PRISMA X SIENA;4;;;;;;;;;0;;Longo da via;Bom;Não existe;Perfeito estado;Seca;Perfeito estado;Não existe;Não há placas;60 km/h;Dupla;Faixa seccionada;Canteiro central;
2020-02-05;21:37:00;SEM ViTIMA;FINALIZADA;ESPINHEIRO;AV GOVERNADOR AGAMENON MAGALHAES;;;;ESPINHEIRO;108;CIDADE;ABALROAMENTO LONGITUDINAL;ENTRE 2 AUTOS. S/V;2;;;;;;;;;0;;Longo da via;Bom;Sem defeito;Perfeito estado;Seca;Perfeito estado;;;;Dupla;Faixa seccionada;;
2020-02-05;21:46:00;SEM ViTIMA;FINALIZADA;IMBIRIBEIRA;AV MARECHAL MASCARENHAS DE MORAES;945A;RUA DR VALDIR PESSOA;FORD GRANVIA;IMBIRIBEIRA;532;;ABALROAMENTO LONGITUDINAL;MOTO X ONIX;1;1;;;;;;;;0;;Longo da via;Bom;Sem defeito;Perfeito estado;Seca;Perfeito estado;Faixa de pedestre;Outras;;Única;Faixa contínua;;
2020-02-06;00:53:00;SEM ViTIMA;FINALIZADA;BOA VIAGEM;AV CONSELHEIRO AGUIAR;1726;;ESPAÇO COSTA;BOA VIAGEM;;CIDADE;CHOQUE OBJETO FIXO;AUTO CHOCOU-SE EM UM POSTE S/V;1;;;;;;;;;0;;Longo da via;Bom;;;Seca;;Não existe;Não há placas;;Única;Faixa seccionada;;
2020-02-06;03:51:00;SEM ViTIMA;FINALIZADA;GUABIRABA;AV DA RECUPERACAO;;;UPINHA DA GUABIRABA / EM FRENTE DAL MOTOS;GUABIRABA;;;COLISÃO FRONTAL;COLISÃO ENTRE DOIS AUTOS- S/V;2;;;;;;;;;0;;Longo da via;Bom;Não existe;Incompleta;Seca;Mal iluminada;Não existe;Não há placas;;Dupla;Faixa seccionada;;
2020-02-06;07:08:00;SEM ViTIMA;FINALIZADA;MUSTARDINHA;AV MANOEL GONCALVES DA LUZ;469;RUA JOSE MOREIRA REIS;REDE TEM SUPERMERCADOS;MUSTARDINHA;;;ABALROAMENTO TRANSVERSAL;SEM VITIMAS;1;;;;;1;;;;0;;Cruzamento;Bom;Não existe;;Seca;;Faixa de pedestre;Outras;;Dupla;Faixa seccionada;;
2020-02-06;07:29:00;SEM ViTIMA;FINALIZADA;VÁRZEA;AV PREFEITO ANTONIO PEREIRA;;;TERMINAL RODOVIÁRIO DO RECIFE;VÁRZEA;;;ABALROAMENTO LONGITUDINAL;GM ANTONIO E JONATHAN P.O  DOIS AUTOS;2;;;;;;;;;0;;Longo da via;Bom;Não existe;Perfeito estado;Seca;Perfeito estado;Agente;R-6a;;Única;Não existe;;
2020-02-06;07:59:00;SEM ViTIMA;FINALIZADA;ILHA DO LEITE;RUA ANTONIO GOMES DE FREITAS;147;1 TRV JUSTICA E PAZ;APÓS O SEOPE;ILHA DO LEITE;;CIDADE;CHOQUE OBJETO FIXO;;;;;;;;1;;;0;;Longo da via;Bom;Não existe;Perfeito estado;Seca;Perfeito estado;Não existe;Outras;40 km/h;Única;Faixa seccionada;;
2020-02-06;08:19:00;SEM ViTIMA;FINALIZADA;AFOGADOS;RUA DA PAZ;304;;EM FRENTE AO BANCO BRADESCO;AFOGADOS;528;;ABALROAMENTO LONGITUDINAL;SEM VITIMAS;2;;;;;;;;;0;;Longo da via;Bom;Sem defeito;Perfeito estado;Seca;Perfeito estado;Faixa de retenção;;;Única;Não existe;;
2020-02-06;08:31:00;SEM ViTIMA;FINALIZADA;IMBIRIBEIRA;RUA ARQUITETO LUIZ NUNES;245;AV ENGENHEIRO ALVES DE SOUZA;FARMÁCIA DROGASIL;IMBIRIBEIRA;634;SUBURBIO;COLISÃO FRONTAL;MOTO E AUTO;1;1;;;;;;;;0;;Longo da via;Bom;Sem defeito;Perfeito estado;Seca;Perfeito estado;Agente;Não há placas;40 km/h;Dupla;Faixa contínua;;