data;hora;natureza_acidente;situacao;bairro;endereco;numero;detalhe_endereco_acidente;complemento;bairro_cruzamento;num_semaforo;sentido_via;tipo;descricao;auto;moto;ciclom;ciclista;pedestre;onibus;caminhao;viatura;outros;vitimas;vitimasfatais;acidente_verificado;tempo_clima;situacao_semaforo;sinalizacao;condicao_via;conservacao_via;ponto_controle;situacao_placa;velocidade_max_via;mao_direcao;divisao_via1;divisao_via2;divisao_via3
2020-02-11;19:53:00;SEM ViTIMA;FINALIZADA;GRAÇAS;AV GOVERNADOR AGAMENON MAGALHAES;1114;AV GOVERNADOR AGAMENON MAGALHAES;ENF. A EMBRATEL // VIA LOCAL SENTIDO BOA VIAGEM;GRAÇAS;173;CIDADE;COLISÃO;GOL X TOYOTA HILUX;2;;;;;;;;;0;;Longo da via;Bom;Sem defeito;Perfeito estado;Seca;Perfeito estado;Faixa de pedestre;Outras;60 km/h;Única;Faixa seccionada;;
2020-02-11;20:19:00;SEM ViTIMA;CANCELADA;BOA VIAGEM;AV BOA VIAGEM;980;RUA TOME GIBSON;ENF. AO EDF. VERONESE;BOA VIAGEM;;;COLISÃO;JEEP X SIENA  OBS.. BATEDORES DA CTTU NO LOCAL 36X 07;2;;;;;;;;;0;;;;;;;;;;;;;;
2020-02-11;20:34:00;SEM ViTIMA;FINALIZADA;BOA VIAGEM;AV DOM JOAO VI;;RUA JOSE DA SILVA LUCENA;PROXIMO AO COLEGIO GGE NO SENTIDO PIEDADE;BOA VIAGEM;;SUBURBIO;COLISÃO;AUTO X CAMINHÃO;1;;;;;;1;;;0;;Cruzamento;Bom;Não existe;Perfeito estado;Seca;Perfeito estado;Não existe;Placas Pare;;Única;Canteiro central;;
2020-02-11;23:52:00;SEM ViTIMA;FINALIZADA;GRAÇAS;AV RUI BARBOSA;185;RUA DAS CREOULAS;NAS PROXIMIDADES DO CLUBE PORTUGUÊS;GRAÇAS;102;CIDADE;COLISÃO;ENTRE 2 AUTOS. S/V;2;;;;;;;;;0;;Cruzamento;Bom;Sem defeito;Ilegível;Seca;Mal iluminada;Faixa de pedestre;Não há placas;;Única;Faixa seccionada;;
2020-02-12;07:05:00;SEM ViTIMA;FINALIZADA;DOIS IRMÃOS;EST DOS PINTOS;580;;EM FRENTE AO TERMINAL DOS ONIBUS DA EMPRESA MOBI PE;DOIS IRMÃOS;;SUBURBIO;COLISÃO;SEM VITMAS;1;;;;;1;;;;0;;Longo da via;Bom;Não existe;Perfeito estado;Seca;Perfeito estado;Não existe;Não há placas;;Dupla;Não existe;;
2020-02-12;07:08:00;SEM ViTIMA;CANCELADA;JORDÃO;AV BEIRA RIO;20F;;POLO DA COXINHA// MERY CONFECÇÃO;JORDÃO;;CIDADE;COLISÃO;COLISAO S/ VITIMA. ENTRE SAVEIRO E MOTO;1;1;;;;;;;;0;;;;;;;;;;;;;;
2020-02-12;07:18:00;SEM ViTIMA;FINALIZADA;MADALENA;AV BEIRA RIO;591;;EDF: SOBRADO DO CAPIBARIBE;MADALENA;;SUBURBIO;COLISÃO;COLISAO S/ VITIMA ENTRE DOIS VEICULOS. GM: GLEITON SILVA E CESAR NO LOCAL;2;;;;;;;;;0;;Longo da via;Bom;Não existe;Perfeito estado;Seca;Perfeito estado;Outros;;;Dupla;Faixa seccionada;;
2020-02-12;07:40:00;SEM ViTIMA;FINALIZADA;AFOGADOS;EST DOS REMEDIOS;367;RUA DO ACRE;EM FRENTE A PAPELARIA VASCONCELOS- SENT. ABDIAS;AFOGADOS;;;COLISÃO;CAMINHÃO E AUTO;1;;;;;;1;;;0;;Cruzamento;Bom;Não existe;Perfeito estado;Seca;Perfeito estado;Faixa de pedestre;Outras;30 km/h;Única;Faixa seccionada;;
2020-02-12;08:07:00;SEM ViTIMA;CANCELADA;PRADO;AV ENGENHEIRO ABDIAS DE CARVALHO;;RUA JOAO IVO DA SILVA;POSTO BR -OS VEICULOS ESTÃO NO ESTACIONAMENTO DO POSTO;PRADO;132;CIDADE;COLISÃO;SEM VITIMAS;2;;;;;;;;;0;;;;;;;;;;;;;;
2020-02-12;08:12:00;COM VITIMA;FINALIZADA;SANTO ANTÔNIO;AV MARTINS DE BARROS;;PTE CONDE MAURICIO DE NASSAU;PRÓXIMO A PARADA DO BRT.;SANTO ANTÔNIO;;;ATROPELAMENTO;GM MONICA / EDMUNDO FILHO NO QTH / BRT E PEDESTRE;;;;;1;1;;;;1;;Longo da via;Bom;Sem defeito;Perfeito estado;Seca;Perfeito estado;Faixa de pedestre;Outras;30 km/h;Única;Canteiro central;;
2020-02-12;08:55:00;SEM ViTIMA;FINALIZADA;BOA VIAGEM;RUA MINISTRO NELSON HUNGRIA;334;RUA PROFESSOR JOSE BRANDAO;PROX. AO COLEGIO SANTA MARIA;BOA VIAGEM;;SUBURBIO;COLISÃO;DOIS AUTOS;2;;;;;;;;;0;;Cruzamento;Bom;Não existe;Perfeito estado;Seca;Perfeito estado;Não existe;Placas Pare;;Única;Não existe;;
2020-02-12;09:03:00;SEM ViTIMA;FINALIZADA;DERBY;RUA GUILHERME PINTO;360;RUA MANOEL CAETANO;BLOCO B DA UNINASSAU// PRAÇA GUILHERME PINTO// QUARTEL DO DERBY;DERBY;;CIDADE;COLISÃO;COLISAO S/ VITIMA. ENTRE DOIS VEICULOS;2;;;;;;;;;0;;Cruzamento;Bom;Não existe;Perfeito estado;Seca;Perfeito estado;Não existe;R-6a;20 km/h;Única;Não existe;;
2020-02-12;09:03:00;SEM ViTIMA;FINALIZADA;BOA VISTA;RUA BARAO DE SAO BORJA;156;RUA JOSE DE ALENCAR;PROX. AO SHOPPING BOA VISTA;BOA VISTA;;SUBURBIO;COLISÃO;CAMINHÃO E AUTO VT- 29 NO LOCAL GM´S PAULO WANDERLEY E LEONARDO MERCES;1;;;;;;1;;;0;;Cruzamento;Chuvoso;Não existe;Incompleta;Molhada;Perfeito estado;Não existe;R-4b;;Única;Não existe;;
2020-02-12;09:16:00;SEM ViTIMA;FINALIZADA;MACAXEIRA;AV NORTE;;;NO GIRADORO DA MACAXEIRA;MACAXEIRA;;SUBURBIO;COLISÃO;SEM VITIMASCTTU NO LOCAL GM JOTA NETO/GM LAISA VT 07;2;;;;;;;;;0;;Longo da via;Bom;Não existe;Perfeito estado;Seca;Perfeito estado;Não existe;R-6a;;Única;Não existe;;
2020-02-12;09:21:00;SEM ViTIMA;FINALIZADA;IMBIRIBEIRA;AV MARECHAL MASCARENHAS DE MORAES;4805;;EM FRENTE AO MARTELINHO DE OURO- SENT. AFOGADOS;IMBIRIBEIRA;;SUBURBIO;ABALROAMENTO LONGITUDINAL;DOIS AUTOS;2;;;;;;;;;0;;Longo da via;Bom;Não existe;Perfeito estado;Seca;Perfeito estado;Não existe;Não há placas;;Dupla;Canteiro central;;
2020-02-12;09:36:00;SEM ViTIMA;FINALIZADA;CASA FORTE;EST REAL DO POCO;1465;;PROX: PRAÇA DE CASA FORTE;CASA FORTE;;CIDADE;COLISÃO;COLISAO S/ VITIMA ENTRE DOIS VEICULOS;2;;;;;;;;;0;;Esquina;Bom;Não existe;Perfeito estado;Seca;Perfeito estado;Não existe;Não há placas;40 km/h;Dupla;Faixa seccionada;;
2020-02-12;09:37:00;SEM ViTIMA;FINALIZADA;CAXANGÁ;AV JOAQUIM RIBEIRO;740;;EM FRENTE A MADEIREIRA ESPLENDOR;CAXANGÁ;;SUBURBIO;ENGAVETAMENTO;TRES AUTOS;3;;;;;;;;;0;;Longo da via;Bom;Não existe;Perfeito estado;Seca;Perfeito estado;Não existe;Não há placas;;Dupla;Faixa seccionada;Canteiro central;
2020-02-12;09:47:00;SEM ViTIMA;FINALIZADA;CASA FORTE;EST DO ENCANAMENTO;1210;RUA IRMA LUCIA;IGREJA PRESBITERIANA;CASA FORTE;;SUBURBIO;COLISÃO;COLISAO S/ VITIMA ENTRE MOTO E VEICULO;1;1;;;;;;;;0;;Cruzamento;Bom;Não existe;Perfeito estado;Seca;Perfeito estado;Faixa de pedestre;Placas Pare;;Única;Não existe;;
2020-02-12;10:01:00;SEM ViTIMA;CANCELADA;JARDIM SÃO PAULO;AV RECIFE;5555;;PROX. A JUSTIÇA FEDERAL- SENT. BOA VIAGEM;JARDIM SÃO PAULO;;;ENGAVETAMENTO;CINCO AUTOS;5;;;;;;;;;0;;;;;;;;;;;;;;
2020-02-12;11:16:00;SEM ViTIMA;CANCELADA;GRAÇAS;AV RUI BARBOSA;251;;EM FRENTE AO ESTACIONAMENTO DO BANCO ITAU;GRAÇAS;;;COLISÃO;DOIS AUTOS;2;;;;;;;;;0;;;;;;;;;;;;;;
2020-02-12;11:33:00;SEM ViTIMA;FINALIZADA;BOA VISTA;RUA JOSE DE ALENCAR;137;RUA BARAO DE SAO BORJA;EM FRENTE AO HOTEL BOA VISTA;BOA VISTA;;CIDADE;COLISÃO;DOIS AUTOS;2;;;;;;;;;0;;Cruzamento;Bom;Não existe;Incompleta;Seca;Perfeito estado;Não existe;R-4b;;Única;Não existe;;
2020-02-12;11:33:00;SEM ViTIMA;FINALIZADA;GRAÇAS;AV GOVERNADOR AGAMENON MAGALHAES;;;EM FRENTE A ESCOLA ESTADUAL BARBOSA LIMA- SENT. BOA VIAGEM;GRAÇAS;37;;COLISÃO;AUTO E CAMINHÃO;1;;;;;;1;;;0;;Esquina;Bom;Sem defeito;Perfeito estado;Seca;Perfeito estado;Faixa de pedestre;Outras;60 km/h;Dupla;Faixa seccionada;Canteiro central;Canal
2020-02-12;11:44:00;SEM ViTIMA;FINALIZADA;PINA;AV HERCULANO BANDEIRA;563;RUA SAO LUIZ;EM FRENTE AO TABELIONATO FIGUEIREDO;PINA;;SUBURBIO;COLISÃO;SEM VITIMAS;1;;;;;1;;;;0;;Cruzamento;Bom;Não existe;Incompleta;Seca;Perfeito estado;Não existe;Outras;30 km/h;Única;Faixa seccionada;;
2020-02-12;12:37:00;SEM ViTIMA;FINALIZADA;CORDEIRO;AV ENGENHEIRO ABDIAS DE CARVALHO;;;COMPAZ;CORDEIRO;58;SUBURBIO;COLISÃO;;1;1;;;;;;;;0;;Longo da via;Bom;Sem defeito;Perfeito estado;Seca;Perfeito estado;Agente;Outras;60 km/h;Única;Canteiro central;;
2020-02-12;12:59:00;SEM ViTIMA;FINALIZADA;SANTO AMARO;AV NORTE;68;RUA DA AURORA;E/F AO NUCLEO DE TELEVISÃO RADIO UNIVERSITÁRIA (SENT. AV NORTE);SANTO AMARO;;SUBURBIO;COLISÃO;COLISÃO S/VITIMAS ENTRE DUAS MOTOS E UM ONIBUS;;2;;;;1;;;;0;;Longo da via;Bom;Sem defeito;Perfeito estado;Seca;Perfeito estado;Não existe;Não há placas;;Dupla;Canteiro central;;
2020-02-12;13:14:00;COM VITIMA;FINALIZADA;ENGENHO DO MEIO;RUA FRANCISCO BEZERRA MONTEIRO;602;RUA ANTONIO DA SILVA;PROX A RETORIA DA FEDERAL;ENGENHO DO MEIO;;ANTONIO CURADO;COLISÃO FRONTAL;COLISAO COM VITIMAS;1;1;;;;;;;;1;;Cruzamento;Bom;Não existe;Não existente;Seca;Mal conservada;Não existe;Não há placas;;Dupla;Não existe;;
2020-02-12;13:37:00;SEM ViTIMA;FINALIZADA;JORDÃO;AV MARIA IRENE;865;;EM FRENTE A FRIOS E LANCHES;JORDÃO;;CIDADE;COLISÃO;COLISÃO SEM ViTIMA;1;;;;;;1;;;0;;Longo da via;Bom;Não existe;Perfeito estado;Seca;Perfeito estado;Não existe;Não há placas;;Dupla;Faixa contínua;;
2020-02-12;14:02:00;SEM ViTIMA;FINALIZADA;BOA VISTA;AV GUARARAPES;;AV GUARARAPES;EM FRENTE AOS CORREIOS;BOA VISTA;14;SUBURBIO;COLISÃO;COLISAO SEM VITIMAS;2;;;;;;;;;0;;Cruzamento;Bom;Sem defeito;Perfeito estado;Seca;Perfeito estado;Não existe;Não há placas;;Única;Faixa seccionada;;
2020-02-12;14:18:00;SEM ViTIMA;CANCELADA;GRAÇAS;PRC DO ENTRONCAMENTO;;;EM FRENTE A PRAÇA DO ENTROCAMENTO E A PHARMAPELE/ SENTIDO DERBY;GRAÇAS;;;COLISÃO;COLISÃO SEM ViTIMA;2;;;;;;;;;0;;;;;;;;;;;;;;
2020-02-12;14:25:00;SEM ViTIMA;FINALIZADA;MADALENA;AV BEIRA RIO;;AV BEIRA RIO;EM CIMA DA PONTE DA CAPUNGA;MADALENA;387;SUBURBIO;COLISÃO;COLISÃO SEM ViTIMA;2;;;;;;;;;0;;Ponte;Bom;Sem defeito;Perfeito estado;Seca;;Agente;Não há placas;;Dupla;Faixa contínua;;
2020-02-12;14:30:00;SEM ViTIMA;FINALIZADA;BOA VIAGEM;AV ENGENHEIRO DOMINGOS FERREIRA;;RUA PEREIRA DA COSTA;E/F AO CLINICAL CENTER;BOA VIAGEM;142;SUBURBIO;COLISÃO;COLISAO SEM VITIMAS;2;;;;;;;;;0;;Longo da via;Bom;Sem defeito;Perfeito estado;Seca;Perfeito estado;Agente;Não há placas;60 km/h;Única;Canteiro central;;
2020-02-12;14:53:00;SEM ViTIMA;FINALIZADA;DERBY;PTE DELMIRO GOUVEIA;;AV GOVERNADOR AGAMENON MAGALHAES;EM CIMA DA PONTE DELMIRO GOUVEIA;DERBY;75;CIDADE;COLISÃO;COLISÃO S/VITIMAS ENTRE DOIS AUTOS (GM WILLAMS E HERNANDES NO QTH);2;;;;;;;;;0;;Longo da via;Bom;Sem defeito;Perfeito estado;Seca;Perfeito estado;Faixa de retenção;Outras;60 km/h;Dupla;Não existe;;
2020-02-12;15:01:00;SEM ViTIMA;FINALIZADA;SANTO AMARO;AV CRUZ CABUGA;;;EM FRENTE AO HOSPITAL SANTA CASA DA MISERICORDIA;SANTO AMARO;344;SUBURBIO;COLISÃO;COLISAO SEM VITIMAS;1;;;;;1;;;;0;;Longo da via;Bom;Sem defeito;Perfeito estado;Seca;Perfeito estado;Não existe;Não há placas;;Dupla;Não existe;;
2020-02-12;15:07:00;SEM ViTIMA;FINALIZADA;SANTO AMARO;AV NORTE;128;;PROXIMO AO ESPAÇO CRESCENTE;SANTO AMARO;97;SUBURBIO;COLISÃO;COLISAO SEM VITIMAS;1;;;;;1;;;;0;;Longo da via;Bom;Sem defeito;Perfeito estado;Seca;Perfeito estado;Faixa de pedestre;;;Dupla;Canteiro central;;
2020-02-12;15:08:00;SEM ViTIMA;EQUIPE EM DESLOCAMENTO;BOA VISTA;RUA TABIRA;;AV GOVERNADOR AGAMENON MAGALHAES;E/F AO BRADESCO AUTO CENTER;BOA VISTA;;CIDADE;COLISÃO;COLISAO SEM VITIMAS;2;;;;;;;;;0;;Esquina;Bom;Não existe;Perfeito estado;Seca;Perfeito estado;Faixa de pedestre;Não há placas;;Única;Faixa seccionada;;
2020-02-12;15:33:00;SEM ViTIMA;FINALIZADA;BAIRRO DO RECIFE;AV ALFREDO LISBOA;;;EM FRENTE A ESCOLA MUNICIPAL NOSSA SENHORA DO PILAR;BAIRRO DO RECIFE;;SUBURBIO;COLISÃO;COLISÃO SEM ViTIMA;2;;;;;;;;;0;;Longo da via;Bom;Não existe;Perfeito estado;Seca;Perfeito estado;Não existe;;60 km/h;Única;Faixa contínua;Faixa seccionada;
2020-02-12;15:37:00;SEM ViTIMA;FINALIZADA;DERBY;RUA JENER DE SOUZA;449;RUA DA BAIXA VERDE;E/F AO QUARTEL DO DERBY;DERBY;;CIDADE;COLISÃO;COLISÃO S/VITIMAS ENTRE UM ONIBUS E UM AUTO;1;;;;;1;;;;0;;Cruzamento;Bom;Não existe;Perfeito estado;Seca;Perfeito estado;Não existe;Outras;;Única;Canteiro central;;
2020-02-12;15:39:00;SEM ViTIMA;FINALIZADA;ESPINHEIRO;RUA BARAO DE ITAMARACA;101;;ANTES DO SUPERMERCADO SOBERANO;ESPINHEIRO;464;SUBURBIO;COLISÃO;COLISAO SEM VITIMAS;2;;;;;;;;;0;;Longo da via;Bom;Sem defeito;Perfeito estado;Seca;Perfeito estado;Faixa de pedestre;R-6a;;Única;Não existe;;
2020-02-12;16:01:00;COM VITIMA;FINALIZADA;BOA VIAGEM;AV CONSELHEIRO AGUIAR;2065;;E/F A CAIXA ECONOMICA;BOA VIAGEM;;CIDADE;COLISÃO COM CICLISTA;COLISÃO C/CICLISTA;1;;;1;;;;;;1;;Longo da via;Bom;Não existe;Perfeito estado;Seca;Perfeito estado;Não existe;Outras;;Única;Faixa contínua;;
2020-02-12;16:07:00;COM VITIMA;FINALIZADA;ILHA DO LEITE;RUA PREFEITO JORGE MARTINS;;;SENTIDO HOSPITAL ESPERANÇA/ EM BAIXO DA PONTE JOSÉ DE BARROS LIMA.;ILHA DO LEITE;;;COLISÃO TRASEIRA;COLISÃO COM VITIMA;1;1;;;;;;;;1;;Longo da via;Bom;Não existe;Perfeito estado;Seca;Perfeito estado;;;;Única;Faixa seccionada;;
2020-02-12;16:33:00;SEM ViTIMA;CANCELADA;ESPINHEIRO;RUA CONS PORTELA;78;;E/F AO SALÃO BELAS ART'S;ESPINHEIRO;;;COLISÃO;COLISÃO S/VITIMAS ENTRE UM ONIBUS E UM AUTO;1;;;;;;1;;;0;;;;;;;;;;;;;;
2020-02-12;16:35:00;SEM ViTIMA;FINALIZADA;SANTO AMARO;RUA DO HOSPICIO;;;EM FRENTE A PRAÇA TREZE DE MAIO;SANTO AMARO;;CIDADE;COLISÃO;COLISAO SEM VITIMAS;2;;;;;;;;;0;;Longo da via;Bom;Não existe;Incompleta;Seca;Perfeito estado;Não existe;Não há placas;;Dupla;Faixa seccionada;;
2020-02-12;16:40:00;SEM ViTIMA;FINALIZADA;SANTO AMARO;AV CRUZ CABUGA;1419;RUA MORAES DE INHAMA;E/F A COMPESA;SANTO AMARO;344;OLINDA;COLISÃO;COLISAO SEM VITIMAS;2;;;;;;;;;0;;Longo da via;Bom;Sem defeito;Perfeito estado;Seca;Perfeito estado;Não existe;R-6a;;Dupla;Faixa contínua;;
2020-02-12;16:47:00;COM VITIMA;FINALIZADA;IPUTINGA;RUA GASPAR PEREZ;;RUA OSVALDO GUIMARAES;PROXIMO À ANTIGA TELEMAR;IPUTINGA;;SUBURBIO;ABALROAMENTO TRANSVERSAL;COLISAO COM VITIMAS;1;1;;;;;;;;2;;Cruzamento;Bom;Não existe;Perfeito estado;Seca;Perfeito estado;Outros;Outras;30 km/h;Dupla;Não existe;;
2020-02-12;17:17:00;SEM ViTIMA;FINALIZADA;TORRE;RUA JOSE DE HOLANDA;485;;NA RUA DO NOVO MERCADO DA TORRE;TORRE;;;COLISÃO;COLISAO SEM VITIMAS;1;1;;;;;;;;0;;Longo da via;Bom;Não existe;Não existente;Seca;Perfeito estado;Não existe;Não há placas;30 km/h;Única;Não existe;;
2020-02-12;17:46:00;SEM ViTIMA;EQUIPE EM DESLOCAMENTO;MADALENA;RUA LOPES DE CARVALHO;174;1 TRV JUSTICA E PAZ;PROXIMO A CONCESSIONARIA ASTRAL;MADALENA;;;COLISÃO;COLISAO SEM VITIMAS;1;;;;;;1;;;0;;Esquina;Bom;Não existe;Perfeito estado;Seca;Perfeito estado;Não existe;Não há placas;;Única;Não existe;;
2020-02-12;17:53:00;SEM ViTIMA;FINALIZADA;BOA VIAGEM;RUA SA E SOUZA;;RUA BARAO DE SOUZA LEAO;EM FRENTE A SOCIMACO;BOA VIAGEM;159;CIDADE;COLISÃO;COLISÃO SEM ViTIMA;1;;;;;1;;;;0;;Esquina;Bom;Sem defeito;Perfeito estado;Seca;Perfeito estado;Faixa de pedestre;Não há placas;60 km/h;Única;Faixa seccionada;;
2020-02-12;18:05:00;SEM ViTIMA;CANCELADA;IBURA;AV DOIS RIOS;;;E/ F AO CLUBE DO SESI;IBURA;;;COLISÃO;COLISAO SEM VITIMAS;2;;;;;;;;;0;;;;;;;;;;;;;;
2020-02-12;19:00:00;SEM ViTIMA;FINALIZADA;IPSEP;AV SENADOR ROBERT KENNEDY;677;;AO LADO DO AR RAÇÕES- PROX DE FERNANDO ÁGUA;IPSEP;;CIDADE;COLISÃO;COLISÃO ENTRE AUTO E CAMINHÃO S/V;1;;;;;;1;;;0;;Longo da via;Bom;Não existe;Não existente;Seca;Perfeito estado;Não existe;Não há placas;;Dupla;Canal;;
2020-02-12;19:56:00;SEM ViTIMA;FINALIZADA;BOA VIAGEM;RUA BRUNO VELOSO;;;E/F A POSTO BR;BOA VIAGEM;;CIDADE;COLISÃO;COLISAO SEM VITIMAS;2;;;;;;;;;0;;Longo da via;Bom;Não existe;Incompleta;Seca;Mal conservada;Faixa de pedestre;R-6a;;Única;Faixa seccionada;;
2020-02-12;20:41:00;COM VITIMA;FINALIZADA;PINA;AV ENGENHEIRO DOMINGOS FERREIRA;;RUA TOME GIBSON;;PINA;200;SUBURBIO;COLISÃO COM CICLISTA;COLISÃO ENTRE AUTO E CICLISTA C/V;1;;;1;;;;;;1;;Cruzamento;Bom;Sem defeito;Perfeito estado;Seca;Perfeito estado;Faixa de pedestre;Não há placas;;Única;Faixa contínua;Faixa seccionada;Canteiro central
2020-02-12;21:25:00;SEM ViTIMA;FINALIZADA;MACAXEIRA;AV NORTE;;;APÓS O PARQUE DA MACAXEIRA- PROX DA OFICINA BRASIL;MACAXEIRA;;CIDADE;COLISÃO;COLISÃO ENTRE AUTO E ÕNIBUS S/V;1;;;;;1;;;;0;;Longo da via;Bom;Não existe;Perfeito estado;Seca;Perfeito estado;Não existe;Outras;60 km/h;Dupla;Canteiro central;;
2020-02-12;22:38:00;COM VITIMA;CANCELADA;PINA;AV CONSELHEIRO AGUIAR;;;E/F AO CAMINHO DA SORTE;PINA;;;COLISÃO;COLISAO COM VITIMA;;1;;;;;;;;1;;;;;;;;;;;;;;
2020-02-12;23:06:00;SEM ViTIMA;FINALIZADA;BOA VIAGEM;RUA VISCONDE DE JEQUITINHONHA;2390;;PROX DO RECIFE FLAT SERVICE- AO LADO DO EDIFÍCIO SAINT JOHN;BOA VIAGEM;;SUBURBIO;CHOQUE VEÍCULO PARADO;AUTO CHOCOU-SE EM AUTO QUE ESTAVA ESTACIONADO S/V;2;;;;;;;;;0;;Longo da via;Bom;Não existe;Perfeito estado;Seca;Perfeito estado;Não existe;Não há placas;;Única;Faixa seccionada;;
2020-02-12;23:29:00;COM VITIMA;FINALIZADA;BOA VIAGEM;RUA JACK AYRES;;AV FERNANDO SIMOES BARBOSA;NA SAIDA DO SHOPPING RECIFE;BOA VIAGEM;183;SUBURBIO;COLISÃO FRONTAL;COLISÃO ENTRE AUTO E MOTO C/V;1;1;;;;;;;;1;;Cruzamento;Bom;Com defeito;Perfeito estado;Seca;Perfeito estado;Não existe;Não há placas;;Dupla;Faixa seccionada;;
2020-02-13;00:07:00;SEM ViTIMA;FINALIZADA;COHAB;AV MATO GROSSO;44;;PROX DA ASSEMBLEIA DE DEUS;COHAB;;SUBURBIO;COLISÃO;COLISÃO ENTRE AUTO E VIATURA S/V;1;;;;;;;1;;0;;Longo da via;Bom;Não existe;Perfeito estado;Seca;Perfeito estado;Não existe;Não há placas;;Dupla;Faixa seccionada;;
2020-02-13;03:23:00;SEM ViTIMA;FINALIZADA;AFOGADOS;RUA IMPERIAL;;;NA DESCIDA DO VIADUTO- SENTIDO AFOGADOS;AFOGADOS;;SUBURBIO;CHOQUE;VEÍCULO CHOCOU-SE CONTRA MURETA DE PROTEÇÃO;1;;;;;;;;;0;;Viaduto;Chuvoso;Não existe;Não existente;Molhada;Mal iluminada;Não existe;Não há placas;;Única;Não existe;;
2020-02-13;03:36:00;SEM ViTIMA;CANCELADA;BOA VIAGEM;RUA HENRIQUE CAPITULINO;;;EM FRENTE AO BAR DO PAULINHO- PROX DO POSTO PETROBRAS;BOA VIAGEM;;;COLISÃO;COLISÃO ENTRE DOIS AUTOS S/V;2;;;;;;;;;0;;;;;;;;;;;;;;
2020-02-13;05:46:00;SEM ViTIMA;FINALIZADA;DERBY;RUA JENER DE SOUZA;635;RUA DA BAIXA VERDE;AO LADO DO QUARTEL DO DERBY- PROX DO RESTAURANTE SEU FERREIRA;DERBY;;SUBURBIO;COLISÃO;COLISÃO ENTRE DOIS AUTOS S/V;2;;;;;;;;;0;;Cruzamento;Chuvoso;Não existe;Perfeito estado;Molhada;Perfeito estado;Faixa de pedestre;Outras;;Dupla;Faixa seccionada;Canteiro central;
2020-02-13;07:40:00;COM VITIMA;FINALIZADA;ESPINHEIRO;RUA DR VICENTE MEIRA;108;RUA VIGARIO BARRETO;OTICA DINIZ;ESPINHEIRO;;CIDADE;ABALROAMENTO TRANSVERSAL;COLISAO COM VITIMA. ENTRE MOTO E VEICULO;1;1;;;;;;;;1;;Esquina;Chuvoso;Não existe;Incompleta;Seca;Perfeito estado;Não existe;Não há placas;20 km/h;Dupla;Faixa seccionada;;
2020-02-13;08:01:00;SEM ViTIMA;FINALIZADA;SAN MARTIN;RUA JOSE VELOSO;16;RUA COMENDADOR FRANCO FERREIRA;PROX A CAVALARIA / AO LADO DA PRAÇA;SAN MARTIN;;;COLISÃO;DOIS AUTOS;2;;;;;;;;;0;;Cruzamento;Bom;Não existe;Incompleta;Seca;Mal conservada;Não existe;Placas Pare;;Dupla;Não existe;;
2020-02-13;08:31:00;SEM ViTIMA;FINALIZADA;JARDIM SÃO PAULO;RUA LORENA;;RUA LEANDRO BARRETO;AO LADO DA ACADEMIA WM;JARDIM SÃO PAULO;;SUBURBIO;COLISÃO;SEM VITIMAS;1;;;;;;1;;;0;;Cruzamento;Bom;Não existe;Incompleta;Seca;Perfeito estado;Não existe;Não há placas;30 km/h;Dupla;Faixa seccionada;;
2020-02-13;10:06:00;SEM ViTIMA;FINALIZADA;TORRÕES;AV ENGENHEIRO ABDIAS DE CARVALHO;1331;;E FRENTE A O POSTO IPIRANGA;TORRÕES;375;CIDADE;COLISÃO;SEM VITIMAS;1;;;;;1;;;;0;;Longo da via;Bom;Sem defeito;Perfeito estado;Seca;Perfeito estado;Agente;Outras;;Dupla;Canteiro central;;
2020-02-13;10:07:00;SEM ViTIMA;FINALIZADA;ESPINHEIRO;RUA DA HORA;378;;AO LADO DO LABORATÓRIO A+;ESPINHEIRO;;SUBURBIO;COLISÃO;COLISÃO S/VITIMAS ENTRE DOIS AUTOS;2;;;;;;;;;0;;Longo da via;Bom;Não existe;Perfeito estado;Seca;Perfeito estado;Não existe;Outras;;Única;Não existe;;
2020-02-13;10:51:00;SEM ViTIMA;FINALIZADA;BOA VIAGEM;RUA DOS NAVEGANTES;4558;RUA CORONEL BENEDITO CHAVES;POR TRÁS DO EDF. MARIA LEUPODINA;BOA VIAGEM;;;COLISÃO;COLISÃO S/VITIMAS ENTRE DOIS AUTOS;2;;;;;;;;;0;;Cruzamento;Bom;Não existe;Incompleta;Seca;Perfeito estado;Não existe;Não há placas;30 km/h;Única;Não existe;;
2020-02-13;11:11:00;SEM ViTIMA;FINALIZADA;AFOGADOS;RUA NICOLAU PEREIRA;;;AO LADO DOMURO DO SABAO BEM TE VI / POR TRAS DO MERCADO;AFOGADOS;;;COLISÃO;DOIS CAMINHOES;;;;;;;2;;;0;;Longo da via;Bom;Não existe;Perfeito estado;Seca;Perfeito estado;;;;Única;Não existe;;
2020-02-13;11:21:00;SEM ViTIMA;FINALIZADA;APIPUCOS;AV NORTE;8065;;;APIPUCOS;;SUBURBIO;ENGAVETAMENTO;SEM VITIMAS;4;;;;;;;;;0;;Longo da via;Bom;Não existe;Perfeito estado;Seca;Perfeito estado;Outros;Placas Pare;;Única;Não existe;;