data;hora;natureza_acidente;situacao;bairro;endereco;numero;detalhe_endereco_acidente;complemento;bairro_cruzamento;num_semaforo;sentido_via;tipo;descricao;auto;moto;ciclom;ciclista;pedestre;onibus;caminhao;viatura;outros;vitimas;vitimasfatais;acidente_verificado;tempo_clima;situacao_semaforo;sinalizacao;condicao_via;conservacao_via;ponto_controle;situacao_placa;velocidade_max_via;mao_direcao;divisao_via1;divisao_via2;divisao_via3
2020-02-15;09:30:00;COM VITIMA;FINALIZADA;BOA VIAGEM;RUA AMAZONAS;196;RUA TOME GIBSON;EM FRENTE AO EDF PARK AMAZONAS;BOA VIAGEM;;;ABALROAMENTO LONGITUDINAL;AUTO E MOTO;1;1;;;;;;;;1;;Cruzamento;Bom;Não existe;Perfeito estado;Seca;Perfeito estado;;Placas Pare;;Única;Não existe;;
2020-02-15;10:32:00;SEM ViTIMA;FINALIZADA;APIPUCOS;RUA MANDACARU;686;RUA DE APIPUCOS;PROX. AO POSTO DE GASOLINA PETROCAL;APIPUCOS;;;COLISÃO;MOTO E AUTO S/V USUARIO INF. QUE HOUVE UMA PANCADA NA PERNA- POREM NÃO DESEJA ACIONAR O SAMU OU BOMBEIRO // VT-13 NO LOCAL SUB. PAULO OLIVEIRA E FATIMA;1;1;;;;;;;;0;;Longo da via;Bom;Não existe;Perfeito estado;Seca;Perfeito estado;Não existe;Não há placas;;Dupla;Faixa seccionada;;
2020-02-15;10:47:00;SEM ViTIMA;CANCELADA;DERBY;RUA HENRIQUE DIAS;;;EM FRENTE A ESCOLA DA POLICIA MILITAR;DERBY;;;COLISÃO;COLISÃO SEM VITIMAS;1;1;;;;;;;;0;;;;;;;;;;;;;;
2020-02-15;11:18:00;COM VITIMA;FINALIZADA;SÃO JOSÉ;AV SUL;;;EM FRENTE AO ESTACIONAMENTO GERALDO ARAUJO;SÃO JOSÉ;;SUBURBIO;COLISÃO COM CICLISTA;ONIBUS E CICLISTA C/V;;;;1;;1;;;;1;;Longo da via;Bom;Não existe;Não existente;Seca;Perfeito estado;Não existe;Não há placas;;Dupla;Canteiro central;;
2020-02-15;11:24:00;SEM ViTIMA;FINALIZADA;COQUEIRAL;RUA GUANABARA;148;;EM FRENTE ACADEMIA  TECNOFORMA;COQUEIRAL;;;COLISÃO;COLISÃO SEM VITIMAS;1;;;;;1;;;;0;;Longo da via;Bom;Não existe;;Seca;Perfeito estado;Não existe;Não há placas;;Dupla;;;
2020-02-15;11:30:00;COM VITIMA;FINALIZADA;MADALENA;RUA BENFICA;;AV VISCONDE DE ALBUQUERQUE;EM FRENTE AO BOMPREÇO;MADALENA;51;;ABALROAMENTO TRANSVERSAL;COM UMA VITIMA -SAMU NO LOCAL -CTTU VT 07 NO LOCAL;1;;;;;1;;;;1;;Cruzamento;Bom;Sem defeito;Perfeito estado;Seca;Perfeito estado;Faixa de pedestre;Outras;40 km/h;Única;Faixa contínua;;
2020-02-15;11:35:00;SEM ViTIMA;FINALIZADA;GRAÇAS;AV GOVERNADOR AGAMENON MAGALHAES;1114;;EM FRENTE AO PREDIO DA EMBRATEL;GRAÇAS;173;BOA VIAGEM;COLISÃO;SEM VITIMAS;2;;;;;;;;1;0;;Longo da via;Bom;Sem defeito;Perfeito estado;Seca;Perfeito estado;Faixa de pedestre;Não há placas;60 km/h;Única;Canteiro central;;
2020-02-15;12:14:00;SEM ViTIMA;CANCELADA;BOA VISTA;RUA DO RIACHUELO;413;;EM FRENTE A O COLEGIO 2001;BOA VISTA;;;COLISÃO;SEM VITIMAS;1;;;;;;1;;;0;;;;;;;;;;;;;;
2020-02-15;13:38:00;SEM ViTIMA;FINALIZADA;BOA VIAGEM;AV CONSELHEIRO AGUIAR;4552;;EM FRENTE A FARMACIA DROGASIL;BOA VIAGEM;;;COLISÃO;SEM VITIMAS;2;;;;;;;;;0;;Longo da via;Bom;Sem defeito;Perfeito estado;Seca;Perfeito estado;Faixa de pedestre;Outras;40 km/h;Única;Faixa contínua;;
2020-02-15;13:57:00;SEM ViTIMA;FINALIZADA;PINA;RUA SAO LUIZ;615;AV ENGENHEIRO DOMINGOS FERREIRA;NA ENTRADA DO BODE-EM FRENTE A FARMACIA do trabalhador;PINA;;;ENGAVETAMENTO;SEM VITIMAS;3;;;;;;;;;0;;Longo da via;Bom;Não existe;Perfeito estado;Seca;Perfeito estado;;Placas Pare;;Única;Não existe;;
2020-02-15;14:51:00;SEM ViTIMA;FINALIZADA;TEJIPIÓ;AV DR JOSE RUFINO;2993;;EM FRENTE A ESCOLA HUMBERTO CASTELO BRANCO;TEJIPIÓ;;;COLISÃO;COLISÃO SEM ViTIMA;3;;;;;;;;;0;;Longo da via;Bom;Sem defeito;Perfeito estado;Seca;Perfeito estado;Faixa de pedestre;;;Dupla;Faixa contínua;Faixa seccionada;
2020-02-15;15:13:00;SEM ViTIMA;FINALIZADA;CASA AMARELA;AV NORTE;4621;;LADO OPOSTO A CLINI CÃO;CASA AMARELA;;CIDADE;COLISÃO;COLISÃO SEM ViTIMA;2;;;;;;;;;0;;Longo da via;Bom;Sem defeito;Perfeito estado;Seca;Mal conservada;Não existe;Não há placas;;Dupla;Canteiro central;;
2020-02-15;14:59:00;SEM ViTIMA;FINALIZADA;IPSEP;RUA POTENGY;55;RUA JEAN EMILE FAVRE;AO LADO DA GALERIA MARIA DE LOURDES;IPSEP;564;;ENGAVETAMENTO;SEM VITIMAS-OBS:MOTORISTA DO GOL RELATA QUE SOFREU UMA PANCADA NA CABEÇA-MAS QUE NÃO NECESSITA DE SOCORRO.;3;;;;;;;;;0;;Longo da via;Bom;Sem defeito;Ilegível;Seca;Perfeito estado;Faixa de pedestre;Outras;60 km/h;Única;Não existe;;
2020-02-15;15:58:00;SEM ViTIMA;FINALIZADA;MANGABEIRA;RUA DA MANGABEIRA;175;;RUA DO ARMAZEM MANGABEIRA;MANGABEIRA;;;COLISÃO;SEM VITIMAS;2;;;;;;;;;0;;Longo da via;Bom;Não existe;Perfeito estado;Seca;Perfeito estado;Não existe;R-6a;;Dupla;Faixa seccionada;;
2020-02-15;16:05:00;SEM ViTIMA;FINALIZADA;IMBIRIBEIRA;AV MARECHAL MASCARENHAS DE MORAES;2716;;EM FRENTE A FARMACIA PAGUE MENOS;IMBIRIBEIRA;290;AEROPORTO;COLISÃO;SEM VITIMAS;2;;;;;;;;;0;;Longo da via;Bom;Sem defeito;Perfeito estado;Seca;Perfeito estado;Faixa de pedestre;Não há placas;40 km/h;Única;Faixa contínua;;
2020-02-15;18:53:00;SEM ViTIMA;FINALIZADA;ENGENHO DO MEIO;RUA ALVARO TEIXEIRA DE MESQUITA;184;RUA PADRE RODRIGUES CAMPELO;ENF. A CRCHE MUNICIPAL WALDIR SAVLUSCHINSKE;ENGENHO DO MEIO;;SUBURBIO;CHOQUE;VEICULO CHOCOU-SE COM RESIDENCIA OBS:: SUSPEITA DE EMBRIAGUEZ;1;;;;;;;;;0;;Longo da via;Bom;Não existe;Incompleta;Seca;Perfeito estado;Não existe;Não há placas;;Dupla;Não existe;;
2020-02-15;20:51:00;SEM ViTIMA;FINALIZADA;BAIRRO DO RECIFE;RUA MADRE DEUS;;;PRÓX AO MARCOZERO E E/F AO PAÇO ALFANDEGA;BAIRRO DO RECIFE;;CIDADE;COLISÃO;ENTRE ÔNIBUS E AUTO PASSEIO. S/V;1;;;;;1;;;;0;;Longo da via;Bom;Não existe;Perfeito estado;Seca;Perfeito estado;Não existe;R-6a;;Única;Não existe;;
2020-02-15;21:25:00;SEM ViTIMA;FINALIZADA;DERBY;RUA JENER DE SOUZA;;;E/F A PRAÇA DO DERBY E AO QUARTEL;DERBY;;;COLISÃO;ERNTRE 2 AUTOS. S/V;2;;;;;;;;;0;;Longo da via;Bom;Não existe;Perfeito estado;Seca;Perfeito estado;Não existe;Outras;;Única;Faixa seccionada;;
2020-02-15;22:07:00;SEM ViTIMA;FINALIZADA;DERBY;RUA BENFICA;505;;SENTIDO DERBY ENF AO CLUBE INTERNACIONAL;DERBY;;CIDADE;COLISÃO;ONIBUS BORBOREMA X LOGAN;1;;;;;1;;;;0;;Longo da via;Bom;Não existe;Perfeito estado;Seca;Perfeito estado;;;;Única;Faixa seccionada;;
2020-02-15;22:36:00;SEM ViTIMA;FINALIZADA;BOA VIAGEM;AV BOA VIAGEM;6500;RUA BALTAZAR PASSOS;ENF. AO EDF. IVANIR SILVESTRE;BOA VIAGEM;;CIDADE;COLISÃO;ONIBUS BORBOREMA X SANDERO;1;;;;;1;;;;0;;Longo da via;Bom;Sem defeito;Perfeito estado;Seca;Perfeito estado;;Outras;60 km/h;Única;;;
2020-02-15;23:11:00;SEM ViTIMA;FINALIZADA;IBURA;AV DOIS RIOS;892;RUA RIO CHUI;SEMAFORO 475 / PRÓX A RAIO PRODUÇÕES E MERCADO SERVE BEM;IBURA;;;COLISÃO;ENTRE 2 AUTOS. S/V;2;;;;;;;;;0;;Longo da via;Bom;Sem defeito;Perfeito estado;Seca;Perfeito estado;Não existe;Não há placas;;Única;Faixa contínua;;
2020-02-16;05:54:00;SEM ViTIMA;FINALIZADA;IBURA;AV DOIS RIOS;;;EM FRENTE AO SUPERMERCADO SUPER BEM;IBURA;475;SUBURBIO;COLISÃO;COLISÃO ENTRE DOIS AUTOS- S/V;2;;;;;;;;;0;;Cruzamento;Chuvoso;Sem defeito;Perfeito estado;;Perfeito estado;Faixa de pedestre;R-6a;;Dupla;Faixa contínua;;
2020-02-16;08:38:00;SEM ViTIMA;FINALIZADA;VASCO DA GAMA;RUA PROFESSOR RUI DA SILVEIRA CASTRO;60;;RESIDENCIA NA SAIDA DO VASCO DA GAMA NO SENTIDO AV NORTE;VASCO DA GAMA;;;COLISÃO;COLISÃO SEM VITIMAS;1;1;;;;;;;;0;;Longo da via;Bom;Não existe;Não existente;Seca;Perfeito estado;Não existe;Não há placas;;Dupla;Não existe;;
2020-02-16;09:47:00;SEM ViTIMA;FINALIZADA;IBURA;AV MARIA IRENE;1064;;SENTIDO AEROPORTO;IBURA;;CIDADE;COLISÃO;;1;;;;;;;1;;0;;Longo da via;Bom;Não existe;Não existente;Seca;Perfeito estado;Não existe;Não há placas;;Dupla;Faixa contínua;;
2020-02-16;09:55:00;COM VITIMA;FINALIZADA;BOA VIAGEM;AV CONSELHEIRO AGUIAR;1350;;PROX AO CLINICAL CENTER;BOA VIAGEM;;SUBURBIO;COLISÃO TRASEIRA;COLISÃO COM VITIMA  GM  LUCIANO QTH;1;;;;;1;;;;1;;Longo da via;Bom;Não existe;Perfeito estado;Seca;Perfeito estado;Não existe;R-6a;;Única;Faixa contínua;;
2020-02-16;12:00:00;SEM ViTIMA;FINALIZADA;CAXANGÁ;AV CAXANGA;;;AO LADO DA UPA;CAXANGÁ;281;SUBURBIO;COLISÃO;COLISÃO SEM ViTIMAS ENTRE AUTO E CAMINHÃO;1;;;;;;1;;;0;;Cruzamento;Bom;Sem defeito;Perfeito estado;Seca;Perfeito estado;Faixa de pedestre;Outras;60 km/h;Dupla;Canteiro central;;
2020-02-16;12:16:00;SEM ViTIMA;FINALIZADA;MADALENA;EST DOS REMEDIOS;2416;AV JOSE GONCALVES DE MEDEIROS;ORTOBOM// POLICLINA LESSA DE ANDRANDE;MADALENA;353;CIDADE;COLISÃO;COLISAO S/ VITIMA. ENTRE DOIS VEICULOS;2;;;;;;;;;0;;Longo da via;Bom;Sem defeito;Perfeito estado;Seca;Perfeito estado;Faixa de pedestre;Não há placas;;Única;Faixa contínua;Faixa seccionada;
2020-02-16;12:40:00;SEM ViTIMA;CANCELADA;IBURA;RUA DR BENIGNO JORDAO DE VASCONCELOS;99;RUA PROFESSOR MARIO NEVES BAPTISTA;MERCADINHO ECONOMICO;IBURA;;;COLISÃO;COLISAO S/ VITIMA ENTRE DOIS VEICULOS;2;;;;;;;;;0;;;;;;;;;;;;;;
2020-02-16;14:12:00;SEM ViTIMA;FINALIZADA;BOA VIAGEM;RUA RIBEIRO DE BRITO;1326;;PROXIMO A FACULDADE NASSAU;BOA VIAGEM;;;COLISÃO;COLISÃO SEM ViTIMA;3;;;;;;;;;0;;Longo da via;Bom;Não existe;Perfeito estado;Seca;Perfeito estado;Outros;Outras;60 km/h;Única;Faixa seccionada;;
2020-02-16;15:51:00;SEM ViTIMA;FINALIZADA;VÁRZEA;AV CAXANGA;4477;;EM FRENTE AO CENTRO UNIVERSITARIO TIRADENTES/ SENTIDO CIDADE;VÁRZEA;231;CIDADE;COLISÃO;COLISÃO SEM ViTIMA;1;1;;;;;;;;0;;Longo da via;Bom;Sem defeito;Perfeito estado;Seca;Perfeito estado;Faixa de pedestre;R-26;;Dupla;Faixa seccionada;Canteiro central;
2020-02-16;16:31:00;COM VITIMA;FINALIZADA;ESPINHEIRO;RUA SANTO ELIAS;478;RUA DO ESPINHEIRO;EM FRENTE AO POSTO IPIRANGA;ESPINHEIRO;;CIDADE;ABALROAMENTO TRANSVERSAL;COLISÃO COM VITIMA;;2;;;;;;;;1;;Cruzamento;Bom;Não existe;Perfeito estado;Seca;Perfeito estado;Faixa de pedestre;Placas Pare;;Única;Faixa seccionada;;
2020-02-16;17:24:00;SEM ViTIMA;FINALIZADA;SAN MARTIN;RUA VINTE E UM DE ABRIL;631;RUA COMENDADOR FRANCO FERREIRA;EM FRENTE À DROGASIL;SAN MARTIN;;C;COLISÃO;COLISÃO ENTRE 2 AUTOS- SEM ViTIMAS.;2;;;;;;;;;0;;Esquina;Bom;Não existe;Perfeito estado;Seca;Perfeito estado;Não existe;R-4a;;Dupla;Não existe;;
2020-02-16;18:26:00;SEM ViTIMA;FINALIZADA;VÁRZEA;RUA PROFESSOR CHAVES BATISTA;81;AV CAXANGA;E/F AO BOI BRAZA BOI BRASA E AO LADO DO POSTO DISLUB;VÁRZEA;;CIDADE;COLISÃO;ONIBUS DE TURISMO X HONDA CIVIC;1;;;;;1;;;;0;;Longo da via;Bom;Sem defeito;Perfeito estado;Seca;Perfeito estado;Outros;Outras;;Única;Faixa seccionada;;
2020-02-16;18:42:00;COM VITIMA;CANCELADA;BOA VIAGEM;RUA BARAO DE SOUZA LEAO;1422;RUA CAMBOIM;PROX A IGREJA CATOLICA E POSTO DE GASOLINA BR DESATIVADO;BOA VIAGEM;;;COLISÃO COM CICLISTA;CICLISTA X ONIBUS VERA CRUZ;;;;1;;1;;;;1;;;;;;;;;;;;;;
2020-02-16;20:15:00;SEM ViTIMA;FINALIZADA;BOA VIAGEM;AV BOA VIAGEM;4820;;ENF AO CONDOMINIO EDF. BELA VISTA;BOA VIAGEM;;CIDADE;COLISÃO;LOGAN X OPALA;2;;;;;;;;;0;;Longo da via;Bom;Não existe;Perfeito estado;Seca;Perfeito estado;Não existe;Outras;;Única;Faixa seccionada;;
2020-02-16;20:45:00;COM VITIMA;FINALIZADA;BAIRRO DO RECIFE;CAIS DO APOLO;142;;LADO OPOSTO AO TRIBUNAL DA JUSTIÇA E APÓS A PREFEITURA;BAIRRO DO RECIFE;;SUBURBIO;ATROPELAMENTO;ENTRE MOTO E PEDESTRE. C/V;;1;;;1;;;;;1;;Longo da via;Bom;Não existe;Perfeito estado;Seca;Perfeito estado;Não existe;Não há placas;;Única;Faixa seccionada;;
2020-02-16;21:09:00;COM VITIMA;FINALIZADA;BOA VIAGEM;AV ENGENHEIRO DOMINGOS FERREIRA;4060;RUA RIBEIRO DE BRITO;SEMÁFORO 155 // VT 30 NO LOCAL;BOA VIAGEM;155;SUBURBIO;ABALROAMENTO TRANSVERSAL;ENTRE AMBULÂNCIA E AUTO PASSEIO. C/V;1;;;;;;1;;;2;;Cruzamento;Bom;Sem defeito;Perfeito estado;Seca;Perfeito estado;Faixa de pedestre;Não há placas;;Única;Faixa seccionada;;
2020-02-16;21:32:00;COM VITIMA;CANCELADA;CAMPINA DO BARRETO;RUA DAS MOCAS;1281;RUA EXP JAMIL DAGLI;BEIRA CANAL NA ENTRADA DE CHAO DE ESTRELA // PROX AO RESTAURANTE E PIZZARIA APLANTICA;CAMPINA DO BARRETO;;;COLISÃO;FIESTA X MOTO;1;1;;;;;;;;1;;;;;;;;;;;;;;
2020-02-16;22:21:00;SEM ViTIMA;FINALIZADA;CAMPO GRANDE;RUA PROFESSOR FRANCISCO DA TRINDADE;318;RUA SAO CAETANO;POR TRÁS DO CLUBES DAS PÁS;CAMPO GRANDE;;SUBURBIO;COLISÃO;ENTRE 2 AUTOS. S/V;2;;;;;;;;;0;;Longo da via;Bom;Não existe;Perfeito estado;Seca;Perfeito estado;Faixa de retenção;Placas Pare;;Única;Faixa contínua;;
2020-02-16;22:33:00;SEM ViTIMA;FINALIZADA;CORDEIRO;AV CAXANGA;1562;;E/F A ESTAÇÃO GETULIO VAG- SNT CAMARAGIBE;CORDEIRO;;;COLISÃO;ENTRE BRT E AUTO PASSEIO. S/V;1;;;;;1;;;;0;;Longo da via;Bom;Não existe;Perfeito estado;Seca;Perfeito estado;Outros;Outras;;Dupla;Faixa contínua;Canteiro central;
2020-02-17;06:28:00;SEM ViTIMA;FINALIZADA;AREIAS;RUA DR VILAS BOAS;31;;NA RUA DO CARTÓRIO ELEITORAL;AREIAS;;SUBURBIO;CHOQUE;CHOQUE COM ÁRVORE;1;;;;;;;;;0;;Longo da via;Chuvoso;Não existe;Incompleta;Molhada;Mal conservada;Não existe;Não há placas;;Dupla;Não existe;;
2020-02-17;07:00:00;SEM ViTIMA;FINALIZADA;DERBY;AV GOVERNADOR AGAMENON MAGALHAES;75;RUA LUIZ BARBALHO;E/F A PRAÇA DO DERBY (SENT. BOA VIAGEM) / VIA PRINCIPAL;DERBY;417;SUBURBIO;COLISÃO;COLISÃO S/VITIMAS ENTRE UM AUTO E UMA MOTO (GM JOAO VITOR E MAURICIO SANTOS NO QTH);1;1;;;;;;;;0;;Longo da via;Bom;Sem defeito;Perfeito estado;Seca;Perfeito estado;Agente;Não há placas;60 km/h;Dupla;Faixa seccionada;Canteiro central;
2020-02-17;07:01:00;SEM ViTIMA;FINALIZADA;MADALENA;AV CAXANGA;;;AO LADO DA CELPE EM FRENTE A ESTAÇÃO ABOLIÇÃO BRT;MADALENA;264;CIDADE;COLISÃO;DOIS AUTOS;2;;;;;;;;;0;;Longo da via;Bom;Sem defeito;Perfeito estado;Seca;Perfeito estado;Faixa de pedestre;R-6a;;Dupla;Canteiro central;;
2020-02-17;07:14:00;COM VITIMA;FINALIZADA;BOA VIAGEM;RUA PADRE CARAPUCEIRO;968;;EM FRENTE AO EMPRESARIAL JANETE COSTA;BOA VIAGEM;;CIDADE;COLISÃO TRASEIRA;MOTO E AUTO PASSEIO;1;1;;;;;;;;1;;Longo da via;Bom;Não existe;Perfeito estado;Seca;Perfeito estado;Não existe;Outras;;Única;Faixa seccionada;;
2020-02-17;07:26:00;SEM ViTIMA;FINALIZADA;DERBY;RUA JOAQUIM NABUCO;;AV GOVERNADOR AGAMENON MAGALHAES;E/F AO ESTACIONAMENTO DO HOSPITAL DA RESTAURAÇÃO;DERBY;174;;COLISÃO;COLISÃO S/VITIMAS ENTRE DOIS AUTOS (GM EVERTON SILVA E EVANDRO RAMOS NO QTH);2;;;;;;;;;0;;Longo da via;Bom;Sem defeito;Perfeito estado;Seca;Perfeito estado;Agente;Outras;60 km/h;Única;Faixa seccionada;;
2020-02-17;07:41:00;SEM ViTIMA;FINALIZADA;SANTO AMARO;AV GOVERNADOR AGAMENON MAGALHAES;151;;LADO OPOSTO AO POSTO BR;SANTO AMARO;378;;COLISÃO;COLISÃO S/VITIMAS ENTRE UM AUTO E UM ONIBUS (GM IVAN E DANILO NO QTH);1;;;;;1;;;;0;;Outros;Bom;Sem defeito;Perfeito estado;Seca;Perfeito estado;Faixa de pedestre;Não há placas;60 km/h;Dupla;Canteiro central;;
2020-02-17;08:29:00;SEM ViTIMA;FINALIZADA;ENGENHO DO MEIO;RUA ANTONIO CURADO;30;;EM FRENTE AO CLUBE DA SUDENE;ENGENHO DO MEIO;;;COLISÃO;DOIS AUTOS;2;;;;;;;;;0;;Longo da via;Bom;Não existe;;Seca;Perfeito estado;;;40 km/h;Dupla;Faixa seccionada;;
2020-02-17;08:45:00;COM VITIMA;FINALIZADA;IMBIRIBEIRA;RUA JULIO VERNE;217;RUA ARQUITETO LUIZ NUNES;AO LADO DA PAPELARIA BORGES;IMBIRIBEIRA;;SUBURBIO;ABALROAMENTO LONGITUDINAL;COLISÃO C/VITIMAS ENTRE UMA MOTO E UM AUTO;1;1;;;;;;;;1;;Longo da via;Bom;Não existe;Perfeito estado;Seca;Perfeito estado;Não existe;Não há placas;;Única;Faixa seccionada;;
2020-02-17;08:52:00;COM VITIMA;FINALIZADA;IMBIRIBEIRA;AV MARECHAL MASCARENHAS DE MORAES;7935A;;LADO OPOSTO DA CAIXA ECONOMICA- SENT. JABOATÃO - CONTINENTAL DRIVE AUTO CENTER;IMBIRIBEIRA;625;SUBURBIO;COLISÃO TRASEIRA;AUTO E MOTO;1;1;;;;;;;;1;;Longo da via;Bom;Sem defeito;Perfeito estado;Seca;Perfeito estado;Não existe;Não há placas;60 km/h;Dupla;Canteiro central;;
2020-02-17;08:52:00;SEM ViTIMA;FINALIZADA;MADALENA;AV ENGENHEIRO ABDIAS DE CARVALHO;2990;;E/F AO CAMARÃO DO LÉO;MADALENA;;CIDADE;COLISÃO;COLISÃO S/VITIMAS ENTRE UM AUTO E UMA MOTO;1;1;;;;;;;;0;;Longo da via;Bom;Não existe;Perfeito estado;Seca;Perfeito estado;Não existe;R-6a;;Dupla;Canteiro central;;
2020-02-17;09:27:00;SEM ViTIMA;FINALIZADA;GRAÇAS;AV RUI BARBOSA;218;;EM FRENTE AO BANCO ITAU;GRAÇAS;102;CIDADE;COLISÃO;DOIS AUTOS;2;;;;;;;;;0;;Longo da via;Bom;Sem defeito;Perfeito estado;Seca;Perfeito estado;Faixa de pedestre;Outras;60 km/h;Única;Faixa contínua;;
2020-02-17;09:47:00;COM VITIMA;FINALIZADA;ILHA DO LEITE;RUA SENADOR JOSE HENRIQUE;;RUA ESTADO DE ISRAEL;ESQUINA DA ESCOLA POETA MANOEL BANDEIRA;ILHA DO LEITE;;SUBURBIO;ABALROAMENTO LONGITUDINAL;AUTO E MOTO;1;1;;;;;;;;1;;Longo da via;Bom;Não existe;Perfeito estado;Seca;Perfeito estado;Faixa de pedestre;Placas Pare;;Única;Faixa seccionada;;
2020-02-17;09:54:00;SEM ViTIMA;FINALIZADA;CORDEIRO;RUA PACIFICO DA LUZ;104;;EM FRENT AO PORTAL DA CARNE DE SOL;CORDEIRO;;SUBURBIO;COLISÃO;CAMINHAO DO LIXO E AUTO PASSEIO;1;;;;;;1;;;0;;Longo da via;Bom;Não existe;Não existente;Seca;Mal conservada;Não existe;Não há placas;;Dupla;Não existe;;
2020-02-17;10:05:00;SEM ViTIMA;FINALIZADA;BOA VISTA;AV JOAO DE BARROS;35;RUA MONTE CASTELO;E/F A PG AUTO POSTO (AUTOS ESTACIONADOS DENTRO DO POSTO);BOA VISTA;356;CIDADE;COLISÃO;COLISÃO S/VITIMAS ENTRE DOIS AUTOS;2;;;;;;;;;0;;Longo da via;Bom;Sem defeito;Perfeito estado;Seca;Perfeito estado;;Não há placas;;Única;;;
2020-02-17;10:06:00;COM VITIMA;FINALIZADA;IMBIRIBEIRA;AV MARECHAL MASCARENHAS DE MORAES;4762;;EM FRENT A CASA DAS EMBREAGENS;IMBIRIBEIRA;;SUBURBIO;COLISÃO TRASEIRA;TRES MOTOS E UM AUTO PASSEIO / MTS 03 / 31 NO QTH;1;3;;;;;;;;1;;Longo da via;Chuvoso;Não existe;Não existente;Molhada;Perfeito estado;Não existe;;60 km/h;Dupla;Faixa seccionada;;
2020-02-17;10:23:00;SEM ViTIMA;CANCELADA;CAXANGÁ;AV CAXANGA;731;;EM FRENTE A LOJA PLAZA VEICULOS;CAXANGÁ;;CIDADE;COLISÃO;DOIS AUTOS;2;;;;;;;;;0;;;;;;;;;;;;;;
2020-02-17;10:25:00;SEM ViTIMA;FINALIZADA;IBURA;RUA VALE DO CARIRI;26;;PROX. AO TREVO E ARAMAZEM JUPITER;IBURA;;;COLISÃO;CAMINHÃO E AUTO;1;;;;;;1;;;0;;Longo da via;Bom;Não existe;Incompleta;Seca;Perfeito estado;Não existe;Não há placas;30 km/h;Dupla;Não existe;;
2020-02-17;10:50:00;SEM ViTIMA;FINALIZADA;JARDIM SÃO PAULO;RUA GUEDES ALCOFORADO;87 A;;EM FRENTE AO ATELIER DIVINA MODA;JARDIM SÃO PAULO;;;COLISÃO;ONIBUS E AUTO PASSEIO;1;;;;;1;;;;0;;Esquina;Bom;;Não existente;Seca;Perfeito estado;Não existe;Não há placas;;Dupla;Não existe;;
2020-02-17;10:58:00;COM VITIMA;FINALIZADA;CAMPO GRANDE;RUA JERONIMO VILELA;161;RUA MARQUES DE ABRANTES;EM FRENTE A LOJA GRÃO NATURAL;CAMPO GRANDE;;;COLISÃO FRONTAL;AUTO E MOTO;1;1;;;;;;;;1;;Cruzamento;Bom;Não existe;Perfeito estado;Seca;Perfeito estado;Não existe;Outras;;Dupla;Faixa seccionada;;
2020-02-17;10:59:00;SEM ViTIMA;FINALIZADA;BOA VIAGEM;AV BOA VIAGEM;6306;RUA JOAO CARDOSO AIRES;E/F AO EDF. ANTONIO DIAS CARDOSO;BOA VIAGEM;149;CIDADE;COLISÃO;COLISÃO S/VTIMAS ENTRE DOIS AUTOS;2;;;;;;;;;0;;Cruzamento;Bom;Sem defeito;Perfeito estado;Seca;Perfeito estado;Outros;Não há placas;;Única;Faixa contínua;;
2020-02-17;11:20:00;SEM ViTIMA;FINALIZADA;IPSEP;RUA JEAN EMILE FAVRE;S/N;;E/F A DELTA VEICULOS;IPSEP;135;SUBURBIO;COLISÃO;COLISÃO S/VTIMAS ENTRE DOIS AUTOS;2;;;;;;;;;0;;Longo da via;Bom;Sem defeito;Perfeito estado;Seca;Perfeito estado;Faixa de pedestre;Outras;;Dupla;Faixa contínua;;
2020-02-17;13:11:00;SEM ViTIMA;FINALIZADA;SÃO JOSÉ;AV SUL;;PRC SERGIO LORETO;EM FRENTE AO POSTE BO15328;SÃO JOSÉ;;;COLISÃO;COLISÃO SEM VITIMA;1;;;;;1;;;;0;;Longo da via;Bom;Não existe;Não existente;Seca;Perfeito estado;Não existe;Não há placas;60 km/h;Única;Faixa seccionada;;
2020-02-17;13:25:00;SEM ViTIMA;CANCELADA;DERBY;AV GOVERNADOR AGAMENON MAGALHAES;241;;E/F AO CENTRO DE REPRODUÇAO HUMANA PISTA LOCAL CONDUTO SE DESLOCOU PARA RUA CARLOS DE LIMA CAVALCANTI;DERBY;;;COLISÃO;COLISAO ENTRE ONIBUS E AUTOS S/V;1;;;;;1;;;;0;;;;;;;;;;;;;;
2020-02-17;14:57:00;SEM ViTIMA;CANCELADA;CASA AMARELA;AV NORTE;;;E/F AO DESKONTAO S/T CID;CASA AMARELA;;;COLISÃO;COLISAO ENTRE DOIS AUTOS S/V;2;;;;;;;;;0;;;;;;;;;;;;;;
2020-02-17;15:11:00;SEM ViTIMA;FINALIZADA;MADALENA;AV ENGENHEIRO ABDIAS DE CARVALHO;2056;EST DOS REMEDIOS;FARMACIA INDEPENDENTE // DROGASIL;MADALENA;52;CIDADE;ENGAVETAMENTO;ENGAVETAMENTO ENTRE TRES VEICULOS. VT 16 GM: GEANE E BRUNO CORREIA NO LOCAL;3;;;;;;;;;0;;Cruzamento;Bom;Sem defeito;Incompleta;Seca;Perfeito estado;Agente;R-6a;;Dupla;Faixa seccionada;;
2020-02-17;15:15:00;SEM ViTIMA;FINALIZADA;AFOGADOS;RUA DA PAZ;82;RUA NICOLAU PEREIRA;E/F A FABRICA DA ASA NO SEMAFORO 073;AFOGADOS;;;COLISÃO;COLISAO NETRE DOIS AUTOS S/V;2;;;;;;;;;0;;Longo da via;Bom;Não existe;Ilegível;Seca;Mal conservada;Não existe;R-6a;;Única;Não existe;;