data;hora;natureza_acidente;situacao;bairro;endereco;numero;detalhe_endereco_acidente;complemento;bairro_cruzamento;num_semaforo;sentido_via;tipo;descricao;auto;moto;ciclom;ciclista;pedestre;onibus;caminhao;viatura;outros;vitimas;vitimasfatais;acidente_verificado;tempo_clima;situacao_semaforo;sinalizacao;condicao_via;conservacao_via;ponto_controle;situacao_placa;velocidade_max_via;mao_direcao;divisao_via1;divisao_via2;divisao_via3
2020-02-17;15:49:00;COM VITIMA;FINALIZADA;SÃO JOSÉ;VDO DAS CINCO PONTAS;18;;16º BATALHAO;SÃO JOSÉ;;SUBURBIO;ABALROAMENTO LONGITUDINAL;COLISAO COM VITIMA ENTRE CARRO E MOTO. CARRO FOI EMBORA DO LOCAL;1;1;;;;;;;;1;;Viaduto;Bom;Não existe;Perfeito estado;Seca;Perfeito estado;Não existe;Outras;40 km/h;Única;Faixa seccionada;;
2020-02-17;16:14:00;SEM ViTIMA;FINALIZADA;JOANA BEZERRA;AV DES GUERRA BARRETO;S/N;;E/F AO FORUM JOANA BEZERRA;JOANA BEZERRA;;CIDADE;COLISÃO;COLISAO ENTRE DOIS AUTOS S/V;2;;;;;;;;;0;;Longo da via;Bom;Não existe;Perfeito estado;Seca;Perfeito estado;Faixa de pedestre;R-6a;;Dupla;Faixa contínua;;
2020-02-17;16:45:00;SEM ViTIMA;FINALIZADA;SÃO JOSÉ;AV ENGENHEIRO JOSE ESTELITA;;;PROX AO CABANGA E/F AO CAIS;SÃO JOSÉ;;SUBURBIO;COLISÃO;COLISAO ENTRE DOIS AUTOS S/V;1;1;;;;;;;;0;;Longo da via;Bom;Não existe;Perfeito estado;Seca;Perfeito estado;Não existe;Não há placas;;Dupla;Canteiro central;;
2020-02-17;17:23:00;COM VITIMA;FINALIZADA;ENCRUZILHADA;AV BEBERIBE;575B;;E/F A FERREIRA PINTO E ESTRELINHA KIDS.;ENCRUZILHADA;480;CIDADE;COLISÃO;COLISAO COM VITIMA;;1;;;;1;;;;1;;Longo da via;Bom;Sem defeito;Perfeito estado;Seca;Perfeito estado;;R-6a;;Dupla;Faixa contínua;Faixa seccionada;
2020-02-17;18:01:00;SEM ViTIMA;FINALIZADA;AREIAS;RUA CAPITAO BRAZ DE BARROS;84;;POR TRÁS DO TERMINAL VILA CARDIAL SILVA;AREIAS;;;COLISÃO;ENTRE 2 AUTOS. S/V;2;;;;;;;;;0;;Cruzamento;Bom;Não existe;Não existente;Seca;Perfeito estado;Não existe;Não há placas;;Dupla;Não existe;;
2020-02-17;18:06:00;COM VITIMA;CANCELADA;DOIS UNIDOS;AV HILDEBRANDO DE VASCONCELOS;;;E/F AO SUPERMERCADO GALEGO E TERMINAL DE DOIS UNIDOS;DOIS UNIDOS;;;COLISÃO COM CICLISTA;ENTRE AUTO E CICLISTA. C/V;1;;;1;;;;;;1;;;;;;;;;;;;;;
2020-02-17;18:21:00;SEM ViTIMA;FINALIZADA;BOA VIAGEM;AV CONSELHEIRO AGUIAR;2034;;E/F AO MINUTO PÃO DE AÇUCAR;BOA VIAGEM;;CIDADE;ENGAVETAMENTO;ENTRE 3 AUTOS. S/V;3;;;;;;;;;0;;Longo da via;Bom;Não existe;Perfeito estado;Seca;Perfeito estado;Não existe;Outras;;Única;Faixa seccionada;;
2020-02-17;19:29:00;SEM ViTIMA;FINALIZADA;PAISSANDU;RUA PAISSANDU;S/N;RUA EPAMINONDAS DE MELO;PROX A PARADA DE ONIBUS;PAISSANDU;69;SUBURBIO;COLISÃO;FIAT UNO X;2;;;;;;;;;0;;Cruzamento;Bom;Sem defeito;Perfeito estado;Seca;Mal iluminada;Faixa de pedestre;Não há placas;60 km/h;Única;Faixa seccionada;;
2020-02-17;19:49:00;COM VITIMA;FINALIZADA;VÁRZEA;AV CAXANGA;;;SOBRE A PONTE MAL. HUMBERTO CASTELO BRANCO SENTIDO CAMARAGIBE;VÁRZEA;;SUBURBIO;ABALROAMENTO LONGITUDINAL;AUTO E MOTO.;1;1;;;;;;;;1;;Longo da via;Bom;Não existe;Perfeito estado;Seca;Perfeito estado;Não existe;Não há placas;;Dupla;Faixa seccionada;Canteiro central;
2020-02-17;20:03:00;COM VITIMA;FINALIZADA;DOIS IRMÃOS;RUA DOIS IRMAOS;523;;PROX A ROSE BELTRAO RECEPÇOES;DOIS IRMÃOS;;CIDADE;CHOQUE OBJETO FIXO;VEICULO CHOCOU-SE COM ARVORE;1;;;;;;;;;1;;Longo da via;Bom;Não existe;Ilegível;Seca;Mal iluminada;Não existe;Não há placas;;Dupla;Faixa contínua;;
2020-02-17;21:09:00;SEM ViTIMA;FINALIZADA;DERBY;AV GOVERNADOR AGAMENON MAGALHAES;;RUA JORNALISTA PAULO BITTENCOURT;E/F AO HOSPITAl DA RESTAURAÇÃO;DERBY;;;COLISÃO;ENTRE ÕNIBUS E AUTO PASSEIO. S/V;1;;;;;1;;;;0;;Esquina;Bom;Não existe;Perfeito estado;Seca;Perfeito estado;Não existe;Não há placas;60 km/h;Dupla;Canal;;
2020-02-17;21:43:00;SEM ViTIMA;FINALIZADA;BOA VIAGEM;AV BEIRA MAR;114;;IGRAJA BEIRA MAR (FAMILIA 61);BOA VIAGEM;;SUBURBIO;COLISÃO;TUCSON X ONIBUS BORBOREMA;1;;;;;1;;;;0;;Longo da via;Bom;Sem defeito;Perfeito estado;Seca;Perfeito estado;Faixa de pedestre;Não há placas;60 km/h;Única;Faixa seccionada;;
2020-02-17;22:20:00;COM VITIMA;FINALIZADA;IBURA;RUA RIO DA PRATA;244;;PRÓX AO CANAL. PRÓXIMO A LEO CAR.;IBURA;;;ABALROAMENTO LONGITUDINAL;ENTRE VT DA POLÍCIA E MOTO. C/V;;1;;;;;;1;;1;;Longo da via;Bom;Não existe;Ilegível;Seca;Perfeito estado;Não existe;Não há placas;;Dupla;Não existe;;
2020-02-18;05:35:00;COM VITIMA;FINALIZADA;ARRUDA;AV BEBERIBE;;AV PROFESSOR JOSE DOS ANJOS;EM FRENTE AO POSTO BR;ARRUDA;131;CIDADE;ABALROAMENTO LONGITUDINAL;ABALROAMENTO SEGUIDO DE ATROPELAMENTO ENVOLVENDO ÔNIBUS- AUTO E PEDESTRE C/V;1;;;;1;1;;;;1;;Longo da via;Bom;Sem defeito;Perfeito estado;Seca;Perfeito estado;Faixa de pedestre;Não há placas;;Dupla;Faixa contínua;;
2020-02-18;08:17:00;SEM ViTIMA;FINALIZADA;PINA;AV ANTONIO DE GOES;;AV CONSELHEIRO AGUIAR;EM FRENTE A HONDA;PINA;226;CIDADE;COLISÃO;DOIS AUTOS // GM SUB NATALICIO P.O NO QTH;2;;;;;;;;;0;;Longo da via;Bom;Sem defeito;Perfeito estado;Seca;Perfeito estado;Agente;R-8a;60 km/h;Única;Faixa contínua;Faixa seccionada;
2020-02-18;08:23:00;SEM ViTIMA;FINALIZADA;AREIAS;AV RECIFE;;AV CAPITAO GREGORIO DE CALDAS;NA ENTRADA DA VILA CARDEAL  AO LADO DO BIG BOM PREÇO;AREIAS;494;CIDADE;COLISÃO;COLISÃO SEM VITIMAS;1;;;;;1;;;;0;;Esquina;Bom;Sem defeito;Incompleta;Seca;Perfeito estado;Faixa de pedestre;Não há placas;;Dupla;Faixa seccionada;;
2020-02-18;08:33:00;COM VITIMA;FINALIZADA;ENGENHO DO MEIO;RUA ANTONIO CURADO;80;RUA FRANCISCO BEZERRA MONTEIRO;EM FRENTE ACADEMIA  AG FITNESS;ENGENHO DO MEIO;;;COLISÃO COM CICLISTA;VITIMA A ESPERA  DO SAMU;1;;;1;;;;;;1;;Esquina;Bom;Não existe;Perfeito estado;Seca;Perfeito estado;Não existe;Não há placas;;Dupla;Faixa seccionada;;
2020-02-18;09:36:00;COM VITIMA;FINALIZADA;JOANA BEZERRA;RUA CONCEICAO DE MACABU;;;ENTRADA DA TI JOANA BEZERRA;JOANA BEZERRA;;CIDADE;ATROPELAMENTO;ONIBUS E PEDESTRE;;;;;1;1;;;;1;;Longo da via;Bom;Não existe;Perfeito estado;Seca;Perfeito estado;Não existe;Não há placas;20 km/h;Única;Faixa seccionada;;
2020-02-18;09:53:00;COM VITIMA;FINALIZADA;PINA;AV ANTONIO DE GOES;275;;EM FRENTE  AO ITC  INTERNACIONAL  TRADE CENTER;PINA;;CIDADE;COLISÃO COM CICLISTA;COLISÃO ENTRE AUTO- MOTO E BICICLETA NÃO IDENTIFICADA POIS FOI RETIRADA DO LOCAL POR POPULARES.;1;1;;1;;;;;;1;;Longo da via;Bom;Não existe;Perfeito estado;Seca;Perfeito estado;Não existe;Não há placas;60 km/h;Única;Faixa seccionada;;
2020-02-18;10:04:00;SEM ViTIMA;FINALIZADA;ESTÂNCIA;AV RECIFE;5516;;EM FRENTE Á IMPERIAL EQUIPAMENROS;ESTÂNCIA;;CIDADE;COLISÃO;COLISAO SEM VITIMAS;2;;;;;;;;;0;;Longo da via;Bom;Não existe;Perfeito estado;Seca;Perfeito estado;Não existe;Não há placas;;Dupla;Faixa seccionada;;
2020-02-18;10:13:00;SEM ViTIMA;FINALIZADA;PINA;AV ANTONIO DE GOES;312;RUA JOSE MARIANO FILHO;AO LADO  DA ARENA DDV  E AO EMPRESARIAL NEWTON  DE MELO  FAIXA  DA  DIREITA;PINA;538;CIDADE;COLISÃO;COLISÃO SEM VITIMAS;2;;;;;;;;;0;;Longo da via;Bom;Sem defeito;Perfeito estado;Seca;Perfeito estado;Agente;Outras;;Única;Faixa contínua;Faixa seccionada;
2020-02-18;11:23:00;SEM ViTIMA;FINALIZADA;BOA VIAGEM;PRC INDUSTRIAL MIGUEL SANTOS;70;;EM FRENTE AO EDF. JAIME NEJAIM;BOA VIAGEM;;SUBURBIO;COLISÃO;DOIS AUTOS;2;;;;;;;;;0;;Outros;Bom;Não existe;Perfeito estado;Seca;Perfeito estado;Não existe;Não há placas;30 km/h;Única;Não existe;;
2020-02-18;12:21:00;SEM ViTIMA;CANCELADA;ALTO JOSÉ DO PINHO;RUA ARACATIARA;;;E/F AO COLEGIO DAS FREIRAS E O MERCADINHO POPULAR;ALTO JOSÉ DO PINHO;;;COLISÃO;COLISAO ENTRE DUAS MOTOS E UM ALTO S/V;1;2;;;;;;;;0;;;;;;;;;;;;;;
2020-02-18;12:58:00;SEM ViTIMA;FINALIZADA;JOANA BEZERRA;PTE JOSE DE BARROS LIMA;;;SENTIDO BOA VIAGEM;JOANA BEZERRA;;SUBURBIO;CHOQUE OBJETO FIXO;COM BLOCO DE CONCRETO E SEGUINDA TOMBAMENTO;1;;;;;;;;;0;;Longo da via;Bom;Não existe;Perfeito estado;Seca;Perfeito estado;Outros;Outras;60 km/h;Dupla;Faixa seccionada;Canteiro central;
2020-02-18;13:07:00;SEM ViTIMA;CANCELADA;IMBIRIBEIRA;AV DOM JOAO VI;46;AV ANTONIO TORRES GALVAO;E/F A JUNIOR CAR INJEÇÃO ELETRÔNICA (SENT. BOA VIAGEM);IMBIRIBEIRA;543;;COLISÃO;COLISÃO S/VITIMAS ENTRE DOIS AUTOS;2;;;;;;;;;0;;;;;;;;;;;;;;
2020-02-18;13:22:00;SEM ViTIMA;FINALIZADA;JOANA BEZERRA;AV DES GUERRA BARRETO;;AV BEIRA RIO;NO SEMAFORO 038 E/F AO FORUM JONA BEZERRA;JOANA BEZERRA;38;;COLISÃO;COLISAO ENTRE DOIS AUTOS S/V;2;;;;;;;;;0;;Longo da via;Bom;Sem defeito;Perfeito estado;Seca;Perfeito estado;Faixa de pedestre;R-25a;;Única;Faixa contínua;;
2020-02-18;14:08:00;SEM ViTIMA;FINALIZADA;MACAXEIRA;RUA FLAVIO GUERRA;53;;EM FRENTE A FABRICA UNIGELO;MACAXEIRA;;SUBURBIO;COLISÃO;COLISÃO SEM ViTIMA;1;;;;;;1;;;0;;Longo da via;Bom;Não existe;Não existente;Seca;Perfeito estado;Não existe;Não há placas;;Dupla;Não existe;;
2020-02-18;14:29:00;SEM ViTIMA;FINALIZADA;MADALENA;RUA BENFICA;;;PROX A PRAÇA DO INTERNACIONAL E/F AO POSTO BR;MADALENA;515;SUBURBIO;COLISÃO;COLISAO ENTRE DOIS AUTOS S/V;2;;;;;;;;;0;;Longo da via;Bom;Sem defeito;Perfeito estado;Seca;Perfeito estado;Faixa de pedestre;Não há placas;60 km/h;Única;Faixa seccionada;;
2020-02-18;14:34:00;SEM ViTIMA;FINALIZADA;IMBIRIBEIRA;AV ENGENHEIRO ALVES DE SOUZA;245;;EM FRENTE A DROGASIL;IMBIRIBEIRA;634;SUBURBIO;COLISÃO;COLISÃO SEM ViTIMA;2;;;;;;;;;0;;Longo da via;Bom;Sem defeito;Perfeito estado;Seca;Perfeito estado;Faixa de pedestre;R-6a;;Dupla;Não existe;;
2020-02-18;14:53:00;COM VITIMA;FINALIZADA;PINA;AVENIDA CELSO FURTADO (VIA MANGUE);;;NA SUBIDA DO VIATUDO/ SENTIDO RIO MAR;PINA;;CIDADE;COLISÃO;COLISÃO COM VITIMA;2;1;;;;;;;;1;;Longo da via;Bom;Não existe;Perfeito estado;Seca;Perfeito estado;Não existe;Não há placas;60 km/h;Dupla;Canteiro central;;
2020-02-18;15:09:00;SEM ViTIMA;FINALIZADA;BOA VISTA;RUA JOAQUIM FELIPE;60;;PREDIO DA CELPE;BOA VISTA;;SUBURBIO;ENGAVETAMENTO;S/ VITIMA ENTRE TRES VEICULOS;3;;;;;;;;;0;;Longo da via;Bom;Não existe;Perfeito estado;Seca;Perfeito estado;Não existe;R-6a;;Única;Faixa contínua;;
2020-02-18;15:16:00;SEM ViTIMA;FINALIZADA;PINA;AV ENGENHEIRO DOMINGOS FERREIRA;306;;E/F AO SUPERMERCADO EXTRABOM;PINA;;SUBURBIO;COLISÃO;COLISÃO S/VITIMAS ENTRE DOIS AUTOS;2;;;;;;;;;0;;Longo da via;Bom;Não existe;Perfeito estado;Seca;Perfeito estado;Agente;Não há placas;60 km/h;Única;Canteiro central;;
2020-02-18;15:31:00;SEM ViTIMA;FINALIZADA;CASA FORTE;AV DEZESSETE DE AGOSTO;1017;RUA SANT'ANNA;AO LADO DO CPOR RECIFE;CASA FORTE;389;SUBURBIO;COLISÃO;COLISÃO S/VITIMAS ENTRE DOIS AUTOS;2;;;;;;;;;0;;Longo da via;Bom;Não existe;Perfeito estado;Seca;Perfeito estado;Não existe;R-6a;;Dupla;Faixa contínua;Faixa seccionada;
2020-02-18;15:57:00;SEM ViTIMA;FINALIZADA;BOA VIAGEM;RUA CAPITAO ZUZINHA;286;RUA SA E SOUZA;RESIDENCIAL JARDIM EUROPA;BOA VIAGEM;420;AEROPORTO/PRAIA;COLISÃO;COLISAO S/ VITIMA. ENTRE DOIS VEICULOS;2;;;;;;;;;0;;Longo da via;Bom;Sem defeito;Perfeito estado;Seca;Perfeito estado;Faixa de pedestre;Outras;;Única;Faixa seccionada;;
2020-02-18;16:27:00;SEM ViTIMA;FINALIZADA;BOA VIAGEM;RUA DR JOAO GUILHERME DE P SOBRINHO;249;;NA RUA DO HOSPITAL DA UNIMED;BOA VIAGEM;;;COLISÃO;COLISAO ENTRE DOIS AUTOS S/V;2;;;;;;;;;0;;Longo da via;Bom;Não existe;Não existente;Seca;Mal conservada;Não existe;Não há placas;;Única;Não existe;;
2020-02-18;17:02:00;SEM ViTIMA;FINALIZADA;VASCO DA GAMA;RUA DOIS DE FEVEREIRO;;;E/F A GRANJA SELECTA;VASCO DA GAMA;;;COLISÃO;COLISAO ENTRE MICRO ONIBUS E AUTOS S/V;1;;;;;1;;;;0;;;;;;;;;;;;;;
2020-02-18;17:22:00;SEM ViTIMA;FINALIZADA;ILHA DO LEITE;RUA GENERAL JOAQUIM INACIO;35;RUA ESTADO DE ISRAEL;E/F A FARMACIA PAGUE MENOS BATEDOR DA MOTO 22 E 34 NO LOCAL;ILHA DO LEITE;373;;COLISÃO;COLISAO ENTRE TRES AUTOS S/V;3;;;;;;;;;0;;Longo da via;Bom;Sem defeito;Perfeito estado;Seca;Perfeito estado;Faixa de pedestre;R-4b;;Única;Faixa contínua;;
2020-02-18;17:44:00;COM VITIMA;FINALIZADA;PINA;AV ENGENHEIRO DOMINGOS FERREIRA;170;;E/F A ASISTENCIA TÉCNICA DA SAMSUNG;PINA;;SUBURBIO;COLISÃO TRASEIRA;COLISÃO C/VITIMA ENTRE UMA MOTO E UM AUTO;1;1;;;;;;;;1;;Longo da via;Bom;Não existe;Perfeito estado;Seca;Perfeito estado;Não existe;R-6a;;Única;Faixa seccionada;;
2020-02-18;17:49:00;SEM ViTIMA;FINALIZADA;JORDÃO;AV MARIA IRENE;;;EMBAIXO DO TÚNEL;JORDÃO;;SUBURBIO;COLISÃO;COLISÃO S/VITIMAS;2;;;;;;;;;0;;Outros;Bom;Não existe;Não existente;Seca;Mal conservada;Não existe;Não há placas;60 km/h;Dupla;Canteiro central;;
2020-02-18;18:54:00;COM VITIMA;FINALIZADA;SANTO AMARO;AV GOVERNADOR AGAMENON MAGALHAES;;AV DR JAYME DA FONTE;AO LADO DO INSTITUTO CRIMINALISTA- SNT OLINDA;SANTO AMARO;49;SUBURBIO;COLISÃO TRASEIRA;MOTO X AUTO. C/V;1;1;;;;;;;;1;;Longo da via;Bom;Sem defeito;Perfeito estado;Seca;Perfeito estado;Faixa de pedestre;Não há placas;;Dupla;Canal;;
2020-02-18;19:23:00;SEM ViTIMA;FINALIZADA;AFOGADOS;RUA IMPERIAL;;;PONTE DA IMPERIAL NA SUBIDA;AFOGADOS;;SUBURBIO;COLISÃO;ENTRE 3 AUTOS. S/V;3;;;;;;;;;0;;Longo da via;Bom;Sem defeito;Perfeito estado;Seca;Perfeito estado;Outros;Outras;;Única;Faixa seccionada;;
2020-02-18;19:33:00;SEM ViTIMA;FINALIZADA;JOANA BEZERRA;AV MARTIN LUTHER KING;;;E/F A ACADEMIA DA CIDADE;JOANA BEZERRA;;;COLISÃO;ENTRE ÕNIBUS E AUTO PASSEIO. S/V;1;;;;;1;;;;0;;Longo da via;Bom;Não existe;Perfeito estado;Seca;Perfeito estado;Não existe;Não há placas;;Única;Canteiro central;;
2020-02-18;19:37:00;SEM ViTIMA;FINALIZADA;ILHA DO LEITE;AV GOVERNADOR AGAMENON MAGALHAES;;RUA DR JOAO ASFORA;NA DESCIDA DO VIADUTO CAP TEMUDOM / E/F AO HOSPITAL PORTUGUES- SNT CONTRÁRIO;ILHA DO LEITE;;CIDADE;COLISÃO;CAMINHÃO E AUTO. S/V;1;;;;;;1;;;0;;Esquina;Bom;Sem defeito;Perfeito estado;Seca;Perfeito estado;Faixa de pedestre;;;Dupla;Faixa seccionada;;
2020-02-18;19:52:00;SEM ViTIMA;CANCELADA;BOA VIAGEM;AV FERNANDO SIMOES BARBOSA;;;PROX AO CANAL DA CONSTRUÇAO;BOA VIAGEM;;;COLISÃO;COLISAO SEM VITIMAS;1;1;;;;;;;;0;;;;;;;;;;;;;;
2020-02-18;19:58:00;SEM ViTIMA;FINALIZADA;CASA AMARELA;RUA XAVANTES;177;RUA OSCAR DE BARROS;PROX AO MERCADO CANELA;CASA AMARELA;;SUBURBIO;COLISÃO;COLISAO SEM VITIMAS;2;;;;;;;;;0;;Cruzamento;Bom;Não existe;Perfeito estado;Seca;Perfeito estado;Não existe;Placas Pare;;Única;Não existe;;
2020-02-18;22:00:00;SEM ViTIMA;FINALIZADA;IMBIRIBEIRA;RUA OLIVIA MENELAU;93;AV MARECHAL MASCARENHAS DE MORAES;SEMÁFORO 396;IMBIRIBEIRA;396;SUBURBIO;COLISÃO;ENTRE 3 AUTOS. S/V;3;;;;;;;;;0;;Longo da via;Chuvoso;Sem defeito;Perfeito estado;Molhada;Perfeito estado;Faixa de pedestre;Outras;;Única;Faixa seccionada;;
2020-02-18;23:24:00;SEM ViTIMA;FINALIZADA;AFOGADOS;RUA SANTA EDWIRGES;295;RUA PADRE TEOFILO TWORZ;NO CRUZAMENTO MESMO;AFOGADOS;;SUBURBIO;COLISÃO;COLISAO SEM VITIMAS;2;;;;;;;;;0;;Cruzamento;Chuvoso;Não existe;Perfeito estado;Molhada;Perfeito estado;Faixa de pedestre;Placas Pare;;Dupla;Faixa contínua;;
2020-02-19;06:25:00;COM VITIMA;FINALIZADA;ESPINHEIRO;AV GOVERNADOR AGAMENON MAGALHAES;2764;RUA BUENOS AYRES;E/F AO BANCO DO NORDESTE (SNET. BOA VIAGEM) / VIA PRINCIPAL;ESPINHEIRO;78;BOA VIAGEM;COLISÃO TRASEIRA;COLISÃO C/VITIMAS ENTRE DUAS MOTOS;;2;;;;;;;;2;;Cruzamento;Bom;Sem defeito;Perfeito estado;Seca;Perfeito estado;Faixa de pedestre;Outras;60 km/h;Dupla;Canteiro central;;
2020-02-19;07:59:00;SEM ViTIMA;CANCELADA;AFLITOS;RUA TEIXEIRA PINTO;38;;EM FRENTE AO  EDIFICIO MANOEL BANDEIRA;AFLITOS;;;COLISÃO;COLISÃO SEM VITIMAS;1;1;;;;;;;;0;;;;;;;;;;;;;;
2020-02-19;08:29:00;COM VITIMA;FINALIZADA;BOA VIAGEM;RUA MARQUES DE VALENCA;300;RUA JOAO DIAS MARTINS;ESQ DA IGREJA NS DE FATIMA;BOA VIAGEM;;SUBURBIO;ABALROAMENTO TRANSVERSAL;MOTO E AUTO;1;1;;;;;;;;1;;Cruzamento;Bom;Não existe;Incompleta;Seca;Perfeito estado;;R-4a;;Dupla;Não existe;;
2020-02-19;08:32:00;COM VITIMA;FINALIZADA;MADALENA;AV VISCONDE DE ALBUQUERQUE;401;RUA LOPES DE CARVALHO;EM FRENTE A GALERIA MADALENA CENTER;MADALENA;;SUBURBIO;ABALROAMENTO LONGITUDINAL;COLISÃO COM VITIMA SOCORRIDA PELO SAMU;1;1;;;;;;;;1;;Longo da via;Bom;Não existe;Perfeito estado;Seca;Perfeito estado;Não existe;Outras;;Única;Faixa contínua;Faixa seccionada;
2020-02-19;08:33:00;SEM ViTIMA;CANCELADA;CAXANGÁ;RUA RIBEIRO PESSOA;345;;DEPOIS DA UPA;CAXANGÁ;;;COLISÃO;COLISAO SEM VITIMAS;1;;;;;1;;;;0;;;;;;;;;;;;;;
2020-02-19;08:49:00;SEM ViTIMA;FINALIZADA;BOA VIAGEM;RUA JACK AYRES;;RUA PROFESSOR JULIO FERREIRA DE MELO;NA SAIDA DO SHOPPING CENTER RECIFE  EM FRENTE AO BAR  DO AMARELINHO;BOA VIAGEM;;;COLISÃO;COLISÃO SEM VITIMAS;2;;;;;;;;;0;;Cruzamento;Bom;Não existe;Perfeito estado;Seca;Perfeito estado;Faixa de retenção;Placas Pare;20 km/h;Única;Não existe;;
2020-02-19;08:55:00;SEM ViTIMA;CANCELADA;BOA VIAGEM;AV DOM JOAO VI;;;AO LADO DO SHOPPING RECIFE / EM FRENTE AO CANAL;BOA VIAGEM;;;COLISÃO;DOIS AUTOS;2;;;;;;;;;0;;;;;;;;;;;;;;
2020-02-19;09:19:00;SEM ViTIMA;FINALIZADA;BARRO;RUA PADRE DIOGO RODRIGUES;43;;AO LADO DA PRIMEIRA IGREJA BATISTA EM AREIAS;BARRO;;;COLISÃO;COLISÃO SEM  VITIMAS;2;;;;;;;;;0;;Longo da via;Bom;Não existe;Não existente;Seca;Perfeito estado;Não existe;Não há placas;;Dupla;Não existe;;
2020-02-19;09:20:00;SEM ViTIMA;FINALIZADA;BOA VIAGEM;RUA TOME GIBSON;;RUA TOME GIBSON;NA SAÍDA DA VIA MANGUE (INÍCIO DA RUA TOMÉ GIBSON) / SENT. PINA;BOA VIAGEM;;CIDADE;COLISÃO;COLISÃO S/VITIMAS ENTRE DOIS AUTOS;2;;;;;;;;;0;;Longo da via;Bom;Não existe;Perfeito estado;Seca;Perfeito estado;Não existe;Outras;;Dupla;Canteiro central;;
2020-02-17;09:23:00;SEM ViTIMA;FINALIZADA;MANGABEIRA;AV PROFESSOR JOSE DOS ANJOS;1192;;;MANGABEIRA;364;;COLISÃO TRASEIRA;COLISÃO S/ VÍTIMAS;1;1;;;;;;;;0;;Longo da via;Bom;Sem defeito;Perfeito estado;Seca;Perfeito estado;Faixa de pedestre;R-6a;;Única;Faixa seccionada;;
2020-02-19;09:48:00;SEM ViTIMA;FINALIZADA;DERBY;RUA GUILHERME PINTO;636;;EM FRENTE A VERD -FRUT  E AO BLOCO D. DA MAURICIO  DE NASSAU;DERBY;;SUBURBIO;COLISÃO;COLISÃO SEM VITIMAS;1;;;;;1;;;;0;;Longo da via;Bom;Sem defeito;Perfeito estado;Seca;Perfeito estado;Não existe;R-6a;;Única;Faixa seccionada;;
2020-02-19;10:46:00;SEM ViTIMA;FINALIZADA;CASA AMARELA;AV NORTE;5402;;EM FRENTE A UPINHA;CASA AMARELA;;SUBURBIO;COLISÃO;COLISAO SEM VITIMAS;;;;;;1;;;;0;;Longo da via;Bom;Não existe;Perfeito estado;Seca;Perfeito estado;Faixa de pedestre;;;Dupla;Canteiro central;;
2020-02-19;11:02:00;SEM ViTIMA;FINALIZADA;BOA VISTA;RUA DO PROGRESSO;242;;E/F EMPRESARIAL PROGRESSO;BOA VISTA;;CIDADE;COLISÃO;COLISÃO S/VITIMAS ENTRE UM CAMINHÃO E UMA RETROESCAVADEIRA;;;;;;;1;;1;0;;Longo da via;Bom;Não existe;Perfeito estado;Seca;Perfeito estado;Não existe;Não há placas;40 km/h;Única;Não existe;;
2020-02-19;11:24:00;SEM ViTIMA;CANCELADA;IPSEP;RUA ALDEMAR DE OLIVEIRA;198;;RUA DA LOJA DE PNEUS;IPSEP;;;CHOQUE OBJETO FIXO;CAMINHAO CHOCOU-SE COM O POSTE DERRUBANDO OS FIOS E O POSTE PARTIU-SE AO MEIO / MOTORISTA SE ENCONTRA NO LOCAL POREM NAO ENTROU EM CONTATO COM A CTTU;;;;;;;1;;;0;;;;;;;;;;;;;;
2020-02-19;11:29:00;SEM ViTIMA;FINALIZADA;SAN MARTIN;AV ENGENHEIRO ABDIAS DE CARVALHO;;AV GENERAL SAN MARTIN;EM FRENTE AO COMPAZ;SAN MARTIN;58;;COLISÃO;COLISÃO SEM VITIMAS;1;1;;;;;;;;0;;Longo da via;Bom;Sem defeito;Perfeito estado;Seca;Perfeito estado;Agente;Outras;;Dupla;Faixa contínua;Faixa seccionada;Canteiro central
2020-02-19;11:57:00;COM VITIMA;FINALIZADA;MORRO DA CONCEIÇÃO;COR DO BARTOLOMEU;179;;PROXIMO HAIKAI SUSHIBAR BURGUER;MORRO DA CONCEIÇÃO;;SUBURBIO;ABALROAMENTO TRANSVERSAL;COLISAO COM VITIMAS;;2;;;;;;;;2;;Longo da via;Bom;Não existe;Perfeito estado;Seca;Perfeito estado;Não existe;Outras;;Dupla;Faixa seccionada;;
2020-02-19;12:04:00;SEM ViTIMA;FINALIZADA;BOA VIAGEM;AV ANTONIO DE GOES;549;;AO LADO DO POSTO DA SULA AMERICA;BOA VIAGEM;538;CIDADE;COLISÃO;COLISAO SEM VITIMAS;2;;;;;;;;;0;;Longo da via;Bom;Sem defeito;Perfeito estado;Seca;Perfeito estado;Agente;Outras;;Única;Faixa contínua;Faixa seccionada;
2020-02-19;12:40:00;SEM ViTIMA;CANCELADA;DERBY;AV GOVERNADOR AGAMENON MAGALHAES;;;EM FRENTE A MAXI SEGURO E AO LADO DO BANCO DO BRASIL/ SENTIDO OLINDA;DERBY;;;COLISÃO;COLISÃO SEM ViTIMA;1;1;;;;;;;;0;;;;;;;;;;;;;;