data;hora;natureza_acidente;situacao;bairro;endereco;numero;detalhe_endereco_acidente;complemento;bairro_cruzamento;num_semaforo;sentido_via;tipo;descricao;auto;moto;ciclom;ciclista;pedestre;onibus;caminhao;viatura;outros;vitimas;vitimasfatais;acidente_verificado;tempo_clima;situacao_semaforo;sinalizacao;condicao_via;conservacao_via;ponto_controle;situacao_placa;velocidade_max_via;mao_direcao;divisao_via1;divisao_via2;divisao_via3
2020-02-19;12:42:00;SEM ViTIMA;CANCELADA;SÃO JOSÉ;RUA PRIMEIRO DE MARCO;;AV MARTINS DE BARROS;NO CRUZAMENTO MESMO;SÃO JOSÉ;;;COLISÃO;COLISAO SEM VITIMAS;1;1;;;;;;;;0;;;;;;;;;;;;;;
2020-02-19;12:59:00;SEM ViTIMA;CANCELADA;SANTO AMARO;AV MARIO MELO;;;E/F A ESCOLA CONEGO ROCHEL DE MEDEIROS;SANTO AMARO;;;COLISÃO;COLISAO SEM VITIMAS;2;;;;;;;;;0;;;;;;;;;;;;;;
2020-02-19;13:48:00;SEM ViTIMA;FINALIZADA;BOA VISTA;RUA DOM BOSCO;;;E/F AO COLEGIO SALESIANO;BOA VISTA;;CIDADE;COLISÃO;COLISAO SEM VITIMAS;2;;;;;;;;;0;;Longo da via;Bom;Não existe;Perfeito estado;Seca;Perfeito estado;Outros;Outras;;Única;Outros;;
2020-02-19;13:50:00;SEM ViTIMA;FINALIZADA;VÁRZEA;RUA FRANCISCO LACERDA;;RUA FRANCISCO LACERDA;E/F A ESCOLA CRISTÃ;VÁRZEA;;SUBURBIO;COLISÃO;COLISAO ENTRE DOIS AUTOS S/V VT 16 NO LOCAL;2;;;;;;;;;0;;Cruzamento;Bom;Não existe;Perfeito estado;Seca;Perfeito estado;Não existe;R-6a;;Dupla;Não existe;;
2020-02-19;14:02:00;SEM ViTIMA;FINALIZADA;BOA VISTA;AV CONDE DA BOA VISTA;;;EM FRENTE A FARMACIA INDEPENDENTE/ SENTIDO AGAMENON;BOA VISTA;23;;COLISÃO;COLISÃO SEM ViTIMA;1;;;;;1;;;;0;;;Bom;Sem defeito;Perfeito estado;Seca;Perfeito estado;;;40 km/h;Única;Não existe;;
2020-02-19;14:06:00;SEM ViTIMA;CANCELADA;IBURA;RUA RIO XINGU;180;;E/F A PANIFICADORA QUE PAO;IBURA;;;COLISÃO;COLISAO SEM VITIMAS;1;1;;;;;;;;0;;;;;;;;;;;;;;
2020-02-19;14:59:00;SEM ViTIMA;FINALIZADA;PINA;AV ANTONIO DE GOES;60;;AO LADO DO JCPM;PINA;226;CIDADE;COLISÃO;COLISAO ENTRE DOIS AUTOS S/V;2;;;;;;;;;0;;Longo da via;Bom;Sem defeito;Perfeito estado;Seca;Perfeito estado;Faixa de pedestre;Outras;60 km/h;Única;Faixa seccionada;;
2020-02-19;15:41:00;SEM ViTIMA;FINALIZADA;BOA VISTA;RUA DAS FRONTEIRAS;76;;EM FRENTE A URGENCIA DO MEMORIAL SÃO JOSÉ;BOA VISTA;;SUBURBIO;COLISÃO;COLISÃO SEM ViTIMA;2;;;;;;;;;0;;Longo da via;Bom;Não existe;Incompleta;Seca;Perfeito estado;Não existe;Outras;;Única;Não existe;;
2020-02-19;17:04:00;SEM ViTIMA;FINALIZADA;BONGI;AV CONSUL VILARES FRAGOSO;374;;PROX A CELPE;BONGI;;SUBURBIO;COLISÃO;COLISAO SEM VITIMAS;1;1;;;;;;;;0;;Cruzamento;Bom;Não existe;Perfeito estado;Seca;Mal conservada;Não existe;R-6a;30 km/h;Dupla;Faixa seccionada;;
2020-02-19;17:06:00;SEM ViTIMA;FINALIZADA;PINA;AV ANTONIO DE GOES;;;E/F PRF S/T CID;PINA;;CIDADE;COLISÃO;COLISAO ENTRE DOIS AUTOS S/V;2;;;;;;;;;0;;Longo da via;Bom;Não existe;Perfeito estado;Seca;Perfeito estado;Não existe;Placas Pare;40 km/h;Única;Não existe;;
2020-02-19;17:14:00;SEM ViTIMA;DUPLICIDADE;BONGI;AV CONSUL VILARES FRAGOSO;269;;PROXIMO AO RESIDENCIAL MORADA RECIFE;BONGI;;;COLISÃO;COLISÃO SEM ViTIMA;1;1;;;;;;;;0;;;;;;;;;;;;;;
2020-02-19;17:14:00;SEM ViTIMA;FINALIZADA;VÁRZEA;RUA GENERAL POLIDORO;397;;PROX A PADARIA DELICATESSEN;VÁRZEA;577;SUBURBIO;COLISÃO;COLISAO SEM VITIMAS;1;;;;;;1;;;0;;Longo da via;Bom;Sem defeito;Perfeito estado;Seca;Perfeito estado;Faixa de pedestre;Outras;;Dupla;Não existe;;
2020-02-19;17:28:00;SEM ViTIMA;FINALIZADA;CASA AMARELA;RUA DA HARMONIA;;;PROX A IGREJA DA HARMONIA;CASA AMARELA;598;SUBURBIO;COLISÃO;COLISAO SEM VITIMAS;1;;;;;1;;;;0;;Esquina;Bom;Sem defeito;Perfeito estado;Seca;Perfeito estado;Faixa de retenção;Outras;;Dupla;Não existe;;
2020-02-19;17:40:00;SEM ViTIMA;FINALIZADA;BOA VISTA;AV GOVERNADOR AGAMENON MAGALHAES;;;E/F AO CLUBE PORTUGUES;BOA VISTA;;;COLISÃO;COLISAO SEM VITIMAS;2;;;;;;;;;0;;Cruzamento;Bom;Sem defeito;Perfeito estado;Seca;Perfeito estado;Faixa de pedestre;;60 km/h;Dupla;Canal;;
2020-02-19;18:15:00;SEM ViTIMA;FINALIZADA;PINA;AV ANTONIO DE GOES;449;RUA MIRANDA FALCAO;ENF A LG // PROX A ICONNECT ASSISTENCIA TECNICA;PINA;277;CIDADE;COLISÃO;GOL X MOTO HONDA CG 160;1;1;;;;;;;;0;;Longo da via;Bom;Sem defeito;Perfeito estado;Seca;Perfeito estado;Agente;Placas Pare;60 km/h;Única;Canteiro central;;
2020-02-19;18:33:00;SEM ViTIMA;FINALIZADA;TAMARINEIRA;RUA CONEGO BARATA;571;;ENF A MANA DELICATESSEN;TAMARINEIRA;;;COLISÃO;GOL X ONIX OBS:: SUSPEITA DE EMBRIAGUES O MOTORISTA ESTA MUITO ALTERADO;2;;;;;;;;;0;;Longo da via;Bom;Sem defeito;Perfeito estado;Seca;Perfeito estado;Não existe;Outras;;Dupla;Faixa seccionada;;
2020-02-19;18:42:00;COM VITIMA;FINALIZADA;PINA;AV ENGENHEIRO DOMINGOS FERREIRA;;RUA PEREIRA DA COSTA;ENF AO CLINICAL CENTER;PINA;142;SUBURBIO;COLISÃO TRASEIRA;MMC/L200 MITSUBISHI X FAN 160;1;1;;;;;;;;1;;Cruzamento;Bom;Sem defeito;Perfeito estado;Seca;Perfeito estado;Faixa de pedestre;Não há placas;;Única;Faixa seccionada;Canteiro central;
2020-02-19;18:59:00;COM VITIMA;FINALIZADA;IPSEP;RUA HELIO BRANDAO;362;RUA SAO NICOLAU;PROX A V8 VEICULOS;IPSEP;565;;COLISÃO;COLISAO COM VITIMAS;;1;;;;;1;;;1;;Cruzamento;Bom;Sem defeito;Perfeito estado;Seca;Perfeito estado;Faixa de pedestre;Outras;;Única;Não existe;;
2020-02-19;19:28:00;SEM ViTIMA;FINALIZADA;TAMARINEIRA;RUA CONEGO BARATA;571;;PROX A FERREIRA COSTA;TAMARINEIRA;;SUBURBIO;COLISÃO;COLISAO SEM VITIMAS;2;;;;;;;;;0;;Longo da via;Bom;Não existe;Perfeito estado;Seca;Perfeito estado;Outros;Outras;;Dupla;Blocos;;
2020-02-19;19:52:00;SEM ViTIMA;FINALIZADA;BOA VISTA;RUA DO HOSPICIO;940;;AO LADO DA CAIXA ECONOMICA FEDERAL;BOA VISTA;;CIDADE;COLISÃO;MOBI X VIRTUS;2;;;;;;;;;0;;Longo da via;Bom;Sem defeito;Perfeito estado;Seca;Perfeito estado;Faixa de pedestre;Não há placas;40 km/h;Dupla;Faixa contínua;;
2020-02-19;20:13:00;SEM ViTIMA;FINALIZADA;PAISSANDU;AV GOVERNADOR AGAMENON MAGALHAES;4760;RUA PAISSANDU;ENF. AO HOSPITAL PORTUGUES // SENTIDO BOA VIAGEM;PAISSANDU;69;SUBURBIO;COLISÃO;KILD X HILUX;2;;;;;;;;;0;;Longo da via;Chuvoso;Sem defeito;Perfeito estado;Molhada;Perfeito estado;Faixa de pedestre;Outras;60 km/h;Única;Faixa seccionada;;
2020-02-19;20:13:00;SEM ViTIMA;FINALIZADA;SANTO ANTÔNIO;AV MARTINS DE BARROS;;;ENF. AO MINISTERIO PUBLICO DE PE.;SANTO ANTÔNIO;;CIDADE;COLISÃO;FIAT TORO X ONIBUS CAXANGA;1;;;;;1;;;;0;;Longo da via;Bom;Sem defeito;Perfeito estado;Seca;Perfeito estado;Não existe;Outras;;Única;Faixa seccionada;;
2020-02-19;20:41:00;SEM ViTIMA;FINALIZADA;ENCRUZILHADA;RUA DONA ELVIRA;194;RUA DONA ELVIRA;PROX A QUITANDARIA;ENCRUZILHADA;;SUBURBIO;COLISÃO;COLISAO SEM VITIMAS;2;;;;;;;;;0;;Cruzamento;Bom;Não existe;Ilegível;Seca;Mal iluminada;Não existe;Placas Pare;;Dupla;Não existe;;
2020-02-19;21:41:00;SEM ViTIMA;FINALIZADA;CASA FORTE;AV DEZESSETE DE AGOSTO;;;E/F A PRAÇA DE CASA FORTE;CASA FORTE;372;CIDADE;COLISÃO;COLISAO SEM VITIMAS;2;1;;;;;;;;0;;Longo da via;Chuvoso;Sem defeito;Perfeito estado;Molhada;Perfeito estado;Faixa de pedestre;R-6a;;Dupla;Faixa seccionada;;
2020-02-19;22:15:00;COM VITIMA;CANCELADA;SÃO JOSÉ;AV SUL;;;POR BAIXO DO VIADUTO CAPITAO TEMUDO;SÃO JOSÉ;;;ATROPELAMENTO;MOTO E PEDESTRE;;1;;;1;;;;;2;;;;;;;;;;;;;;
2020-02-20;06:36:00;SEM ViTIMA;FINALIZADA;TAMARINEIRA;EST VELHA DE AGUA FRIA;999;EST VELHA DE AGUA FRIA;E/F AO DNOCS;TAMARINEIRA;306;;COLISÃO;COLISÃO S/VITIMAS ENTRE DOIS AUTOS;2;;;;;;;;;0;;Cruzamento;Chuvoso;Desligado;Perfeito estado;Molhada;Perfeito estado;Faixa de pedestre;Não há placas;;Dupla;Blocos;;
2020-02-20;07:35:00;SEM ViTIMA;FINALIZADA;ILHA DO LEITE;RUA ANTONIO GOMES DE FREITAS;;PRC MIGUEL DE CERVANTES;EM FRENTE  A PRAÇA MIGUEL DE CERVANTES;ILHA DO LEITE;;CIDADE;COLISÃO;COLISÃO SEM VITIMAS;2;;;;;;;;;0;;Cruzamento;Chuvoso;Não existe;Perfeito estado;Molhada;Perfeito estado;Faixa de pedestre;Placas Pare;;Única;Faixa seccionada;;
2020-02-20;07:51:00;COM VITIMA;FINALIZADA;IMBIRIBEIRA;AV MARECHAL MASCARENHAS DE MORAES;3930;;E/F A O LOCALIZA;IMBIRIBEIRA;218;CIDADE;COLISÃO COM CICLISTA;COLISÃO C/VITIMAS ENTRE UMA MOTO E UMA BICICLETA;;1;;1;;;;;;2;;Longo da via;Bom;Sem defeito;Perfeito estado;Seca;Perfeito estado;Faixa de pedestre;Outras;;;Canteiro central;;
2020-02-20;08:10:00;SEM ViTIMA;FINALIZADA;IPUTINGA;RUA LEAL DE BARROS;610;;RESIDENCIA  PROX  AO BAR DONA NICE;IPUTINGA;;CIDADE;COLISÃO;COLISÃO SEM VITIMAS;2;;;;;;;;;0;;Longo da via;Nublado;Não existe;Não existente;Seca;Outros;Não existe;Não há placas;;Dupla;Não existe;;
2020-02-20;08:15:00;SEM ViTIMA;FINALIZADA;ILHA DO RETIRO;AV BEIRA RIO;400;;100 METROS APÓS O EDF. MARIA TERESA COELHO;ILHA DO RETIRO;;SUBURBIO;COLISÃO;COLISÃO S/ VITIMAS ENTRE DOIS AUTOS- SEGUIDA DE CAPOTAMENTO // USUÁRIO INFORMA ESCORIAÇÕES- NO ENTANTO- NÃO ACIONARÃO O SAMU;2;;;;;;;;;0;;Longo da via;Bom;Sem defeito;Perfeito estado;Seca;Perfeito estado;Não existe;Não há placas;;Dupla;Faixa seccionada;;
2020-02-20;08:16:00;SEM ViTIMA;FINALIZADA;IBURA;RUA BABILONIA;100;;UR 03 PROX A PADARIA TRIGO DE OURO   EM FRENTE A ESCOLA MARCOS FREIRE;IBURA;;;COLISÃO;COLISÃO SEM VITIMAS;2;;;;;;;;;0;;Longo da via;Bom;Não existe;Não existente;Seca;Perfeito estado;Não existe;Não há placas;;Dupla;Não existe;;
2020-02-20;08:17:00;SEM ViTIMA;FINALIZADA;SANTO AMARO;AV PREFEITO ARTUR LIMA CAVALCANTI;;;POR TRAS DO HOSPITAL DA MARINHA;SANTO AMARO;;SUBURBIO;COLISÃO;CAMINHÃO E AUTO  BATEDORES NO LOCAL GM´S BASTOS E ITALO;1;;;;;;1;;;0;;Longo da via;Chuvoso;Não existe;Perfeito estado;Seca;Perfeito estado;Não existe;Não há placas;;Única;Não existe;;
2020-02-20;08:41:00;COM VITIMA;FINALIZADA;BONGI;RUA CARLOS GOMES;914;RUA PADRE TEOFILO TWORZ;EM FRENTE AO CANAL / PROX AO CENTRO DE SAUDE ROMERO MARQUES;BONGI;;SUBURBIO;COLISÃO;AUTO E MOTO;1;1;;;;;;;;1;;Cruzamento;Bom;Não existe;Incompleta;Seca;Perfeito estado;Não existe;Não há placas;;Única;Faixa seccionada;;
2020-02-20;08:42:00;SEM ViTIMA;FINALIZADA;IMBIRIBEIRA;AV MARECHAL MASCARENHAS DE MORAES;1919;;E/F AO JUIZADO ESPECIAIS DO RECIFE (SENT. AFOGADOS);IMBIRIBEIRA;;CIDADE;COLISÃO;COLISÃO S/VITIMAS ENTRE DOIS AUTOS;2;;;;;;;;;0;;Longo da via;Nublado;Não existe;Perfeito estado;Seca;Perfeito estado;Não existe;Não há placas;30 km/h;Única;Não existe;;
2020-02-20;08:48:00;SEM ViTIMA;FINALIZADA;ENCRUZILHADA;EST DE BELEM;115;RUA DOMINGOS BASTOS;AO LADO DA IGREJA CATÓLICA DA EST DE BELEM;ENCRUZILHADA;;SUBURBIO;COLISÃO;COLISÃO S/VITIMAS ENTRE UM CAMINHÃO E UM AUTO (V.T 05 NO QTH);1;;;;;;1;;;0;;Longo da via;Bom;Não existe;Perfeito estado;Seca;Perfeito estado;Não existe;Não há placas;;Dupla;Faixa contínua;;
2020-02-20;08:49:00;COM VITIMA;FINALIZADA;SANTO AMARO;AV GOVERNADOR AGAMENON MAGALHAES;;;EM FRENTE A UPE SENT. OLINDA. LADO OPOSTO AO POSTO DE COMBUSTÍVEL BR;SANTO AMARO;378;OLINDA;COLISÃO TRASEIRA;DOIS AUTOS E MOTO;2;1;;;;;;;;1;;Longo da via;Bom;Sem defeito;Perfeito estado;Seca;Perfeito estado;Faixa de pedestre;Não há placas;60 km/h;Única;Faixa seccionada;;
2020-02-20;08:54:00;SEM ViTIMA;FINALIZADA;DERBY;AV GOVERNADOR AGAMENON MAGALHAES;;AV RUI BARBOSA;EM FRENTE AO TRE;DERBY;37;CIDADE;COLISÃO;DOIS AUTOS PONTO FIXO SUB. PAULINO E DOUGLAS;2;;;;;;;;;0;;Longo da via;Bom;Sem defeito;Perfeito estado;Seca;Perfeito estado;Faixa de retenção;Outras;60 km/h;Única;Faixa contínua;;
2020-02-20;10:22:00;SEM ViTIMA;FINALIZADA;JARDIM SÃO PAULO;AV RECIFE;;AV JOAO CABRAL DE MELO NETO;EM FRENTE CERPE;JARDIM SÃO PAULO;259;SUBURBIO;COLISÃO;TRES AUTOS / GM AUGUSTO P.O;3;;;;;;;;;0;;Cruzamento;Bom;Sem defeito;Perfeito estado;Seca;Perfeito estado;Faixa de pedestre;Outras;60 km/h;Dupla;Canteiro central;;
2020-02-20;10:44:00;SEM ViTIMA;FINALIZADA;CABANGA;AV SATURNINO DE BRITO;472;;E/F A COMPESA;CABANGA;661;;COLISÃO;COLISÃO S/VITIMAS ENTRE UM CAMINHÃO E UM AUTO;1;;;;;;1;;;0;;Longo da via;Bom;Não existe;Perfeito estado;Seca;Perfeito estado;Não existe;Não há placas;40 km/h;Única;Não existe;;
2020-02-20;10:54:00;SEM ViTIMA;FINALIZADA;ESTÂNCIA;AV RECIFE;5516;;EM FRENTE LOJA MESTRE DAS BATERIAS;ESTÂNCIA;;;COLISÃO;COLISÃO SEM VITIMAS LAIS ARAUJO QTH;1;;;;;;1;;;0;;Longo da via;Bom;Não existe;Incompleta;Seca;Perfeito estado;Não existe;Outras;60 km/h;Dupla;Canteiro central;;
2020-02-20;10:55:00;SEM ViTIMA;CANCELADA;ARRUDA;RUA DAS MOCAS;187;;VIA RESIDENCIAL;ARRUDA;;;COLISÃO;COLISÃO S/VITIMAS ENTRE DOIS AUTOS;2;;;;;;;;;0;;;;;;;;;;;;;;
2020-02-20;11:41:00;COM VITIMA;FINALIZADA;MADALENA;RUA BENFICA;411;;EM FRENTE A PRAÇA DO CLUBE INTERNACIONAL;MADALENA;590;CIDADE;COLISÃO TRASEIRA;MOTO E AUTO;1;1;;;;;;;;1;;Cruzamento;Bom;Sem defeito;Perfeito estado;Seca;Perfeito estado;Faixa de pedestre;;60 km/h;Única;;;
2020-02-20;11:58:00;COM VITIMA;FINALIZADA;TORRE;RUA REAL DA TORRE;308;;EM FRENTE A JÚNIOR EQUIPADORA;TORRE;179;ABDIAS;ABALROAMENTO LONGITUDINAL;ONIBUS E CAMINHÃO;;;;;;1;1;;;1;;Longo da via;Bom;Sem defeito;Perfeito estado;Seca;Perfeito estado;Agente;;;Única;Faixa seccionada;Canteiro central;
2020-02-20;12:17:00;SEM ViTIMA;FINALIZADA;CAMPO GRANDE;RUA JERONIMO VILELA;272;;EM FRENTE A GALERIA SANTA TERESINHA;CAMPO GRANDE;565;SUBURBIO;COLISÃO;COLISÃO SEM ViTIMA;3;;;;;;;;;0;;Longo da via;Bom;Não existe;Perfeito estado;Seca;Perfeito estado;Não existe;R-6a;;Dupla;Faixa seccionada;;
2020-02-20;12:21:00;SEM ViTIMA;FINALIZADA;BOA VISTA;AV LINS PETIT;790;;AO LADO DO EMPRESARIAL SA LEITÃO E EM FRENTE AO STYLLUS;BOA VISTA;;SUBURBIO;COLISÃO;COLISÃO SEM ViTIMA;2;;;;;;;;;0;;Longo da via;Chuvoso;Não existe;;Molhada;Perfeito estado;Não existe;Não há placas;;Única;Faixa seccionada;;
2020-02-20;12:37:00;COM VITIMA;FINALIZADA;PINA;PTE AGAMENON MAGALHAES;;;EM CIMA DA PONTE DO PINA S/T CID PROX AO RESTAURANTE BARGAÇO;PINA;;CIDADE;COLISÃO TRASEIRA;COLISAO ENTRE AUTO E MOTO COM UMA VITIMA;1;1;;;;;;;;1;;Ponte;Chuvoso;Não existe;Perfeito estado;Molhada;Perfeito estado;;;60 km/h;Única;Canteiro central;;
2020-02-20;13:00:00;COM VITIMA;FINALIZADA;JORDÃO;AV CENTENARIO ALBERTO SANTOS DUMONT;261;;EMPRESA MINUSA;JORDÃO;;SUBURBIO;ABALROAMENTO LONGITUDINAL;COLISAO COM VITIMA ENTRE CARRO E MOTO;1;1;;;;;;;;1;;Longo da via;Bom;Não existe;Perfeito estado;Seca;Perfeito estado;Não existe;R-6a;;Dupla;Faixa contínua;;
2020-02-20;13:06:00;SEM ViTIMA;FINALIZADA;BOA VIAGEM;RUA PROFESSOR MARIO CASTRO;192;;EM FRENTE AO EDIFICIO SAINT DENIS;BOA VIAGEM;;;COLISÃO;COLISÃO SEM ViTIMA;2;;;;;;;;;0;;Longo da via;Chuvoso;Não existe;Incompleta;Molhada;Perfeito estado;Não existe;Outras;;Dupla;Não existe;;
2020-02-20;13:09:00;COM VITIMA;FINALIZADA;BOA VISTA;RUA AURORA;;RUA JOAO LIRA;AO LADO DA COMPESA;BOA VISTA;;;ABALROAMENTO TRANSVERSAL;COLISAO ENTRE AUTO E MOTO COM UMA VITIMA;1;1;;;;;;;;1;;Esquina;Chuvoso;Não existe;Incompleta;Molhada;Mal conservada;Não existe;Outras;;Única;Canteiro central;;
2020-02-20;13:11:00;SEM ViTIMA;CANCELADA;GRAÇAS;AV SANTOS DUMONT;;RUA ALBERTO PAIVA;COLEGIO MARISTA SAO LUIS- PORTAO DE TRAS DO COLEGIO;GRAÇAS;;;COLISÃO;COLISAO S/ VITIMA. ENTRE DOIS VEICULOS;2;;;;;;;;;0;;;;;;;;;;;;;;
2020-02-20;13:34:00;SEM ViTIMA;FINALIZADA;TORRE;PRC PROFESSOR BARRETO CAMPELLO;20;;EM FRENTE A PRAÇA CITADA NO ENDEREÇO;TORRE;;CIDADE;COLISÃO;COLISÃO SEM ViTIMA;2;;;;;;;;;0;;Longo da via;Bom;Sem defeito;Perfeito estado;Seca;Perfeito estado;Não existe;Não há placas;;Dupla;Faixa contínua;;
2020-02-20;13:48:00;SEM ViTIMA;FINALIZADA;IMBIRIBEIRA;RUA ARQUITETO LUIZ NUNES;172;RUA DEOLINDO TAVARES;PROX A ESCOLA DE ENFERMAGEM SAO CAETANO;IMBIRIBEIRA;;SUBURBIO;COLISÃO;COLISAO ENTRE AUTO E AMBULANCIA;1;;;;;;;;1;0;;Cruzamento;Chuvoso;Não existe;Perfeito estado;Molhada;Perfeito estado;Não existe;R-6a;40 km/h;Única;Faixa seccionada;;
2020-02-20;13:57:00;SEM ViTIMA;FINALIZADA;TEJIPIÓ;AV DR JOSE RUFINO;367;;CLINICA AQUI DR;TEJIPIÓ;285;SUBURBIO;COLISÃO;COLISAO S/ VITIMA ENTRE DOIS VEICULOS;2;;;;;;;;;0;;Longo da via;Chuvoso;Não existe;Perfeito estado;Molhada;Perfeito estado;Não existe;Não há placas;;Dupla;Faixa contínua;;
2020-02-20;14:04:00;SEM ViTIMA;FINALIZADA;PARNAMIRIM;RUA SEBASTIAO ALVES;74;;PROX AO HOSPITAL AGAMENON MAGALHAES;PARNAMIRIM;;SUBURBIO;COLISÃO;COLISAO ENTRE DOIS AUTOS S/V;2;;;;;;;;;0;;Longo da via;Bom;Não existe;Perfeito estado;Seca;Perfeito estado;Não existe;Não há placas;;Única;Não existe;;
2020-02-20;14:06:00;SEM ViTIMA;CANCELADA;BOA VIAGEM;AV BOA VIAGEM;;RUA ATLANTICO;RESTAURANTE ENTRE AMIGOS PRAIA;BOA VIAGEM;;PINA;COLISÃO;COLISAO S/ VITIMA ENTRE DOIS VEICULOS;2;;;;;;;;;0;;;;;;;;;;;;;;
2020-02-20;14:26:00;COM VITIMA;FINALIZADA;AFOGADOS;RUA SAO MIGUEL;1635;RUA ALEXANDRE RODRIGUES FERREIRA;PROXIMO AO LABORATORIO CERPE;AFOGADOS;;SUBURBIO;ABALROAMENTO TRANSVERSAL;COLISÃO COM VITIMA;1;1;;;;;;;;1;;Esquina;Chuvoso;Não existe;Perfeito estado;Molhada;Perfeito estado;Não existe;Não há placas;;Dupla;Faixa contínua;;
2020-02-20;14:27:00;SEM ViTIMA;FINALIZADA;BOA VIAGEM;RUA VISCONDE DE JEQUITINHONHA;1140;;ANTES DO PARQUE DONA LINDU;BOA VIAGEM;;SUBURBIO;COLISÃO;COLISAO S/ VITIMKA ENTRE DOIS VEICULOS. BATEDOR MANOEL SILVA E EVERTON NO LOCAL;2;;;;;;;;;0;;Longo da via;Chuvoso;Não existe;Perfeito estado;Molhada;Perfeito estado;Não existe;Não há placas;60 km/h;Única;Faixa seccionada;Canteiro central;
2020-02-20;14:41:00;SEM ViTIMA;FINALIZADA;IMBIRIBEIRA;RUA CORONEL FABRICIANO;4115;AV MARECHAL MASCARENHAS DE MORAES;AO LADO DO ATACADO DOS PRESENTES;IMBIRIBEIRA;210;CIDADE;COLISÃO;COLISÃO SEM ViTIMA;1;;;;;1;;;;0;;Esquina;Chuvoso;Sem defeito;Perfeito estado;Molhada;Perfeito estado;Faixa de pedestre;Outras;60 km/h;Dupla;Canteiro central;;
2020-02-20;14:47:00;COM VITIMA;FINALIZADA;DERBY;RUA JENER DE SOUZA;;;EM FRENTE A FUNDAÇÃO JOAQUIM NABUCO;DERBY;;;COLISÃO;COLISÃO COM VITIMA;1;1;;;;;;;;1;;;;;;;;;;;;;;
2020-02-20;15:10:00;SEM ViTIMA;CANCELADA;BOA VIAGEM;AV BOA VIAGEM;;;E/F A PADARIA BOA VIAGEM;BOA VIAGEM;;;COLISÃO;COLISAO ENTRE DOIS AUTOS S/V;2;;;;;;;;;0;;;;;;;;;;;;;;
2020-02-20;15:13:00;SEM ViTIMA;FINALIZADA;JOANA BEZERRA;RUA AGUA DOCE;;;E/F AO PORTAO DE ENTRADA DO TERMINAL INTEGRADO JOANA BEZERRA . AO LADO DA ACADEMIA DA CIDADE;JOANA BEZERRA;;CIDADE;ATROPELAMENTO ANIMAL;COLISAO ENTRE ONIBUS -CICLISTA E CAVALO;;;;1;;1;;;1;0;;Longo da via;Bom;Não existe;Perfeito estado;Seca;Perfeito estado;Não existe;Não há placas;;Única;Canteiro central;;
2020-02-20;15:15:00;SEM ViTIMA;FINALIZADA;BOA VIAGEM;AV BOA VIAGEM;;;EM FRENTE AO PARQUE DONA LINDU;BOA VIAGEM;1;CIDADE;COLISÃO;COLISÃO SEM ViTIMA;1;1;;;;;;;;0;;Longo da via;Chuvoso;Sem defeito;Perfeito estado;Molhada;Perfeito estado;Faixa de pedestre;Não há placas;60 km/h;Única;Faixa contínua;;
2020-02-20;15:39:00;SEM ViTIMA;FINALIZADA;BOA VIAGEM;RUA RIBEIRO DE BRITO;1197;RUA JONATHAS DE VASCONCELOS;UNINASSAU// SUBIDA DO VIADUTO// HOTEL NACIONAL INN BOA VIAGEM;BOA VIAGEM;;AV RECIFE;COLISÃO;COLISAO S/ VITIMA// ENTRE DOIS VEICULOS;2;;;;;;;;;0;;Cruzamento;Chuvoso;Não existe;Perfeito estado;Molhada;Perfeito estado;Outros;Outras;60 km/h;Única;Faixa seccionada;;
2020-02-20;15:47:00;COM VITIMA;FINALIZADA;SAN MARTIN;RUA PROFESSOR SILVIO DA CUNHA SANTOS;254;RUA ARSENIO CALACA;PROXIMO A IGREJA NOSSA SENHORA DE FATIMA;SAN MARTIN;;SUBURBIO;ABALROAMENTO TRANSVERSAL;COLISÃO COM VITIMA;1;1;;;;;;;;1;;Longo da via;Bom;Não existe;Perfeito estado;Seca;Perfeito estado;Não existe;Não há placas;;Dupla;Não existe;;
2020-02-20;15:52:00;SEM ViTIMA;CANCELADA;BOA VIAGEM;RUA FELIX DE BRITO E MELO;640;;E/F A CULTURA YOUNG;BOA VIAGEM;;;COLISÃO;COLISAO ENTRE DOIS AUTOS S/V;2;;;;;;;;;0;;;;;;;;;;;;;;
2020-02-20;16:11:00;SEM ViTIMA;FINALIZADA;PRADO;RUA GREGORIO JUNIOR;430;RUA GOMES TABORDA;PROX AMENDOLANDIA;PRADO;;SUBURBIO;COLISÃO;COLISAO ENTRE DOIS AUTOS S/V;2;;;;;;;;;0;;Longo da via;Bom;Não existe;Perfeito estado;Seca;Perfeito estado;Não existe;Não há placas;;Única;Faixa seccionada;;
2020-02-20;16:22:00;SEM ViTIMA;FINALIZADA;SAN MARTIN;RUA DUARTE FILHO;104;RUA COMENDADOR FRANCO FERREIRA;PROX A LOMBADA ELETRONICA;SAN MARTIN;;;COLISÃO;COLISAO ENTRE AUTO E MOTO S/V;1;1;;;;;;;;0;;Cruzamento;Chuvoso;Não existe;Ilegível;Seca;Outros;Outros;Placas Pare;30 km/h;Dupla;Não existe;;
2020-02-20;16:40:00;SEM ViTIMA;FINALIZADA;AFOGADOS;RUA SAO MIGUEL;1702;;PROXIMO AO ATACAREJO;AFOGADOS;;CIDADE;COLISÃO;COLISÃO SEM ViTIMA;1;;;;;;;;1;0;;Longo da via;Bom;Não existe;Não existente;Seca;Perfeito estado;Não existe;Não há placas;;Dupla;Faixa contínua;;