data;hora;natureza_acidente;situacao;bairro;endereco;numero;detalhe_endereco_acidente;complemento;bairro_cruzamento;num_semaforo;sentido_via;tipo;descricao;auto;moto;ciclom;ciclista;pedestre;onibus;caminhao;viatura;outros;vitimas;vitimasfatais;acidente_verificado;tempo_clima;situacao_semaforo;sinalizacao;condicao_via;conservacao_via;ponto_controle;situacao_placa;velocidade_max_via;mao_direcao;divisao_via1;divisao_via2;divisao_via3
2020-02-23;00:11:00;SEM ViTIMA;FINALIZADA;AFOGADOS;RUA PROFESSOR AUGUSTO WANDERLEY FILHO;;RUA MOTOCOLOMBO;AO LADO DO TROCÃO;AFOGADOS;39;SUBURBIO;ABALROAMENTO LONGITUDINAL;COLOSÃO ENTRE 02 AUTOS;2;;;;;;;;;0;;Cruzamento;Bom;Sem defeito;Perfeito estado;Seca;Perfeito estado;Faixa de pedestre;;;Única;Faixa seccionada;;
2020-02-23;07:06:00;SEM ViTIMA;FINALIZADA;IBURA;AV DOIS RIOS;72;;EM FRENTE AO SUPERMERCADO MR;IBURA;325;CIDADE;COLISÃO TRASEIRA;DOIS AUTOS;2;;;;;;;;;0;;Longo da via;Bom;Sem defeito;Perfeito estado;Seca;Perfeito estado;Faixa de pedestre;Placas Pare;40 km/h;Dupla;;;
2020-02-23;07:57:00;SEM ViTIMA;CANCELADA;SÃO JOSÉ;RUA VIDAL DE NEGREIROS;;;PÁTIO DO TERÇO;SÃO JOSÉ;;;COLISÃO;;;;;;;;;;;0;;;;;;;;;;;;;;
2020-02-23;08:04:00;COM VITIMA;FINALIZADA;CASA AMARELA;AV NORTE;;;EM FRENTE A PAGUE MENOS;CASA AMARELA;79;SUBURBIO;TOMBAMENTO;MOTO DESVIA DO BURACO E CAI NA AVENIDA;;1;;;;;;;;1;;Longo da via;Chuvoso;Sem defeito;Perfeito estado;Molhada;Perfeito estado;Faixa de pedestre;Outras;;Dupla;Canteiro central;;
2020-02-23;08:17:00;SEM ViTIMA;FINALIZADA;BOA VISTA;RUA DOM BOSCO;;;EMLURB;BOA VISTA;;SUBURBIO;ABALROAMENTO LONGITUDINAL;VT POLICIA E AUTO PASSEIO;2;;;;;;;;;0;;Longo da via;Bom;Não existe;Perfeito estado;Seca;Perfeito estado;Não existe;Outras;;Única;Faixa seccionada;;
2020-02-23;11:07:00;SEM ViTIMA;FINALIZADA;GRAÇAS;RUA ALBERTO PAIVA;;RUA DO FUTURO;;GRAÇAS;521;CIDADE;ABALROAMENTO TRANSVERSAL;COLISAO S/ VITIMA. ENTRE DOIS VEICULOS;2;;;;;;;;;0;;Cruzamento;Bom;Sem defeito;Perfeito estado;Seca;Perfeito estado;Faixa de pedestre;Outras;;;Não existe;;
2020-02-23;11:51:00;SEM ViTIMA;FINALIZADA;BOA VIAGEM;RUA TENENTE JOAO CICERO;;RUA MINISTRO NELSON HUNGRIA;;BOA VIAGEM;;SUBURBIO;ABALROAMENTO TRANSVERSAL;COLISAO S/ VITIMA ENTRE DOIS VEICULOS;2;;;;;;;;;0;;Cruzamento;Bom;Não existe;Perfeito estado;Seca;Perfeito estado;Faixa de pedestre;Placas Pare;;Única;Não existe;;
2020-02-23;12:15:00;SEM ViTIMA;FINALIZADA;PORTO DA MADEIRA;RUA DALVA DE OLIVEIRA;;;POSTO DE NÚMERO A 031838;PORTO DA MADEIRA;;SUBURBIO;ABALROAMENTO LONGITUDINAL;COLISAO S/ VITIMA. ENTRE DOIS VEICULOS;2;;;;;;;;;0;;Ponte;Bom;Não existe;Não existente;Seca;Mal conservada;Não existe;Não há placas;;Dupla;Não existe;;
2020-02-23;12:21:00;SEM ViTIMA;FINALIZADA;CAMPO GRANDE;RUA ODORICO MENDES;166;RUA VISCONDE DE CAIRU;;CAMPO GRANDE;;CIDADE;ABALROAMENTO LONGITUDINAL;COLISAO S/ VITIMAS ENTRE DOIS AUTO E UMA MOTO;2;1;;;;;;;;0;;Cruzamento;Bom;Não existe;Perfeito estado;Seca;Perfeito estado;Não existe;Placas Pare;;Dupla;;;
2020-02-23;13:52:00;SEM ViTIMA;FINALIZADA;BOA VIAGEM;AV ENGENHEIRO DOMINGOS FERREIRA;100;RUA TOME GIBSON;US CLUB BEAUTY BAR;BOA VIAGEM;200;SUBURBIO;ABALROAMENTO TRANSVERSAL;COLISAO S/ VITIMA ENTRE DOIS VEICULOS;2;;;;;;;;;0;;Longo da via;Bom;Sem defeito;Perfeito estado;Seca;Perfeito estado;Faixa de pedestre;Outras;;Única;Faixa contínua;;
2020-02-23;14:20:00;COM VITIMA;FINALIZADA;IMBIRIBEIRA;RUA JOAQUIM BANDEIRA;136;RUA JACY;GALPAO TARGET. LADO OPOSTO AO POSTE B029384;IMBIRIBEIRA;;BOA VIAGEM;ABALROAMENTO LONGITUDINAL;COLISAO COM VITIMA ENTRE MOTO E ONIBUS;;1;;;;1;;;;1;;Longo da via;Bom;Não existe;Não existente;Seca;;Não existe;Não há placas;;Única;Faixa seccionada;;
2020-02-23;14:20:00;SEM ViTIMA;CANCELADA;BOA VIAGEM;RUA ELADIO RAMOS;475;;PROX CELPE DE BOA VIAGEM;BOA VIAGEM;;;COLISÃO;COLISAO DE DOIS AUTOS S/ VITIMAS;2;;;;;;;;;0;;;;;;;;;;;;;;
2020-02-23;15:03:00;SEM ViTIMA;FINALIZADA;CASA FORTE;EST DAS UBAIAS-;;;EM FRENTE AO Nº 572;CASA FORTE;;;ABALROAMENTO TRANSVERSAL;COLISAO S/ VITIMA ENTRE DOIS VEICULOS;2;;;;;;;;;0;;Longo da via;Bom;Não existe;Perfeito estado;Seca;Perfeito estado;Não existe;Não há placas;;Dupla;Não existe;;
2020-02-23;16:05:00;SEM ViTIMA;FINALIZADA;AFLITOS;RUA QUARENTA E OITO;815;RUA CARNEIRO VILELA;RESTAURANTE SABOR RANCHO/ SQUINA 48;AFLITOS;;CIDADE;ABALROAMENTO TRANSVERSAL;COLISAO S/ VITIMA. ENTRE DOIS VEICULOS;2;;;;;;;;;0;;Cruzamento;Bom;Não existe;Perfeito estado;Seca;Perfeito estado;Não existe;R-6a;;Única;Faixa contínua;;
2020-02-23;18:15:00;SEM ViTIMA;CANCELADA;PINA;VIADUTO CAPITAO TEMUDO;;;POR CIMA DO VIADUTO- E/F AO SHOPPING RIO MAR;PINA;;;COLISÃO;ENTRE 2 AUTOS. S/V;2;;;;;;;;;0;;;;;;;;;;;;;;
2020-02-23;19:07:00;SEM ViTIMA;CANCELADA;SANTO ANTÔNIO;RUA SIQUEIRA CAMPOS;150;;E/F AO CARTORIO PAULO GUERRA;SANTO ANTÔNIO;;;COLISÃO;ENTRE 2 AUTOS. S/V;2;;;;;;;;;0;;;;;;;;;;;;;;
2020-02-23;19:22:00;COM VITIMA;FINALIZADA;SANTO ANTÔNIO;RUA NOVA;;AV DANTAS BARRETO;ENF. MARIZA E FARMACIA DEPENDENTE;SANTO ANTÔNIO;;CIDADE;ATROPELAMENTO;VAN X PEDESTRE (IDOSO);;;;;1;1;;;;1;;Longo da via;Bom;Não existe;Ilegível;Seca;Mal iluminada;Não existe;Não há placas;;Única;Não existe;;
2020-02-23;20:08:00;SEM ViTIMA;FINALIZADA;JOANA BEZERRA;VIADUTO CAPITAO TEMUDO;;;FORUM DES. RODOLFO AURELIANO;JOANA BEZERRA;;SUBURBIO;ABALROAMENTO LONGITUDINAL;CELTA X GOL;2;;;;;;;;;0;;Viaduto;Bom;Não existe;Perfeito estado;Seca;Perfeito estado;Não existe;Não há placas;60 km/h;Dupla;Canteiro central;;
2020-02-23;22:08:00;SEM ViTIMA;CANCELADA;SANTO ANTÔNIO;RUA IMPERADOR PEDRO SEGUNDO;362;;E/F A ESCOLA DE SAÚDE REAL PORTUGUÊS / PRÓX AO CAIS DO APOLO;SANTO ANTÔNIO;;;COLISÃO;ENTRE AUTO E ÔNIBUS. S/V;1;;;;;1;;;;0;;;;;;;;;;;;;;
2020-02-23;22:51:00;SEM ViTIMA;CANCELADA;PINA;AV ANTONIO DE GOES;218;;POSTO DE GASOLINA PETROCAL PINA;PINA;;;COLISÃO;ONIX BRANCO X PALIO PRATA;2;;;;;;;;;0;;;;;;;;;;;;;;
2020-02-24;01:30:00;SEM ViTIMA;FINALIZADA;PINA;AV HERCULANO BANDEIRA;;RUA ARQUITETO AUGUSTO REINALDO;;PINA;660;SUBURBIO;ABALROAMENTO LONGITUDINAL;DOIS AUTOS;2;;;;;;;;;0;;Cruzamento;Bom;Sem defeito;Não existente;Seca;Mal iluminada;Faixa de pedestre;Não há placas;60 km/h;Única;Faixa seccionada;;
2020-02-24;03:40:00;SEM ViTIMA;FINALIZADA;BOA VIAGEM;RUA DEZ DE JULHO;;;DENTRO DO TERMINAL INTEGRADO DO AEROPORTO;BOA VIAGEM;;CIDADE;CHOQUE OBJETO FIXO;VEICULO CHOCOU-SE COM PORTÃO DA ESTAÇÃO;1;;;;;;;;;0;;;Bom;Não existe;Perfeito estado;Seca;Perfeito estado;;;;Única;;;
2020-02-24;04:06:00;COM VITIMA;FINALIZADA;BOA VIAGEM;AVENIDA CELSO FURTADO (VIA MANGUE);;;PRIMEIRO RETORNO APOS O SUPERMERCADO EXTRA- SENT. BOA VIAGEM;BOA VIAGEM;;SUBURBIO;CHOQUE OBJETO FIXO;VEICULO CHOCOU-SE COM MEIO FIO;1;;;;;;;;;1;;Longo da via;Bom;Não existe;Perfeito estado;Seca;Perfeito estado;Não existe;Não há placas;;Dupla;Faixa;;
2020-02-24;04:32:00;COM VITIMA;FINALIZADA;IBURA;AV ENGENHO SERRA VERDE;570;AV RIO LARGO;AO LADO DO ARMAZEM ESQUINA DA CONSTRUÇÃO;IBURA;;SUBURBIO;COLISÃO FRONTAL;ONIBUS E MOTO;;1;;;;1;;;;1;;Esquina;Bom;Não existe;Ilegível;Seca;Mal iluminada;Outros;R-24a;;Dupla;Não existe;;
2020-02-24;05:49:00;SEM ViTIMA;CANCELADA;IPSEP;AV RECIFE;2586;;EM FRENTE AO POSTO DE GASOLINA SHELL- SENT. BOA VIAGEM;IPSEP;;;COLISÃO;DOIS ONIBUS;;;;;;2;;;;0;;;;;;;;;;;;;;
2020-02-24;06:53:00;SEM ViTIMA;FINALIZADA;BOA VISTA;RUA DA AURORA;;RUA PRINCESA IZABEL;POLÍCIA CIVIL PERNAMBUCO SDS;BOA VISTA;22;SUBURBIO;ABALROAMENTO LONGITUDINAL;COLISAO S/ VITIMA ENTRE VEICULO E MOTO;1;1;;;;;;;;0;;Cruzamento;Bom;Sem defeito;Perfeito estado;Seca;Perfeito estado;Faixa de pedestre;R-6a;40 km/h;Única;Faixa contínua;;
2020-02-24;08:13:00;SEM ViTIMA;FINALIZADA;SAN MARTIN;RUA COMENDADOR JOSE VITA;54;;;SAN MARTIN;;;CHOQUE VEÍCULO PARADO;COLISÃO SEM VITIMAS;1;;;;;;1;;;0;;Longo da via;Nublado;Não existe;Não existente;Seca;;Não existe;Não há placas;;Dupla;Não existe;;
2020-02-24;08:55:00;SEM ViTIMA;FINALIZADA;IMBIRIBEIRA;AV PINHEIROS;70;AV MARECHAL MASCARENHAS DE MORAES;LOTERIA A IMPERIAL;IMBIRIBEIRA;;SUBURBIO;CHOQUE VEÍCULO PARADO;COLISÃO 'SEM VITIMAS;1;;;;;;1;;;0;;Longo da via;Bom;;Incompleta;Seca;Perfeito estado;Não existe;Não há placas;;Dupla;Não existe;;
2020-02-24;09:19:00;SEM ViTIMA;FINALIZADA;SANTO AMARO;AV CRUZ CABUGA;33;;AO LADO DO SEFAZ;SANTO AMARO;344;CIDADE;ABALROAMENTO LONGITUDINAL;CAMINHAO E ONIBUS;;;;;;1;1;;;0;;Longo da via;Bom;Sem defeito;Perfeito estado;Seca;Perfeito estado;Não existe;R-6a;60 km/h;Dupla;Faixa contínua;;
2020-02-24;10:27:00;SEM ViTIMA;FINALIZADA;BOA VISTA;RUA DO HOSPICIO;33;;EDF SÃO RAFAEL;BOA VISTA;33;;COLISÃO TRASEIRA;COLISAO S/ VITIMA ENTRE DOIS VEICULOS;2;;;;;;;;;0;;Longo da via;Bom;Sem defeito;Perfeito estado;Seca;Perfeito estado;Não existe;R-6b;30 km/h;Única;Não existe;;
2020-02-24;11:16:00;SEM ViTIMA;FINALIZADA;PINA;RUA MANOEL DE BRITO;;;AO LADO DO POSTO POLICIAL;PINA;;CIDADE;ABALROAMENTO TRANSVERSAL;;2;;;;;;;;;0;;;Bom;Não existe;Perfeito estado;Seca;Perfeito estado;Outros;Outras;60 km/h;Única;Faixa contínua;;
2020-02-24;12:28:00;SEM ViTIMA;FINALIZADA;SANTO AMARO;AV GOVERNADOR AGAMENON MAGALHAES;;;SEMÁFORO DE Nº 465;SANTO AMARO;465;;COLISÃO TRASEIRA;ENGAVETAMENTO S/ VITIMA. TRES VEICULOS;3;;;;;;;;;0;;Longo da via;Bom;Sem defeito;Perfeito estado;Seca;Perfeito estado;Faixa de pedestre;;60 km/h;Dupla;Canal;;
2020-02-24;13:38:00;COM VITIMA;FINALIZADA;IPUTINGA;RUA BOM PASTOR;670;RUA MAURICEIA;E/F MERCADINHO MERCOFRUIT;IPUTINGA;652;SUBURBIO;ABALROAMENTO LONGITUDINAL;COLISÃO C/VITIMA ENTRE UMA MOTO E UM ONIBUS;;1;;;;1;;;;1;;Cruzamento;Bom;Sem defeito;Perfeito estado;Seca;Perfeito estado;Faixa de pedestre;Outras;;Dupla;Faixa contínua;;
2020-02-24;15:49:00;SEM ViTIMA;FINALIZADA;IMBIRIBEIRA;AV PRESIDENTE DUTRA;4983;;;IMBIRIBEIRA;;SUBURBIO;ABALROAMENTO LONGITUDINAL;COLISAO S/ VITIMA. ENTRE DOIS VEICULOS;2;;;;;;;;;0;;Longo da via;Bom;Não existe;Perfeito estado;Seca;Perfeito estado;Agente;Não há placas;60 km/h;Única;Faixa seccionada;;
2020-02-24;16:53:00;SEM ViTIMA;CANCELADA;CORDEIRO;AV CAXANGA;;;;CORDEIRO;234;SUBURBIO;ABALROAMENTO LONGITUDINAL;COLISÃO SEM ViTIMA;1;1;;;;;;;;0;;Longo da via;Bom;Sem defeito;Perfeito estado;Seca;Perfeito estado;Agente;Outras;60 km/h;Única;Canteiro central;;
2020-02-24;19:14:00;SEM ViTIMA;FINALIZADA;;AV CORREIA DE BRITO;741;;MERCADO DE SITIO NOVO;;;CIDADE;COLISÃO TRASEIRA;ENGAVETAMENTO S/VITIMAS;3;;;;;;;;;0;;Longo da via;Bom;Não existe;Perfeito estado;Seca;Perfeito estado;Não existe;Não há placas;;Dupla;Faixa contínua;;
2020-02-24;19:31:00;SEM ViTIMA;CANCELADA;SÃO JOSÉ;C SANTA RITA;;;E/F A ANTIGA RODOVIARIA;SÃO JOSÉ;;;COLISÃO;COLISAO S/ VITIMA. ENTRE DOIS VEICULOS;2;;;;;;;;;0;;;;;;;;;;;;;;
2020-02-24;20:27:00;SEM ViTIMA;FINALIZADA;SÃO JOSÉ;AV SUL;147;;ANTES DO FORTE DAS CINCO PONTAS;SÃO JOSÉ;;CIDADE;ABALROAMENTO LONGITUDINAL;ENTRE AUTO PASSEIO E ÔNIBUS. S/V;1;;;;;1;;;;0;;Longo da via;Bom;;Perfeito estado;Seca;Perfeito estado;Não existe;Outras;;Única;Faixa seccionada;;
2020-02-24;20:53:00;SEM ViTIMA;FINALIZADA;SANTO AMARO;PTE DO LIMOEIRO;;;PRÓXIMO AO POSTO PETRÓBRAS;SANTO AMARO;;CIDADE;ABALROAMENTO LONGITUDINAL;ENTRE TÁXI E AUTO PASSEIO. S/V;2;;;;;;;;;0;;Ponte;Bom;Não existe;Perfeito estado;Seca;Perfeito estado;Não existe;Não há placas;;Dupla;Faixa contínua;Faixa seccionada;
2020-02-24;21:20:00;SEM ViTIMA;FINALIZADA;BOA VISTA;RUA DO HOSPICIO;;;CÂMARA DOS VERIADORES;BOA VISTA;31;CIDADE;ABALROAMENTO LONGITUDINAL;COLISAO SEM VITIMAS;1;;;;;1;;;;0;;Longo da via;Bom;Sem defeito;Perfeito estado;Seca;Perfeito estado;Faixa de pedestre;Outras;;Única;Faixa seccionada;Não existe;
2020-02-24;21:59:00;SEM ViTIMA;FINALIZADA;SÃO JOSÉ;RUA IMPERIAL;;RUA DO PEIXOTO;EM FRENTE A IGREJA DE SÃO JOSÉ;SÃO JOSÉ;207;SUBURBIO;ABALROAMENTO LONGITUDINAL;ENTRE VAN E AUTO PASSEIO. S/V;1;;;;;1;;;;0;;Cruzamento;Bom;Sem defeito;Ilegível;Seca;Perfeito estado;Não existe;Não há placas;;Única;Não existe;;
2020-02-24;22:19:00;SEM ViTIMA;CANCELADA;VASCO DA GAMA;AV NORTE;;;E/F A PRC LARGO DOM LUIZ;VASCO DA GAMA;;;COLISÃO;ENTRE 2 AUTOS. S/V;2;;;;;;;;;0;;;;;;;;;;;;;;
2020-02-24;23:23:00;SEM ViTIMA;FINALIZADA;SANTO AMARO;AV NORTE;;;E/F A RÁDIO UNIVERSITÁRIA;SANTO AMARO;;;ABALROAMENTO LONGITUDINAL;ENTRE 2V AUTOS. S/V;2;;;;;;;;;0;;Longo da via;Bom;Sem defeito;Perfeito estado;Seca;Perfeito estado;Não existe;Não há placas;60 km/h;Dupla;Canteiro central;;
2020-02-25;04:46:00;SEM ViTIMA;CANCELADA;SÃO JOSÉ;AV SUL;;C SANTA RITA;ANTES DA PONTE GIRATORIA /EM FRENTE AO ARMAZEM 16- SEMÁFORO 076;SÃO JOSÉ;;;COLISÃO;CAMINHÃO X AUTO. S/V;1;;;;;;1;;;0;;;;;;;;;;;;;;
2020-02-25;05:21:00;COM VITIMA;FINALIZADA;SANTO AMARO;AV GOVERNADOR AGAMENON MAGALHAES;;RUA ODORICO MENDES;E/F A DELEGACIA 13° BATALHÃO / SEMÁFORO 049 ---- VT 13 NO LOCAL;SANTO AMARO;49;CIDADE;ABALROAMENTO TRANSVERSAL;ENTRE 2 TÁXIS. C/V;2;;;;;;;;;1;;Cruzamento;Bom;Sem defeito;Perfeito estado;Seca;Perfeito estado;Faixa de pedestre;;60 km/h;Dupla;Canal;;
2020-02-25;07:32:00;SEM ViTIMA;FINALIZADA;ILHA DO LEITE;RUA ANTONIO GOMES DE FREITAS;174;;LADO OPOSTO AO SEOPE ( HOSPITAL DOS OLHOS );ILHA DO LEITE;;CIDADE;ABALROAMENTO LONGITUDINAL;COLISÃO S/VITIMAS ENTRE UM CAMINHÃO E UM AUTO;1;;;;;;1;;;0;;Longo da via;Bom;Não existe;Perfeito estado;Seca;Perfeito estado;Faixa de pedestre;;;Única;Faixa seccionada;;
2020-02-25;07:33:00;SEM ViTIMA;FINALIZADA;SÃO JOSÉ;AV SUL;;;LADO OPOSTO A AGEMAR;SÃO JOSÉ;;CIDADE;ABALROAMENTO LONGITUDINAL;CAMINHÃO X AUTO. S/V;1;;;;;;1;;;0;;Longo da via;Bom;Sem defeito;Perfeito estado;Seca;Perfeito estado;Não existe;Outras;;Dupla;Canteiro central;;
2020-02-25;10:46:00;SEM ViTIMA;FINALIZADA;TORRE;RUA JOAO TUDE DE MELO;;RUA VIRGINIA LORETO;;TORRE;649;;ABALROAMENTO TRANSVERSAL;COLISÃO SEM VITIMAS;3;;;;;;;;;0;;;Bom;Sem defeito;Perfeito estado;Seca;Perfeito estado;Faixa de pedestre;R-6a;;Única;Faixa contínua;;
2020-02-25;12:40:00;SEM ViTIMA;CANCELADA;BOA VIAGEM;AV ENGENHEIRO DOMINGOS FERREIRA;;;EM FRENTE AO CERPE/ PISTA DA ESQUERDA;BOA VIAGEM;380;;COLISÃO;COLISÃO SEM ViTIMA;2;;;;;;;;;0;;;;;;;;;;;;;;
2020-02-25;13:37:00;SEM ViTIMA;CANCELADA;PARNAMIRIM;EST DO ENCANAMENTO;350;;AO LADO DA CASA DE BATERIAS HELIAR;PARNAMIRIM;;;COLISÃO;COLISAO S/ VITIMAS;2;;;;;;;;;0;;;;;;;;;;;;;;
2020-02-25;14:10:00;SEM ViTIMA;FINALIZADA;MADALENA;RUA BENFICA;;;EM FRENTE AO SPORT CLUBE DO RECIFE;MADALENA;;CIDADE;ABALROAMENTO LONGITUDINAL;COLISAO S/ VITIMAS DE DOIS AUTOS;2;;;;;;;;;0;;Longo da via;Bom;Não existe;Perfeito estado;Seca;Perfeito estado;Não existe;;40 km/h;Única;Não existe;;
2020-02-25;15:14:00;SEM ViTIMA;FINALIZADA;NOVA DESCOBERTA;AV VEREADOR OTACILIO AZEVEDO;;;;NOVA DESCOBERTA;;CIDADE;ABALROAMENTO LONGITUDINAL;COLISAO SEM VITIMAS;1;;;;;1;;;;0;;Longo da via;Bom;Não existe;Perfeito estado;Seca;Perfeito estado;Outros;Outras;;Dupla;Faixa seccionada;;
2020-02-25;15:23:00;SEM ViTIMA;FINALIZADA;BOA VIAGEM;AV CONSELHEIRO AGUIAR;;;SEMÁFORO 147;BOA VIAGEM;147;CIDADE;ABALROAMENTO LONGITUDINAL;COLISAO SEM VITIMAS;1;;;;;1;;;;0;;Cruzamento;Bom;Sem defeito;Perfeito estado;Seca;Perfeito estado;Faixa de pedestre;R-6a;;Única;Faixa contínua;Faixa seccionada;
2020-02-25;16:49:00;SEM ViTIMA;CANCELADA;ÁGUA FRIA;AV BEBERIBE;1628;;AO LADO DA IGREJA ASSEMBLEIA DE DEUS S/T SUB;ÁGUA FRIA;;;COLISÃO;COLISAO ENTRE DOIS AUTOS S/V;2;;;;;;;;;0;;;;;;;;;;;;;;
2020-02-25;17:18:00;SEM ViTIMA;FINALIZADA;TORRE;AV BEIRA RIO;73;RUA JANUARIO BARBOSA;COLEGIO EQUIPE;TORRE;;CIDADE;COLISÃO TRASEIRA;COLISAO SEM VITIMAS;2;;;;;;;;;0;;;Chuvoso;Não existe;Perfeito estado;Molhada;Perfeito estado;Faixa de pedestre;Placas Pare;;Única;Faixa contínua;Faixa seccionada;
2020-02-25;19:50:00;COM VITIMA;FINALIZADA;IMBIRIBEIRA;AV MARECHAL MASCARENHAS DE MORAES;5905;;UNIDAS;IMBIRIBEIRA;;;CHOQUE OBJETO FIXO;VEICULO COLIDIU COM A MURETA;1;;;;;;;;;1;;Viaduto;Bom;Não existe;Perfeito estado;Seca;Perfeito estado;Não existe;Não há placas;;;Não existe;;
2020-02-25;20:58:00;SEM ViTIMA;FINALIZADA;IPUTINGA;RUA SAO MATEUS;;;DEPÓSITO DOS CORREIOS;IPUTINGA;;SUBURBIO;CHOQUE VEÍCULO PARADO;CAMINHAO ( CAVALO) X FIESTA OBS: MOTORISTA EVADIU-SE DEIXANDO O VEICULO;;;;;;;1;;1;0;;Longo da via;Bom;Não existe;Ilegível;Seca;Perfeito estado;Não existe;Não há placas;;Dupla;Não existe;;
2020-02-25;21:38:00;SEM ViTIMA;CANCELADA;BOMBA DO HEMETÉRIO;RUA ANTONIO MEIRA;119;;PROX A LIGA DO DOMINO;BOMBA DO HEMETÉRIO;;;COLISÃO;FORD KA X ECOSPORT OBS: MOTORISTA EVADIU-SE DO LOCAL DEIXANDO O VEICULO;2;;;;;;;;;0;;;;;;;;;;;;;;
2020-02-25;22:15:00;SEM ViTIMA;CANCELADA;BOA VISTA;RUA IMPERATRIZ TEREZA CRISTINA;;;PROX A LIVRARIA IMPERATRIZ;BOA VISTA;;;COLISÃO;COLISAO SEM VITIMAS;1;1;;;;;;;;0;;;;;;;;;;;;;;
2020-02-25;23:29:00;SEM ViTIMA;FINALIZADA;SÃO JOSÉ;C SANTA RITA;595;;;SÃO JOSÉ;;CIDADE;COLISÃO TRASEIRA;PRISMA X LOGAN;2;;;;;;;;;0;;Longo da via;Bom;Não existe;Perfeito estado;Seca;Perfeito estado;Não existe;Não há placas;40 km/h;Dupla;Faixa contínua;Faixa seccionada;
2020-02-26;03:39:00;SEM ViTIMA;FINALIZADA;BOA VISTA;PTE PRINCESA IZABEL;;;;BOA VISTA;;SUBURBIO;COLISÃO TRASEIRA;SIENA X FIAT CRONOS X PALIO  (2 TAXIS E UM UBER );3;;;;;;;;;0;;;Bom;Sem defeito;Perfeito estado;Seca;Perfeito estado;;;;Dupla;Faixa contínua;;
2020-02-26;04:03:00;COM VITIMA;FINALIZADA;BEBERIBE;AV BEBERIBE;111;RUA DA CORAGEM;PROX AO POSTO SHELL;BEBERIBE;186;CIDADE;ABALROAMENTO LONGITUDINAL;SANDERO BRANCO X MOTO;1;1;;;;;;;;1;;Longo da via;Bom;Sem defeito;Incompleta;Molhada;Mal conservada;Faixa de pedestre;Não há placas;;Dupla;Faixa contínua;;
2020-02-26;04:39:00;SEM ViTIMA;FINALIZADA;BOA VIAGEM;AV ENGENHEIRO DOMINGOS FERREIRA;;;EM FRENTE AO LAÇA BURGUER;BOA VIAGEM;;SUBURBIO;ABALROAMENTO LONGITUDINAL;COLISÃO ENTRE DOIS AUTOS- S/V;2;;;;;;;;;0;;Longo da via;Bom;Sem defeito;Perfeito estado;Seca;Perfeito estado;Faixa de pedestre;Outras;;Única;Canteiro central;;
2020-02-26;05:20:00;SEM ViTIMA;FINALIZADA;SANTO AMARO;AV CRUZ CABUGA;;RUA DOS PALMARES;;SANTO AMARO;171;CIDADE;ABALROAMENTO TRANSVERSAL;SIENA X FIESTA;2;;;;;;;;;0;;Cruzamento;Bom;Sem defeito;Perfeito estado;Seca;Perfeito estado;Faixa de pedestre;Outras;;Dupla;Faixa contínua;Faixa seccionada;
2020-02-26;06:31:00;COM VITIMA;FINALIZADA;MADALENA;RUA REAL DA TORRE;361;RUA LOPES DE CARVALHO;EM FRENTE A LOJA DE CENTRO DE TRATAMENTO PARA OS PES;MADALENA;;CIDADE;CHOQUE OBJETO FIXO;AUTO E POSTE;1;;;;;;;;;1;;Longo da via;Bom;Não existe;Perfeito estado;Seca;Perfeito estado;Não existe;;;Dupla;Faixa seccionada;;
2020-02-26;07:04:00;SEM ViTIMA;FINALIZADA;BOA VIAGEM;AV BOA VIAGEM;;RUA BALTAZAR PASSOS;;BOA VIAGEM;149;CIDADE;ABALROAMENTO LONGITUDINAL;COLISÃO SEM VITIMAS;1;;;;;1;;;;0;;Cruzamento;Bom;Sem defeito;Perfeito estado;Seca;Perfeito estado;Faixa de pedestre;R-6a;;Única;Faixa contínua;;
2020-02-26;10:19:00;SEM ViTIMA;CANCELADA;ROSARINHO;AV NORTE;3435;RUA GENERAL ABREU E LIMA;E/F AO PONTO CERTO AUTOMOTIVO;ROSARINHO;;;COLISÃO;COLISÃO S/VITIMAS ENTRE UM ONIBUS E UM AUTO;1;;;;;1;;;;0;;;;;;;;;;;;;;
2020-02-26;13:51:00;SEM ViTIMA;FINALIZADA;TAMARINEIRA;AV NORTE;3714;;AO LADO DO SEMÁFORO 062;TAMARINEIRA;62;SUBURBIO;COLISÃO TRASEIRA;COLISAO ENTRE DOIS AUTOS S/V;2;;;;;;;;;0;;Longo da via;Bom;Não existe;Perfeito estado;Seca;Perfeito estado;Não existe;R-6a;;Única;Faixa seccionada;Canteiro central;
2020-02-26;15:12:00;SEM ViTIMA;FINALIZADA;BOA VISTA;RUA DOS PALMARES;;AV CRUZ CABUGA;;BOA VISTA;171;CIDADE;ABALROAMENTO LONGITUDINAL;COLISÃO SEM ViTIMA;1;;;;;;1;;;0;;Cruzamento;Bom;Sem defeito;Perfeito estado;Seca;Perfeito estado;Faixa de pedestre;R-6a;40 km/h;Dupla;Canteiro central;;
2020-02-26;15:39:00;SEM ViTIMA;FINALIZADA;TAMARINEIRA;EST VELHA DE AGUA FRIA;;;EM FRENTE AO DNOCS;TAMARINEIRA;;;COLISÃO TRASEIRA;COLISAO ENTRE DOIS AUTOS S/V;2;;;;;;;;;0;;Longo da via;Bom;Não existe;Perfeito estado;Seca;Perfeito estado;Não existe;Não há placas;;Dupla;Faixa contínua;;
2020-02-26;17:24:00;SEM ViTIMA;FINALIZADA;IPSEP;AV RAIMUNDO DINIZ;;RUA DAVID PERNETA;;IPSEP;;SUBURBIO;ABALROAMENTO LONGITUDINAL;COLISÃO SEM ViTIMA;2;;;;;;;;;0;;Cruzamento;Bom;Não existe;Não existente;Seca;Mal iluminada;Não existe;Não há placas;;Dupla;Não existe;;