data;hora;natureza_acidente;situacao;bairro;endereco;numero;detalhe_endereco_acidente;complemento;bairro_cruzamento;num_semaforo;sentido_via;tipo;descricao;auto;moto;ciclom;ciclista;pedestre;onibus;caminhao;viatura;outros;vitimas;vitimasfatais;acidente_verificado;tempo_clima;situacao_semaforo;sinalizacao;condicao_via;conservacao_via;ponto_controle;situacao_placa;velocidade_max_via;mao_direcao;divisao_via1;divisao_via2;divisao_via3
2020-02-28;21:42:00;SEM ViTIMA;FINALIZADA;VASCO DA GAMA;RUA VASCO DA GAMA;;AV NORTE;SEMÁFORO Nº 066;VASCO DA GAMA;66;SUBURBIO;ABALROAMENTO LONGITUDINAL;ONIBUS GLOBO X MOTO // OBS:: A MOTO SE ENCONTRA EMBAIXO DO ONIBUS;;1;;;;1;;;;0;;;Bom;Sem defeito;Perfeito estado;Seca;Perfeito estado;Faixa de pedestre;Não há placas;;Dupla;Faixa seccionada;;
2020-02-28;22:16:00;SEM ViTIMA;FINALIZADA;IBURA;AV DOM HELDER CAMARA;351;;LINHA FÉRREA;IBURA;;CIDADE;COLISÃO TRASEIRA;PALIO X FORD KA;2;;;;;;;;;0;;Longo da via;Bom;Não existe;Perfeito estado;Seca;Perfeito estado;Não existe;Não há placas;;Dupla;Faixa contínua;;
2020-02-28;22:24:00;SEM ViTIMA;FINALIZADA;DERBY;AV GOVERNADOR AGAMENON MAGALHAES;;;PRAÇA DO DERBY ( POSTE DE Nº B 009037);DERBY;;SUBURBIO;ABALROAMENTO LONGITUDINAL;ONIBUS DA PREFEITUTA DE IPUJUCA X POLO;1;;;;;1;;;;0;;Longo da via;Bom;;;;;;Outras;;Dupla;Faixa seccionada;Canteiro central;
2020-02-28;22:55:00;SEM ViTIMA;FINALIZADA;;RUA BALTAZAR PASSOS;310;RUA PROFESSOR AUGUSTO LINS E SILVA;EM FRENTE A PAN JOVEM DELICATESSEN;;;CIDADE;ABALROAMENTO TRANSVERSAL;ETIOS X POLO;2;;;;;;;;;0;;Cruzamento;Bom;Não existe;Perfeito estado;Seca;Perfeito estado;Não existe;Placas Pare;;Única;Faixa seccionada;;
2020-02-28;23:31:00;SEM ViTIMA;FINALIZADA;PRADO;RUA CARLOS GOMES;;RUA HERCULES FLORENCE;APÓS BIG CAR;PRADO;;SUBURBIO;ABALROAMENTO TRANSVERSAL;HONDA CIVIC X SIENA;2;;;;;;;;;0;;Longo da via;Bom;Não existe;Perfeito estado;Seca;Perfeito estado;Não existe;Outras;;Única;Faixa seccionada;;
2020-02-29;00:07:00;SEM ViTIMA;FINALIZADA;ESPINHEIRO;RUA DO ESPINHEIRO;200;RUA SANTO ELIAS;EM FRENTE AO POSTO IPIRANGA;ESPINHEIRO;;CIDADE;ABALROAMENTO TRANSVERSAL;COLISÃO ENTRE DOIS AUTOS S/V;2;;;;;;;;;0;;Longo da via;Bom;Não existe;Perfeito estado;Seca;Perfeito estado;Faixa de retenção;Placas Pare;;Única;Faixa seccionada;;
2020-02-29;02:05:00;SEM ViTIMA;CANCELADA;IMBIRIBEIRA;RUA BARAO HOMEM DE MELO;277;RUA ENGENHEIRO JOSE BRANDAO CAVALCANTE;POR TRÁS DA REVENDA OBOTICARIO;IMBIRIBEIRA;;;CHOQUE;AUTO CHOCOU-SE NO MURO DA RESIDENCIA E UMA PARTE DO MURO CAIU S/V;1;;;;;;;;;0;;;;;;;;;;;;;;
2020-02-29;07:47:00;COM VITIMA;FINALIZADA;IMBIRIBEIRA;AV SUL;;;TERMINAL INTEGRADO TANCREDO NEVES;IMBIRIBEIRA;;;ABALROAMENTO LONGITUDINAL;ONIBUS E MOTO C/V;;1;;;;1;;;;1;;;Bom;Não existe;Perfeito estado;Seca;Perfeito estado;Não existe;Não há placas;20 km/h;Única;Não existe;;
2020-02-29;08:40:00;SEM ViTIMA;FINALIZADA;NOVA DESCOBERTA;RUA NOVA DESCOBERTA;2480;;;NOVA DESCOBERTA;;SUBURBIO;ABALROAMENTO LONGITUDINAL;SEM ViTIMA. CONDUTOR COM SUSPEITA DE EMBREAGUEZ;1;;;;;1;;;;0;;Longo da via;Bom;Não existe;Perfeito estado;Seca;Perfeito estado;Agente;Placas Pare;;Dupla;Não existe;;
2020-02-29;09:14:00;SEM ViTIMA;FINALIZADA;BOA VISTA;RUA DR JOSE MARIANO;386;;LADO OPOSTO A CASA DOS FOLHEADOS;BOA VISTA;209;CIDADE;ABALROAMENTO LONGITUDINAL;COLISÃO S/VITIMAS ENTRE DOIS AUTOS (V.T 17 NO QTH);2;;;;;;;;;0;;Longo da via;Bom;Sem defeito;Perfeito estado;Seca;Perfeito estado;Outros;Outras;;Única;Não existe;;
2020-02-29;11:50:00;SEM ViTIMA;CANCELADA;IMBIRIBEIRA;AV MARECHAL MASCARENHAS DE MORAES;;;AO LADO DO GERALDAO;IMBIRIBEIRA;;;COLISÃO;COLISAO SEM VITIMAS;1;;;;;1;;;;0;;;;;;;;;;;;;;
2020-02-29;12:40:00;SEM ViTIMA;CANCELADA;CAXANGÁ;AV CAXANGA;;;E/F A DROGASIL PROX AO ANTIGO EXPRESSO CIDADAO SENTIDO CAMARAGIBE;CAXANGÁ;;;COLISÃO;COLISAO SEM VITIMAS;;1;;;;1;;;;0;;;;;;;;;;;;;;
2020-02-29;12:43:00;COM VITIMA;FINALIZADA;PASSARINHO;EST DE PASSARINHO;3260;;E/F AO BAR DO LABAREDAS;PASSARINHO;;;ABALROAMENTO LONGITUDINAL;COLISAO ENTRE AUTO E MOTO COM UMA VITIMA;1;1;;;;;;;;1;;Longo da via;Bom;Não existe;Perfeito estado;Seca;Perfeito estado;Não existe;;30 km/h;Dupla;Faixa seccionada;;
2020-02-29;15:02:00;SEM ViTIMA;FINALIZADA;SAN MARTIN;AV GENERAL SAN MARTIN;2102;;COPIADORA E PAPELARIA SANTO ANTONIO;SAN MARTIN;;;CHOQUE VEÍCULO PARADO;COLISAO ENTRE AUTO E MOTO S/V;2;2;;;;;;;;0;;Longo da via;Bom;;;Seca;Perfeito estado;;;;Dupla;Faixa contínua;;
2020-02-29;16:23:00;SEM ViTIMA;FINALIZADA;MADALENA;EST DOS REMEDIOS;;AV ENGENHEIRO ABDIAS DE CARVALHO;APÓS A BOB'S;MADALENA;52;SUBURBIO;ABALROAMENTO LONGITUDINAL;COLISAO ENTRE DOIS AUTO S/V;2;;;;;;;;;0;;Cruzamento;Bom;Sem defeito;Perfeito estado;Seca;Perfeito estado;Faixa de pedestre;R-6a;;Dupla;Faixa contínua;Faixa seccionada;
2020-02-29;16:38:00;SEM ViTIMA;CANCELADA;VÁRZEA;AV JOAQUIM RIBEIRO;1307;;;VÁRZEA;;;COLISÃO;DOIS AUTOS S/V;2;;;;;;;;;0;;;;;;;;;;;;;;
2020-02-29;17:45:00;SEM ViTIMA;FINALIZADA;BOA VISTA;RUA DOM BOSCO;;;EM FRENTE A DROGASIL;BOA VISTA;174;SUBURBIO;COLISÃO TRASEIRA;COLISAO SEM VITIMAS;2;;;;;;;;;0;;Longo da via;Bom;Sem defeito;Perfeito estado;Seca;Perfeito estado;Faixa de pedestre;;;Única;Faixa seccionada;;
2020-02-29;17:54:00;SEM ViTIMA;FINALIZADA;IPUTINGA;AV MAURICIO DE NASSAU;80;RUA FILADELFIA;;IPUTINGA;;SUBURBIO;COLISÃO TRASEIRA;COLISAO SEM VITIMAS;1;1;;;;;;;;0;;;Bom;Não existe;Incompleta;Seca;Mal conservada;Não existe;Não há placas;;Dupla;Não existe;;
2020-02-29;18:13:00;SEM ViTIMA;FINALIZADA;BOA VIAGEM;AV ENGENHEIRO DOMINGOS FERREIRA;1930;RUA JORNALISTA FRANCISCO ALMEIDA;;BOA VIAGEM;;;ABALROAMENTO TRANSVERSAL;GOL X RENAULT;2;;;;;;;;;0;;;Bom;Não existe;Perfeito estado;Seca;Perfeito estado;Não existe;Não há placas;60 km/h;Dupla;Faixa seccionada;;
2020-02-29;19:13:00;SEM ViTIMA;CANCELADA;AFOGADOS;RUA PADRE TEOFILO TWORZ;;RUA COSME VIANA;ENF A TUPAN;AFOGADOS;;;COLISÃO;HONDA TITAN 150 X FORD KA;1;1;;;;;;;;0;;;;;;;;;;;;;;
2020-02-29;19:46:00;COM VITIMA;FINALIZADA;AFOGADOS;RUA SAO MIGUEL;558;RUA OLIMPIO CHACON;NA ENTRADA DA VILA SÃO MIGUEL / E/F A AUTO PEÇAS PREMIER;AFOGADOS;;SUBURBIO;ABALROAMENTO TRANSVERSAL;ENTRE MOTO E AUTO. C/V;1;1;;;;;;;;1;;Esquina;Bom;Sem defeito;Perfeito estado;Seca;Perfeito estado;;R-6a;40 km/h;Dupla;Faixa contínua;;
2020-02-29;22:50:00;SEM ViTIMA;CANCELADA;VASCO DA GAMA;RUA ALTO DO EUCALIPTO;;;TERMINAL DO VASCO DA GAMA CABUGA;VASCO DA GAMA;;;COLISÃO;DUAS MOTOS    OBS: SUSPEITA DE EMBRIAGUEZ;;2;;;;;;;;0;;;;;;;;;;;;;;
2020-02-29;23:32:00;SEM ViTIMA;CANCELADA;DOIS IRMÃOS;RUA PROF CLAUDIO SELVA;150;;ENF. A ESCOLA MUNICIPAL SOCIOLOGO GILBERTO FREYRE;DOIS IRMÃOS;;;COLISÃO;ONIX X TITAN 160;1;1;;;;;;;;0;;;;;;;;;;;;;;
2020-03-01;02:06:00;SEM ViTIMA;CANCELADA;ENCRUZILHADA;EST DE BELEM;;AV BEBERIBE;;ENCRUZILHADA;;;ABALROAMENTO LONGITUDINAL;ENTRE 2 AUTOS. S/V;1;;;;;1;;;;0;;Cruzamento;Chuvoso;Sem defeito;Perfeito estado;Molhada;Perfeito estado;Faixa de pedestre;;;Única;;;
2020-03-01;03:40:00;SEM ViTIMA;FINALIZADA;SANTO AMARO;AV CRUZ CABUGA;;RUA DR JOAO VIEIRA DE MENEZES;POSTE DO SEMÁFORO DE PEDESTRE 674;SANTO AMARO;674;;CHOQUE OBJETO FIXO;ÔNIBUS DA EMPRESA CIDADE ALTA CHOCOU-SE CONTRA O POSTE DO SEMÁFORO;;;;;;1;;;;0;;Cruzamento;Chuvoso;Intermitente;Perfeito estado;Molhada;Mal iluminada;Faixa de pedestre;Não há placas;;Dupla;Faixa contínua;;
2020-03-01;05:06:00;SEM ViTIMA;FINALIZADA;BOA VIAGEM;AV BOA VIAGEM;4988;RUA DR VICENTE GOMES;PRÓXIMO A PRAÇA DE BOA VIAGEM;BOA VIAGEM;483;CIDADE;ABALROAMENTO TRANSVERSAL;ENTRE ÔNIBUS E 2 AUTOS. S/V;2;;;;;1;;;;0;;Longo da via;Bom;Intermitente;Perfeito estado;Seca;Perfeito estado;Faixa de pedestre;Outras;;Única;;;
2020-03-01;07:43:00;SEM ViTIMA;CANCELADA;CAXANGÁ;RUA JOAO SALES MENEZES;450;;EM FRENTE AO EDF LETICIA;CAXANGÁ;;;COLISÃO;CARRETA E AUTO PASSEIO;1;;;;;;1;;;0;;;;;;;;;;;;;;
2020-03-01;09:16:00;SEM ViTIMA;FINALIZADA;COQUEIRAL;RUA ANANIAS CATANHO;797;;MAIS QUE AÇOUGUE;COQUEIRAL;;SUBURBIO;ABALROAMENTO TRANSVERSAL;COLISAO SEM VITIMAS;2;;;;;;;;;0;;Cruzamento;Bom;Não existe;Perfeito estado;Seca;Perfeito estado;Faixa de retenção;Não há placas;;Dupla;Faixa seccionada;;
2020-03-01;09:49:00;SEM ViTIMA;FINALIZADA;IMBIRIBEIRA;AV MARECHAL MASCARENHAS DE MORAES;;;EM FRENTE A RENAULT SELECTION EUROVIA;IMBIRIBEIRA;534;SUBURBIO;COLISÃO TRASEIRA;COLISÃO SEM ViTIMA;2;;;;;;;;;0;;;;Sem defeito;Perfeito estado;Seca;Perfeito estado;Faixa de retenção;Não há placas;;Dupla;Canteiro central;;
2020-03-01;10:06:00;SEM ViTIMA;FINALIZADA;ESPINHEIRO;RUA CONS PORTELA;504;RUA QUARENTA E OITO;ESQUINA COMA PAGUE MENOS;ESPINHEIRO;11;SUBURBIO;ABALROAMENTO LONGITUDINAL;COLISAO SEM VITIMAS;1;;;;;1;;;;0;;Cruzamento;Bom;Sem defeito;Perfeito estado;Seca;Perfeito estado;Faixa de pedestre;Não há placas;;Única;Faixa contínua;;
2020-03-01;10:13:00;SEM ViTIMA;FINALIZADA;IMBIRIBEIRA;RUA ITAJAI;249;RUA ITACARI;;IMBIRIBEIRA;;SUBURBIO;ABALROAMENTO TRANSVERSAL;DOIS AUTOS;2;;;;;;;;;0;;Cruzamento;Bom;Não existe;Perfeito estado;Seca;Perfeito estado;Faixa de pedestre;Placas Pare;;Dupla;Faixa seccionada;;
2020-03-01;10:16:00;SEM ViTIMA;FINALIZADA;;RUA CORREGO ANTONIO RODRIGUES;519;;TERMINAL DE CHÃ DE ALEGRIA;;;;ABALROAMENTO LONGITUDINAL;ONIBUS E AUTO;1;;;;;1;;;;0;;Longo da via;Bom;Não existe;Incompleta;Seca;Perfeito estado;Não existe;Não há placas;;Dupla;Não existe;;
2020-03-01;10:28:00;SEM ViTIMA;FINALIZADA;MADALENA;AV VISCONDE DE ALBUQUERQUE;937;;EM FRENTE AO NÚMERO 937;MADALENA;576;;COLISÃO TRASEIRA;COLISÃO SEM VITIMAS;2;;;;;;;;;0;;Longo da via;Bom;Sem defeito;Perfeito estado;Seca;Perfeito estado;Faixa de pedestre;R-4a;;Única;Faixa seccionada;;
2020-03-01;11:12:00;SEM ViTIMA;FINALIZADA;SANTO AMARO;AV CRUZ CABUGA;269;;EREM GINÁSIO PERNAMBUCANO;SANTO AMARO;523;CIDADE;ABALROAMENTO LONGITUDINAL;COLISÃO SEM VITIMAS;1;;;;;1;;;;0;;Longo da via;Bom;Sem defeito;Perfeito estado;Seca;Perfeito estado;Faixa de pedestre;Não há placas;;Dupla;Faixa contínua;;
2020-03-01;13:10:00;SEM ViTIMA;FINALIZADA;APIPUCOS;RUA DOIS IRMAOS;414;;;APIPUCOS;535;CIDADE;ABALROAMENTO TRANSVERSAL;COLISÃO S/VITIMAS ENTRE DOIS AUTOS;2;;;;;;;;;0;;Cruzamento;Bom;Sem defeito;Perfeito estado;Seca;Perfeito estado;Faixa de pedestre;R-6a;60 km/h;Dupla;Faixa contínua;;
2020-03-01;17:02:00;SEM ViTIMA;FINALIZADA;GRAÇAS;RUA DAS CREOULAS;78;;;GRAÇAS;;CIDADE;CHOQUE VEÍCULO PARADO;COLISÃO S/VITIMAS ENTRE DOIS AUTOS;2;;;;;;;;;0;;Longo da via;Bom;Sem defeito;Perfeito estado;Seca;Perfeito estado;Faixa de pedestre;Outras;;Única;Faixa seccionada;;
2020-03-01;18:37:00;SEM ViTIMA;FINALIZADA;BAIRRO DO RECIFE;AV MARQUES DE OLINDA;;CAIS DA ALFANDEGA;;BAIRRO DO RECIFE;165;;ABALROAMENTO LONGITUDINAL;COLISAO SEM VITIMAS;2;;;;;;;;;0;;Cruzamento;Bom;Sem defeito;Perfeito estado;Seca;Perfeito estado;Faixa de pedestre;Não há placas;;Única;Faixa contínua;;
2020-03-01;19:11:00;SEM ViTIMA;FINALIZADA;IBURA;AV DOIS RIOS;;;EM FRENTE AO SESI;IBURA;;;COLISÃO;COLISÃO ENTRE AUTO E MOTO S/V;1;1;;;;;;;;0;;;;;;;;;;;;;;
2020-03-01;22:21:00;SEM ViTIMA;FINALIZADA;VASCO DA GAMA;RUA VASCO DA GAMA;1020;;EM FRENTE AO Nº 1020;VASCO DA GAMA;;SUBURBIO;COLISÃO TRASEIRA;COLISAO SEM VITIMAS;1;1;;;;;;;;0;;Longo da via;Bom;Não existe;Perfeito estado;Seca;Perfeito estado;;;30 km/h;Dupla;Não existe;;
2020-03-02;05:39:00;SEM ViTIMA;FINALIZADA;ILHA DO RETIRO;RUA SPORT CLUBE DO RECIFE;;RUA JOSE MUCIO MONTEIRO;OPOSTO A ILHA DO RETIRO;ILHA DO RETIRO;367;SUBURBIO;COLISÃO COM CICLISTA;COLISÃO ENTRE MOTO E BICICLETA S/V;;1;;1;;;;;;0;;Longo da via;Bom;Sem defeito;Perfeito estado;Seca;Perfeito estado;Faixa de pedestre;Não há placas;;Dupla;Canteiro central;;
2020-03-02;06:17:00;SEM ViTIMA;FINALIZADA;CORDEIRO;RUA N S DA SAUDE;;RUA CORONEL FERNANDO FURTADO;PRÓXIMO A CRECHE MUNICIPAL MENINO JESUS DA BIMBA GRANDE;CORDEIRO;;SUBURBIO;ABALROAMENTO TRANSVERSAL;COLISÃO S/VITIMAS ENTRE DOIS AUTOS;2;;;;;;;;;0;;Cruzamento;Bom;Não existe;Perfeito estado;Seca;Perfeito estado;Não existe;Placas Pare;;Dupla;Faixa contínua;;
2020-03-02;06:39:00;SEM ViTIMA;FINALIZADA;BOA VIAGEM;AV VINTE DE JANEIRO;295;RUA TENENTE AURELIO SAMPAIO;;BOA VIAGEM;;CIDADE;ABALROAMENTO TRANSVERSAL;COLISÃO SEM VITIMAS;1;;;;;1;;;;0;;;Bom;Não existe;Perfeito estado;Seca;Perfeito estado;Não existe;Placas Pare;;Dupla;Faixa seccionada;;
2020-03-02;07:11:00;SEM ViTIMA;FINALIZADA;BOA VIAGEM;RUA DEZ DE JULHO;;RUA CAMBOIM;PRÓXIMO AO MAISON CRISTAL;BOA VIAGEM;;CIDADE;ABALROAMENTO TRANSVERSAL;COLISÃO S/VITIMAS ENTRE DOIS AUTOS (USUÁRIO INF. QUE HOUVE ESCORIAÇÕES- NO ENTANTO- NÃO SERÁ NECESSÁRIO ATENDIMENTO DO SAMU);2;;;;;;;;;0;;Cruzamento;Bom;Não existe;Perfeito estado;Seca;Perfeito estado;Outros;Placas Pare;;Única;Faixa seccionada;;
2020-03-02;07:35:00;SEM ViTIMA;FINALIZADA;CORDEIRO;AV CAXANGA;1126;;DELÍCIA DOS PRAZERES;CORDEIRO;;SUBURBIO;COLISÃO TRASEIRA;COLISÃO SEM VITIMAS  GM  ANTONIO SANTOS QTH;2;;;;;;;;;0;;Longo da via;Bom;;Perfeito estado;Seca;Perfeito estado;;;;Dupla;Faixa seccionada;Canteiro central;
2020-03-02;07:41:00;SEM ViTIMA;FINALIZADA;IMBIRIBEIRA;AV MARECHAL MASCARENHAS DE MORAES;;;EM FRENTE A LOCALIZA LOCADORA DE VEÍCULOS;IMBIRIBEIRA;;CIDADE;ABALROAMENTO LONGITUDINAL;COLISAO SEM VITIMAS;1;1;;;;;;;;0;;Longo da via;Bom;Não existe;Perfeito estado;Seca;Perfeito estado;Não existe;Não há placas;60 km/h;Dupla;Faixa seccionada;Canteiro central;
2020-03-02;08:18:00;COM VITIMA;FINALIZADA;BOA VIAGEM;RUA PROFESSOR JOSE BRANDAO;;RUA FRANCISCO DA CUNHA;EM FRENTE AO BAR MANHATTAN;BOA VIAGEM;;SUBURBIO;ABALROAMENTO TRANSVERSAL;COLISÃO COM VITIMA A ESPERA DO SAMU;1;1;;;;;;;;1;;Cruzamento;Bom;Não existe;Perfeito estado;Seca;Perfeito estado;Outros;Placas Pare;;Única;Faixa seccionada;;
2020-03-02;08:31:00;SEM ViTIMA;FINALIZADA;GRAÇAS;AV RUI BARBOSA;1599;;EM FRENTE AO Nº 1599;GRAÇAS;37;CIDADE;ABALROAMENTO LONGITUDINAL;COLISAO SEM VITIMAS GM SADRAQUE NO QTH;1;;;;;;1;;;0;;Longo da via;Bom;Sem defeito;Perfeito estado;Seca;Perfeito estado;Agente;Outras;60 km/h;Única;Faixa seccionada;;
2020-03-02;08:31:00;SEM ViTIMA;CANCELADA;ENGENHO DO MEIO;RUA MAURICEIA;222;;EM FRENTE DO COLEGIO SABER;ENGENHO DO MEIO;;;COLISÃO;CAMINHAO E AUTO PASSEIO;1;;;;;;1;;;0;;;;;;;;;;;;;;
2020-03-02;08:36:00;COM VITIMA;FINALIZADA;CAMPO GRANDE;RUA JERONIMO VILELA;;RUA MANUEL DE BARROS LIMA;AO  LADO DA FARMACIA DROGASIL;CAMPO GRANDE;;SUBURBIO;ABALROAMENTO LONGITUDINAL;COLISÃO COM VITIMAS;1;1;;;;;;;;2;;Longo da via;Bom;Não existe;Perfeito estado;Seca;Perfeito estado;Não existe;Outras;;Dupla;Faixa seccionada;;
2020-03-02;08:39:00;SEM ViTIMA;FINALIZADA;ENCRUZILHADA;AV JOAO DE BARROS;;AV NORTE;SEMÁFORO Nº 043;ENCRUZILHADA;43;SUBURBIO;COLISÃO TRASEIRA;COLISÃO SEM VITIMAS GM  CARLOS EDUARDO QTH;2;;;;;;;;;0;;Cruzamento;Bom;Sem defeito;Perfeito estado;Seca;Perfeito estado;;;;Única;;;
2020-03-02;09:36:00;SEM ViTIMA;FINALIZADA;BOA VISTA;AV CONDE DA BOA VISTA;;;EM FRENTE A MICROLINS;BOA VISTA;;CIDADE;ABALROAMENTO LONGITUDINAL;COLISÃO SEM VITIMAS;1;;;;;1;;;;0;;Longo da via;Bom;Sem defeito;Incompleta;Seca;;Não existe;Não há placas;;Dupla;;;
2020-03-02;09:51:00;SEM ViTIMA;CANCELADA;AFOGADOS;EST DOS REMEDIOS;;;NA FRENTE DO TODO DIA DE AFOGADOS;AFOGADOS;;;COLISÃO;COLISAO SEM VITIMAS;1;1;;;;;;;;0;;;;;;;;;;;;;;
2020-03-02;09:54:00;SEM ViTIMA;FINALIZADA;GRAÇAS;AV RUI BARBOSA;;RUA AMELIA;SOB O SEMÁFORO Nº 048;GRAÇAS;48;CIDADE;ABALROAMENTO LONGITUDINAL;;;;;;;1;;;;0;;Cruzamento;Bom;Sem defeito;Perfeito estado;Seca;Perfeito estado;Agente;;;Única;Faixa contínua;;
2020-03-02;10:23:00;SEM ViTIMA;FINALIZADA;JOANA BEZERRA;RUA IMPERIAL;2056;;;JOANA BEZERRA;;SUBURBIO;ABALROAMENTO TRANSVERSAL;COLISAO SEM VITIMAS;1;;;;;;1;;;0;;Longo da via;Bom;Não existe;Perfeito estado;Seca;Perfeito estado;Não existe;Outras;;Única;Faixa seccionada;;
2020-03-02;10:39:00;SEM ViTIMA;FINALIZADA;IPUTINGA;RUA CELESTINO NEVES;209;AV PROFESSOR MORAES REGO;EM FRENTE A AUTOTRAC;IPUTINGA;;SUBURBIO;ABALROAMENTO LONGITUDINAL;COLISÃO S/VITIMAS ENTRE DOIS AUTOS;2;;;;;;;;;0;;Cruzamento;Bom;Não existe;Incompleta;Seca;Mal conservada;Não existe;Não há placas;;Dupla;Não existe;;
2020-03-02;10:44:00;SEM ViTIMA;FINALIZADA;MADALENA;RUA COSTA GOMES;28;RUA REAL DA TORRE;RESTAURANTE PONTO DO AÇAÍ;MADALENA;;SUBURBIO;ABALROAMENTO LONGITUDINAL;COLISÃO SEM VITIMAS;2;;;;;;;;;0;;Cruzamento;Bom;Não existe;Perfeito estado;Seca;Perfeito estado;Faixa de pedestre;Placas Pare;;Única;Não existe;;
2020-03-02;11:13:00;COM VITIMA;FINALIZADA;DOIS IRMÃOS;RUA DOIS IRMAOS;;;EM FRENTE A UNIVERSIDADE RURAL DE PERNAMBUCO;DOIS IRMÃOS;;SUBURBIO;ABALROAMENTO TRANSVERSAL;COLISAO COM VITIMAS;1;1;;;;;;;;1;;Longo da via;Bom;;Incompleta;Seca;Perfeito estado;Não existe;Não há placas;;Dupla;Não existe;;
2020-03-02;11:42:00;COM VITIMA;FINALIZADA;CORDEIRO;AV CAXANGA;;RUA ANTERO MOTA;E/F EXPOSIÇÃO DE ANIMAIS;CORDEIRO;;SUBURBIO;ABALROAMENTO TRANSVERSAL;COLISÃO C/VITIMA ENTRE DOIS AUTOS;2;;;;;;;;;2;;Cruzamento;Bom;Sem defeito;Perfeito estado;Seca;Perfeito estado;Faixa de pedestre;Outras;;;Faixa contínua;;
2020-03-02;11:43:00;SEM ViTIMA;FINALIZADA;BOA VIAGEM;RUA BALTAZAR PASSOS;;RUA SA E SOUZA;EM FRENTE A MAISON SETUBAL RECEPÇÕES;BOA VIAGEM;;;ABALROAMENTO LONGITUDINAL;COLISAO SEM VITIMAS;2;;;;;;;;;0;;Cruzamento;Bom;Não existe;;Seca;;Não existe;Placas Pare;40 km/h;Única;Não existe;;
2020-03-02;12:30:00;SEM ViTIMA;FINALIZADA;TAMARINEIRA;AV ENGENHEIRO AGAMENON DE MAGALHAES MELO;54-A;;PRÓXIMO AO COLÉGIO ANGLO LÍDER;TAMARINEIRA;;SUBURBIO;CHOQUE VEÍCULO PARADO;COLISAO ENTRE DOIS AUTOS S/V;2;;;;;;;;;0;;Longo da via;Bom;Não existe;Perfeito estado;Seca;Perfeito estado;;Outras;;Dupla;Não existe;;
2020-03-02;12:40:00;SEM ViTIMA;FINALIZADA;DERBY;AV GOVERNADOR AGAMENON MAGALHAES;;;EM FRENTE AO HOSPITAL DA RESTAURAÇÃO;DERBY;;;COLISÃO TRASEIRA;COLISÃO SEM ViTIMA;2;;;;;;;;;0;;Longo da via;Bom;Sem defeito;Perfeito estado;Seca;Perfeito estado;Agente;Outras;60 km/h;Dupla;Faixa seccionada;;
2020-03-02;13:10:00;SEM ViTIMA;CANCELADA;BOA VIAGEM;RUA SA E SOUZA;803;;PROX AO RESTAURANTE SERGIO´S E DA RM EXPRESS;BOA VIAGEM;;;COLISÃO;COLISAO ENTRE DOIS AUTOS S/V;2;;;;;;;;;0;;;;;;;;;;;;;;
2020-03-02;13:29:00;COM VITIMA;FINALIZADA;SANTO AMARO;RUA MAJOR CODECEIRA;;RUA DOS PALMARES;E/F AO LABOARATORIO JULIAO AO LADO DO PROCAPE;SANTO AMARO;;;ABALROAMENTO TRANSVERSAL;COLISAO ENTRE AUTO E MOTO COM UMA VITIMA;1;1;;;;;;;;1;;Cruzamento;Bom;Não existe;Perfeito estado;Seca;Perfeito estado;Não existe;R-6a;;Única;Faixa seccionada;;
2020-03-02;13:50:00;SEM ViTIMA;FINALIZADA;BOA VIAGEM;AV DES JOSE NEVES;166;;;BOA VIAGEM;;CIDADE;COLISÃO TRASEIRA;;2;;;;;;;;;0;;Longo da via;Bom;Não existe;Perfeito estado;Seca;Perfeito estado;Não existe;R-6a;;Dupla;Canal;;
2020-03-02;13:58:00;SEM ViTIMA;FINALIZADA;BOA VIAGEM;RUA VISCONDE DE JEQUITINHONHA;;RUA CAPITAO ZUZINHA;;BOA VIAGEM;433;SUBURBIO;COLISÃO TRASEIRA;COLISAO ENTRE ONIBUS E AUTOS S/V GM MARCIA SANTOS NO LOCAL;1;;;;;1;;;;0;;Longo da via;Bom;Sem defeito;Perfeito estado;Seca;Perfeito estado;Agente;Outras;60 km/h;Única;Faixa seccionada;Canteiro central;
2020-03-02;14:08:00;SEM ViTIMA;FINALIZADA;TORRE;RUA CONDE DE IRAJA;;RUA JOSE BONIFACIO;AO LADO DA PADARIA NOVA ARMADA;TORRE;191;SUBURBIO;ABALROAMENTO LONGITUDINAL;COLISÃO SEM ViTIMA;1;;;;;;;;1;0;;Cruzamento;Bom;Sem defeito;Perfeito estado;Seca;Perfeito estado;Faixa de pedestre;R-6a;;Única;Faixa seccionada;;
2020-03-02;14:09:00;SEM ViTIMA;FINALIZADA;ESPINHEIRO;AV GOVERNADOR AGAMENON MAGALHAES;24;RUA SAO SALVADOR;;ESPINHEIRO;;CIDADE;ABALROAMENTO LONGITUDINAL;;2;;;;;;;;;0;;Longo da via;Bom;Não existe;Perfeito estado;Seca;Perfeito estado;Não existe;Outras;40 km/h;Dupla;Canteiro central;;
2020-03-02;14:26:00;SEM ViTIMA;FINALIZADA;SAN MARTIN;RUA COMENDADOR FRANCO FERREIRA;476;RUA MOSSORO;;SAN MARTIN;;SUBURBIO;ABALROAMENTO TRANSVERSAL;;2;;;;;;;;;0;;Cruzamento;Bom;Não existe;;Seca;;Não existe;Placas Pare;;Dupla;Não existe;;
2020-03-02;14:28:00;SEM ViTIMA;CANCELADA;JARDIM SÃO PAULO;AV SAO PAULO;655;;EM FRENTE A FARMACIA PRIME;JARDIM SÃO PAULO;;;COLISÃO;COLISÃO SEM ViTIMA ENTRE AUTO E CARROÇA DE TRAÇÃO ANIMAL;1;;;;;;;;1;0;;;;;;;;;;;;;;