data;hora;natureza_acidente;situacao;bairro;endereco;numero;detalhe_endereco_acidente;complemento;bairro_cruzamento;num_semaforo;sentido_via;tipo;descricao;auto;moto;ciclom;ciclista;pedestre;onibus;caminhao;viatura;outros;vitimas;vitimasfatais;acidente_verificado;tempo_clima;situacao_semaforo;sinalizacao;condicao_via;conservacao_via;ponto_controle;situacao_placa;velocidade_max_via;mao_direcao;divisao_via1;divisao_via2;divisao_via3
2020-03-06;05:18:00;SEM ViTIMA;CANCELADA;BOA VIAGEM;RUA FELICIANO JOSE DE FARIAS;111;;PRÓX AO MAR HOTEL;BOA VIAGEM;;;COLISÃO;COLISÃO ENTRE DOIS AUTOS- S/V;2;;;;;;;;;0;;;;;;;;;;;;;;
2020-03-06;08:47:00;SEM ViTIMA;FINALIZADA;BOA VISTA;RUA DOM BOSCO;767;AV MANOEL BORBA;PRÓXIMO A RÁDIO RECIFE;BOA VISTA;28;SUBURBIO;ABALROAMENTO LONGITUDINAL;DOIS AUTOS;2;;;;;;;;;0;;Longo da via;Bom;Sem defeito;Perfeito estado;Seca;Perfeito estado;Faixa de pedestre;Outras;;Dupla;Faixa contínua;;
2020-03-06;08:53:00;COM VITIMA;FINALIZADA;ARRUDA;AV BEBERIBE;896;;AO LADO DO LOJAO DO PETROLEO;ARRUDA;;CIDADE;ABALROAMENTO TRANSVERSAL;COLISAO COM VITIMAS;1;1;;;;;;;;1;;Longo da via;Bom;Não existe;Perfeito estado;Seca;Perfeito estado;;Outras;;Dupla;Faixa seccionada;;
2020-03-06;10:46:00;SEM ViTIMA;FINALIZADA;;RUA ANTONIO CURADO;450;RUA MANUEL ALVES DEUSDARA;GUGA'S BURG;;;;ABALROAMENTO TRANSVERSAL;COLISAO SEM VITIMAS;2;;;;;;;;;0;;Cruzamento;Bom;Não existe;Perfeito estado;Seca;Perfeito estado;Não existe;Outras;;Dupla;;;
2020-03-06;10:47:00;SEM ViTIMA;CANCELADA;IBURA;RUA EXP FRANCISCO VITORIANO;460;;E/F A CIA BEBIDAS;IBURA;;;COLISÃO;COLISÃO S/VITIMAS ENTRE DOIS AUTOS;2;;;;;;;;;0;;;;;;;;;;;;;;
2020-03-06;11:48:00;SEM ViTIMA;CANCELADA;GUABIRABA;RUA SENHOR DO BONFIM;27;;PROX: A GARAGEM DA GLOBO;GUABIRABA;;;COLISÃO;COLISAO S/ VITIMA ENTRE VEICULO CAMINHAO;1;;;;;;1;;;0;;;;;;;;;;;;;;
2020-03-06;13:41:00;SEM ViTIMA;CANCELADA;JARDIM SÃO PAULO;RUA DR GUSTAVO PINTO;183;;ARMAZEM DEPOSITO CONSTRUTO;JARDIM SÃO PAULO;;;COLISÃO;COLISAO S/ VITIMA ENTRE CARRO E MOTO;1;1;;;;;;;;0;;;;;;;;;;;;;;
2020-03-06;14:46:00;SEM ViTIMA;FINALIZADA;BOA VIAGEM;AV MARECHAL JUAREZ TAVORA;;RUA DEZ DE JULHO;;BOA VIAGEM;437;;ABALROAMENTO LONGITUDINAL;COLISAO ENTRE AUTO E MOTO S/V;1;1;;;;;;;;0;;Cruzamento;Bom;Sem defeito;Perfeito estado;Seca;Perfeito estado;Faixa de pedestre;R-4b;;Única;Faixa seccionada;;
2020-03-06;15:17:00;SEM ViTIMA;FINALIZADA;IBURA;AV RIO LARGO;100B;;;IBURA;512;SUBURBIO;ABALROAMENTO LONGITUDINAL;COLISÃO SEM ViTIMA;1;;;;;1;;;;0;;;Bom;Sem defeito;Perfeito estado;Seca;Perfeito estado;Não existe;;;Dupla;Não existe;;
2020-03-06;16:11:00;SEM ViTIMA;CANCELADA;CAXANGÁ;RUA RIBEIRO PESSOA;;;EM FRENTE A UPA DA CAXANGA;CAXANGÁ;;;COLISÃO;COLISÃO SEM ViTIMA;2;;;;;;;;;0;;;;;;;;;;;;;;
2020-03-06;17:37:00;SEM ViTIMA;FINALIZADA;CORDEIRO;AV ENGENHEIRO ABDIAS DE CARVALHO;;AV GENERAL SAN MARTIN;COMPAZ;CORDEIRO;58;SUBURBIO;COLISÃO TRASEIRA;COLISÃO SEM ViTIMA;2;;;;;;;;;0;;Longo da via;Bom;Sem defeito;Perfeito estado;Seca;Perfeito estado;;;;Dupla;Canteiro central;;
2020-03-06;18:09:00;SEM ViTIMA;FINALIZADA;POÇO DA PANELA;RUA LUIZ GUIMARAES;183;RUA DOS ARCOS;PRÓXIMO AO BARCHEF;POÇO DA PANELA;;CIDADE;ABALROAMENTO LONGITUDINAL;ENTRE 2 AUTOS. S/V;2;;;;;;;;;0;;Longo da via;Bom;Não existe;Incompleta;Seca;Mal iluminada;Não existe;Não há placas;;Dupla;Não existe;;
2020-03-06;19:08:00;SEM ViTIMA;FINALIZADA;TAMARINEIRA;RUA GUIMARAES PEIXOTO;295;;TORRE DE LYON;TAMARINEIRA;;SUBURBIO;CHOQUE VEÍCULO PARADO;VEICULO TRANSITANDO EM CONTRA-MAO COLIDIU COM 4 VEICULOS  OBS:: SUSPEITA DE EMBRIAGUEZ;4;;;;;;;;;0;;Longo da via;Bom;Não existe;Incompleta;Seca;Perfeito estado;Não existe;Outras;20 km/h;Única;;;
2020-03-06;19:23:00;COM VITIMA;FINALIZADA;PARNAMIRIM;RUA DES GOIS CAVALCANTE;303;RUA MIZAEL MONTENEGRO;ESQUINA COM O PÃO DE AÇUCAR;PARNAMIRIM;;SUBURBIO;ABALROAMENTO LONGITUDINAL;ENTRE AUTO E MOTO. C/V;1;1;;;;;;;;2;;Esquina;Bom;Não existe;Ilegível;Seca;Mal iluminada;Não existe;Não há placas;;Única;Faixa seccionada;;
2020-03-06;20:22:00;SEM ViTIMA;FINALIZADA;IPUTINGA;EST DO BARBALHO;1525;RUA EDGAR D'AMORIM;;IPUTINGA;;SUBURBIO;ABALROAMENTO LONGITUDINAL;ENTRE AUTO E MOTO. S/V;1;1;;;;;;;;0;;;Bom;Não existe;Ilegível;Seca;Mal iluminada;Não existe;Não há placas;;Dupla;Não existe;;
2020-03-06;23:27:00;SEM ViTIMA;FINALIZADA;DOIS UNIDOS;AV HILDEBRANDO DE VASCONCELOS;164;;;DOIS UNIDOS;;SUBURBIO;COLISÃO TRASEIRA;ENTRE 2 AUTOS. S/V;2;;;;;;;;;0;;Longo da via;Bom;Não existe;;Seca;Perfeito estado;Não existe;Não há placas;;Dupla;Não existe;;
2020-03-07;03:41:00;COM VITIMA;FINALIZADA;ÁGUA FRIA;RUA DA REGENERACAO;333;RUA BOM CONSELHO;EM FRENTE AO SKINA DO CUPIM- AO LADO DO VERTICAL AUTOMOTIVO- PROX DO LÉO CHOPP;ÁGUA FRIA;;;ABALROAMENTO LONGITUDINAL;COLISÃO ENTRE AUTO E MOTO C/V;1;1;;;;;;;;1;;Cruzamento;Bom;Não existe;Não existente;Seca;Perfeito estado;;Não há placas;30 km/h;Dupla;Não existe;;
2020-03-07;06:58:00;SEM ViTIMA;FINALIZADA;MACAXEIRA;AV NORTE;7415;;LADO OPOSTO AO Nº - DIGO APÓS PARQUE DA MACAXEIRA;MACAXEIRA;;SUBURBIO;CHOQUE OBJETO FIXO;VEICULO CHOCOU-SE COM O CANTEIRO CENTRAL;1;;;;;;;;;0;;Longo da via;Bom;Não existe;Perfeito estado;Seca;Perfeito estado;Não existe;R-6a;;Única;Canteiro central;;
2020-03-07;07:16:00;SEM ViTIMA;FINALIZADA;PINA;AV ENGENHEIRO DOMINGOS FERREIRA;1000;;PRIMER BATERIA;PINA;;SUBURBIO;COLISÃO TRASEIRA;COLISAO SEM VITIMAS;1;1;;;;;;;;0;;Longo da via;Bom;Sem defeito;Perfeito estado;Seca;Perfeito estado;Faixa de pedestre;R-6a;60 km/h;Única;Faixa contínua;;
2020-03-07;07:41:00;SEM ViTIMA;FINALIZADA;IPUTINGA;AV CAXANGA;2900;;EM FRENTE AO EXTRA SUPERMERCADO;IPUTINGA;;SUBURBIO;COLISÃO TRASEIRA;DOIS AUTOS;2;;;;;;;;;0;;Longo da via;Bom;Não existe;Perfeito estado;Seca;Perfeito estado;Outros;Não há placas;40 km/h;Única;Faixa seccionada;;
2020-03-07;07:44:00;SEM ViTIMA;DUPLICIDADE;MACAXEIRA;AV NORTE;;;PROXIMA A FABRICA DA AVENIDA NORTE;MACAXEIRA;;;CHOQUE OBJETO FIXO;SEM VITIMAS GM FATIMA NO QTH;1;;;;;;;;;0;;;;;;;;;;;;;;
2020-03-07;09:09:00;SEM ViTIMA;FINALIZADA;BOA VIAGEM;AV CONSELHEIRO AGUIAR;2178;;DIPLOMATA DELICATESSEN;BOA VIAGEM;;CIDADE;ABALROAMENTO LONGITUDINAL;DOIS AUTOS;2;;;;;;;;;0;;Longo da via;Bom;Não existe;Perfeito estado;Seca;Perfeito estado;Não existe;Não há placas;;Única;Faixa seccionada;;
2020-03-07;10:38:00;COM VITIMA;FINALIZADA;VÁRZEA;RUA VALE DO SIRIJI;23;;PROX A PRAÇA DA PIRIQUITA;VÁRZEA;;SUBURBIO;COLISÃO FRONTAL;MOTO E AUTO;1;;1;;;;;;;1;;Longo da via;Bom;Não existe;Não existente;Seca;Perfeito estado;Não existe;Não há placas;;Dupla;Não existe;;
2020-03-07;10:43:00;SEM ViTIMA;FINALIZADA;SÍTIO DOS PINTOS;EST DOS PINTOS;4;;EM FRENTE AO Nº 04;SÍTIO DOS PINTOS;;CIDADE;ABALROAMENTO LONGITUDINAL;;1;;;;;1;;;;0;;Longo da via;Bom;Não existe;Não existente;Seca;Perfeito estado;Não existe;Não há placas;;Dupla;Não existe;;
2020-03-07;11:11:00;SEM ViTIMA;FINALIZADA;IMBIRIBEIRA;AV MARECHAL MASCARENHAS DE MORAES;;;EM FRENTE A UNIVERSIDADE UNIVERSO;IMBIRIBEIRA;;CIDADE;COLISÃO TRASEIRA;VEÍCULO PEGA FOGO E BOMBEIROS NO LOCAL;1;;;;;1;;;;0;;Longo da via;Bom;Sem defeito;Perfeito estado;Seca;Perfeito estado;Faixa de pedestre;Não há placas;60 km/h;Única;Faixa seccionada;;
2020-03-07;11:32:00;SEM ViTIMA;FINALIZADA;ARRUDA;AV BEBERIBE;;;EM FRENTE AO ESTÁDIO JOSÉ DO REGO MACIEL;ARRUDA;;SUBURBIO;COLISÃO TRASEIRA;ONIBUS E AUTO;1;;;;;1;;;;0;;Longo da via;Bom;Não existe;Perfeito estado;Seca;Perfeito estado;Não existe;Não há placas;;Dupla;Faixa contínua;;
2020-03-07;11:34:00;SEM ViTIMA;FINALIZADA;IBURA;RUA PINTOR AGENOR DE ALBUQUERQUE CESAR;13;;PRÓXIMO A GENESES GUARICA DIGITAL;IBURA;;;COLISÃO FRONTAL;COLISÃO SEM VITIMAS;2;;;;;;;;;0;;Longo da via;Bom;Sem defeito;Perfeito estado;Seca;Perfeito estado;Não existe;R-6a;30 km/h;Dupla;Faixa seccionada;;
2020-03-07;11:52:00;COM VITIMA;FINALIZADA;BOA VIAGEM;AV ENGENHEIRO DOMINGOS FERREIRA;1818;;EM FRENTE AO EXTRA SUPERMERCADO;BOA VIAGEM;;SUBURBIO;COLISÃO TRASEIRA;MOTO E AUTO;1;1;;;;;;;;1;;Longo da via;Bom;Não existe;Perfeito estado;Seca;Perfeito estado;Não existe;Não há placas;60 km/h;Única;Faixa seccionada;;
2020-03-07;12:08:00;SEM ViTIMA;FINALIZADA;ENCRUZILHADA;AV JOAO DE BARROS;994;;EM FRENTE A AMERIEDS EXPRESS;ENCRUZILHADA;42;CIDADE;COLISÃO TRASEIRA;;2;;;;;;;;;0;;Longo da via;Bom;Sem defeito;Perfeito estado;Seca;Perfeito estado;Faixa de pedestre;R-6a;;Única;Faixa contínua;;
2020-03-07;13:58:00;SEM ViTIMA;FINALIZADA;BOA VIAGEM;AV ENGENHEIRO DOMINGOS FERREIRA;1818;RUA ARTUR MUNIZ;EM FRENTE AO EXTRA SUPERMERCADO;BOA VIAGEM;380;SUBURBIO;COLISÃO TRASEIRA;COLISÃO S/VITIMAS ENTRE DOIS AUTOS (V.T 26 NO QTH);2;;;;;;;;;0;;Cruzamento;Bom;Sem defeito;Perfeito estado;Seca;Perfeito estado;Faixa de pedestre;Não há placas;60 km/h;Única;Faixa seccionada;;
2020-03-07;14:36:00;SEM ViTIMA;FINALIZADA;SANTO ANTÔNIO;AV DANTAS BARRETO;;;EM FRENTE CASA PIO - PISTA DA ESQUERDA;SANTO ANTÔNIO;284;;ABALROAMENTO LONGITUDINAL;COLISAO ENTRE ONIBUS E AUTOS S/V;1;;;;;1;;;;0;;Cruzamento;Bom;Sem defeito;Perfeito estado;Seca;Perfeito estado;Faixa de pedestre;R-6a;;Única;;;
2020-03-07;15:23:00;SEM ViTIMA;FINALIZADA;ILHA DO RETIRO;EST DOS REMEDIOS;2034;;LADO DA BOB'S;ILHA DO RETIRO;;SUBURBIO;ABALROAMENTO LONGITUDINAL;COLISÃO S/VITIMAS ENTRE DOIS AUTOS;2;;;;;;;;;0;;Longo da via;Bom;Não existe;Perfeito estado;Seca;Perfeito estado;Não existe;;40 km/h;Dupla;Faixa contínua;;
2020-03-07;16:04:00;SEM ViTIMA;FINALIZADA;CORDEIRO;AV CAXANGA;1548;;AO LADO DA CAXANGÁ PISCINAS;CORDEIRO;;SUBURBIO;COLISÃO TRASEIRA;COLISAO ENTRE DOIS AUTOS S/V;2;;;;;;;;;0;;Longo da via;Bom;Não existe;Incompleta;Seca;Mal conservada;Não existe;R-6a;;Dupla;Faixa contínua;Faixa seccionada;
2020-03-07;16:05:00;COM VITIMA;CANCELADA;CASA AMARELA;EST DAS UBAIAS-;763;;E/F A NOVA CASA;CASA AMARELA;;;ATROPELAMENTO;MOTORISTA EVADIU-SE DO LOCAL PARA A RUA ESTRADA DO ENCANAENTO Nº1638 / EDF. SIRIGI / CASA AMARELA;;;;;1;;;;;1;;;;;;;;;;;;;;
2020-03-07;16:15:00;SEM ViTIMA;FINALIZADA;ILHA JOANA BEZERRA;AV ADVOGADO JOSE PAULO CAVALCANTI;;;AO LADO DO FÓRUM DA ILHA DE JOANA BEZERRA;ILHA JOANA BEZERRA;38;;COLISÃO TRASEIRA;COLISAO ENTRE DOIS AUTOS S/V;2;;;;;;;;;0;;Cruzamento;Bom;Sem defeito;Incompleta;Seca;Perfeito estado;Faixa de retenção;R-6a;;Dupla;Faixa contínua;;
2020-03-07;16:49:00;COM VITIMA;FINALIZADA;CASA FORTE;AV DEZESSETE DE AGOSTO;892;RUA DONA ADA VIEIRA;EDF CASA GRANDE;CASA FORTE;;CIDADE;ABALROAMENTO LONGITUDINAL;COLISAO COM VITIMA ENTRE VEICULO E MOTO. VT 29 GCM: PAULO VANDERLEI E LEONARDO MESEIS;1;1;;;;;;;;1;;Longo da via;Bom;Não existe;Perfeito estado;Seca;Perfeito estado;Não existe;R-6a;;Dupla;Faixa;;
2020-03-07;16:50:00;SEM ViTIMA;FINALIZADA;ÁGUA FRIA;RUA DA REGENERACAO;668;;AO LADO DA BUDEGA PRIME;ÁGUA FRIA;;;ABALROAMENTO LONGITUDINAL;COLISÃO S/VITIMAS ENTRE UM AUTO E CAMINHÃO;1;;;;;;;;2;0;;Longo da via;Bom;Não existe;;Seca;Perfeito estado;Não existe;Não há placas;;Dupla;Não existe;;
2020-03-07;16:57:00;SEM ViTIMA;FINALIZADA;BOA VIAGEM;AV BOA VIAGEM;4988;RUA DR VICENTE GOMES;EDF. LUIZ DIAS LINS;BOA VIAGEM;483;;COLISÃO TRASEIRA;COLISAO S/ VITIMA ENTRE DOIS VEICULOS. VT 07 BARRETO- ALDILON E GERLANE. NO LOCAL;2;;;;;;;;;0;;Longo da via;Bom;Sem defeito;Perfeito estado;Seca;Perfeito estado;Faixa de pedestre;Não há placas;;Única;Faixa seccionada;;
2020-03-07;17:12:00;SEM ViTIMA;FINALIZADA;AFOGADOS;RUA SAO MIGUEL;800;RUA BEZERRA DA PALMA;JUNTO AO QUARTEL DO EXERCITO 14º BATALHÃO LOGISTICO;AFOGADOS;;SUBURBIO;COLISÃO;VEÍCULO VW/ GOL COM AVARIAS SEM CONDIÇÕES DE REMOÇÃO- CONDUTOR AUSENTE;1;;;;;;;;;0;;;;;;;;;;;;;;
2020-03-07;18:31:00;SEM ViTIMA;FINALIZADA;MADALENA;EST DOS REMEDIOS;;RUA BENFICA;;MADALENA;51;;ABALROAMENTO TRANSVERSAL;COLISAO SEM VITIMAS;1;;;;;1;;;;0;;Cruzamento;Bom;Sem defeito;Perfeito estado;Seca;Perfeito estado;Faixa de pedestre;R-25d;;Única;Faixa contínua;;
2020-03-07;19:16:00;SEM ViTIMA;CANCELADA;ESTÂNCIA;AV RECIFE;;;E/F A ANTIGA ROYALL E POSTO SHELL / APÓS O MACKRO;ESTÂNCIA;;;COLISÃO;ENTRE 2 AUTOS. S/V;2;;;;;;;;;0;;;;;;;;;;;;;;
2020-03-07;20:14:00;SEM ViTIMA;FINALIZADA;BOA VIAGEM;AV CONSELHEIRO AGUIAR;1385;RUA FREI LEANDRO;EM FRENTE A GALERIA NORTE CENTER;BOA VIAGEM;240;CIDADE;ABALROAMENTO LONGITUDINAL;COLISAO SEM VITIMAS;1;1;;;;;;;;0;;Longo da via;Bom;Sem defeito;Perfeito estado;Seca;Perfeito estado;Faixa de pedestre;R-6a;60 km/h;Única;Faixa contínua;;
2020-03-07;22:14:00;SEM ViTIMA;CANCELADA;AFOGADOS;LARGO DA PAZ;243;;PRÓX A IGREJA UNIVERSAL;AFOGADOS;;;COLISÃO;ENTRE 2 AUTOS. S/V;2;;;;;;;;;0;;;;;;;;;;;;;;
2020-03-08;00:17:00;SEM ViTIMA;FINALIZADA;IPSEP;AV RECIFE;3045;;EM FRENTE AO POSTO FEDERAL;IPSEP;;CIDADE;CHOQUE OBJETO FIXO;VEÍCULO CHOCOU-SE CONTRA UM POSTE.;1;;;;;;;;;0;;Longo da via;Bom;Não existe;Perfeito estado;Seca;Perfeito estado;Não existe;Não há placas;60 km/h;Dupla;Faixa seccionada;Canteiro central;
2020-03-08;00:28:00;SEM ViTIMA;FINALIZADA;JARDIM SÃO PAULO;RUA NOSSA SENHORA DE FATIMA;131;;PRÓXIMO A PRAÇA JARDIM SÃO PAULO;JARDIM SÃO PAULO;;CIDADE;COLISÃO TRASEIRA;COLISÃO ENTRE DOIS AUTOS- S/V;2;;;;;;;;;0;;Longo da via;Bom;Não existe;Não existente;Seca;Perfeito estado;Não existe;Não há placas;;Única;Não existe;;
2020-03-08;00:53:00;SEM ViTIMA;FINALIZADA;GRAÇAS;AV RUI BARBOSA;;RUA TENENTE ANTONIO JOAO;EM FRENTE AO COLÉGIO AGNES;GRAÇAS;;CIDADE;CHOQUE OBJETO FIXO;VEÍCULO CHOCOU-SE CONTRA UM POSTE.;1;;;;;;;;;0;;Longo da via;Bom;Não existe;Perfeito estado;Seca;Perfeito estado;Não existe;Não há placas;;Única;Não existe;;
2020-03-08;05:27:00;COM VITIMA;FINALIZADA;BOA VIAGEM;AV CONSELHEIRO AGUIAR;2892;RUA PADRE BERNADINO PESSOA;;BOA VIAGEM;125;CIDADE;ABALROAMENTO TRANSVERSAL;COLISÃO ENTRE DOIS AUTOS C/V;2;;;;;;;;;1;;Cruzamento;Bom;Sem defeito;Perfeito estado;Seca;Perfeito estado;Faixa de pedestre;Não há placas;60 km/h;Única;Faixa seccionada;;
2020-03-08;08:50:00;SEM ViTIMA;FINALIZADA;IMBIRIBEIRA;AV PRESIDENTE DUTRA;50;;EM FRENTE A TRÓPICOS ENGENHARIA;IMBIRIBEIRA;;SUBURBIO;ABALROAMENTO LONGITUDINAL;COLISÃO S/VITIMAS ENTRE UM ONIBUS E UM AUTO;1;;;;;1;;;;0;;;Bom;;Perfeito estado;Seca;Perfeito estado;;;;Dupla;Faixa contínua;Canteiro central;
2020-03-08;09:01:00;COM VITIMA;FINALIZADA;CAXANGÁ;AV CAXANGA;5717;;EM BAIXO DO SEMAFORO 262;CAXANGÁ;262;CIDADE;COLISÃO TRASEIRA;COLISÃO COM VITIMA A ESPERA DO SAMU  CRISTIANO QTH;1;1;;;;;;;;1;;Longo da via;Bom;Sem defeito;Perfeito estado;Seca;Perfeito estado;;;;Dupla;Faixa contínua;Faixa seccionada;Canteiro central
2020-03-08;10:53:00;SEM ViTIMA;FINALIZADA;CAMPO GRANDE;RUA JERONIMO VILELA;;RUA DR MACHADO;;CAMPO GRANDE;565;SUBURBIO;ABALROAMENTO TRANSVERSAL;COLISÃO SEM VITIMAS;2;;;;;;;;;0;;Cruzamento;Bom;Sem defeito;Perfeito estado;Seca;;Faixa de pedestre;;;Dupla;Faixa contínua;;
2020-03-08;10:58:00;SEM ViTIMA;FINALIZADA;BOA VIAGEM;RUA DOS NAVEGANTES;;RUA CORONEL BENEDITO CHAVES;AO LADO DO Nº 401;BOA VIAGEM;;;ABALROAMENTO TRANSVERSAL;COLISÃO S/VITIMAS ENTRE DOIS AUTOS;2;;;;;;;;;0;;Cruzamento;Bom;Não existe;Perfeito estado;Seca;Perfeito estado;Não existe;R-4a;;Única;Não existe;;
2020-03-08;12:11:00;SEM ViTIMA;FINALIZADA;CASA AMARELA;RUA PADRE LEMOS;;;MAGAZINE LUIZA;CASA AMARELA;;SUBURBIO;ABALROAMENTO TRANSVERSAL;COLISÃO SEM ViTIMA;1;;;;;1;;;;0;;Longo da via;Bom;Não existe;Perfeito estado;Seca;Perfeito estado;Não existe;Outras;40 km/h;Dupla;Faixa seccionada;;
2020-03-08;12:42:00;SEM ViTIMA;FINALIZADA;BOA VIAGEM;RUA GENERAL EDSON AMANCIO RAMALHO;;RUA PEDRO PAES MENDONCA;;BOA VIAGEM;544;CIDADE;COLISÃO TRASEIRA;COLISÃO SEM ViTIMA;3;;;;;;;;;0;;Longo da via;Bom;Sem defeito;Perfeito estado;Seca;Perfeito estado;Faixa de pedestre;R-6a;;Única;Faixa contínua;;
2020-03-08;13:04:00;COM VITIMA;FINALIZADA;MADALENA;RUA BENFICA;1150;;EM FRENTE AO MUSEU DA ABOLIÇÃO;MADALENA;257;SUBURBIO;COLISÃO COM CICLISTA;COLISAO COM VITIMA ENTRE ONIBUS E BICICLETA;;;;1;;1;;;;1;;Longo da via;Bom;Sem defeito;Perfeito estado;Seca;Perfeito estado;Faixa de pedestre;R-26;40 km/h;Dupla;Faixa contínua;;
2020-03-08;13:18:00;SEM ViTIMA;FINALIZADA;IPSEP;RUA JEAN EMILE FAVRE;;RUA PADRE LIMA E SA;PRÓXIMO A PADARIA MUSTAPAN;IPSEP;;CIDADE;ABALROAMENTO TRANSVERSAL;COLISÃO SEM ViTIMA;2;;;;;;;;;0;;Cruzamento;Bom;Não existe;Perfeito estado;;;;Placas Pare;;Dupla;Faixa seccionada;;
2020-03-08;13:26:00;SEM ViTIMA;FINALIZADA;ESTÂNCIA;AV RECIFE;;RUA MAESTRO ALCIDES LEAO;AO LADO DO MOTEL ESTORIL;ESTÂNCIA;;SUBURBIO;ABALROAMENTO LONGITUDINAL;COLISAO S/ VITIMA ENTRE DOIS VEICULOS;2;;;;;;;;;0;;Longo da via;Bom;Não existe;;Seca;;Não existe;R-6a;;Dupla;Canteiro central;;
2020-03-08;13:35:00;SEM ViTIMA;CANCELADA;PINA;RUA ARQUITETO AUGUSTO REINALDO;;;AO LADO DO ATACADO DA CONSTRUÇÃO;PINA;;;COLISÃO;COLISÃO SEM ViTIMA;2;;;;;;;;;0;;;;;;;;;;;;;;
2020-03-08;15:39:00;SEM ViTIMA;FINALIZADA;BOA VISTA;AV LINS PETIT;161;;PRAÇA CHORA MENINO;BOA VISTA;;CIDADE;COLISÃO TRASEIRA;COLISAO S/ VITIMA ENTRE DOIS VEICULOS;2;;;;;;;;;0;;Longo da via;Bom;Não existe;Perfeito estado;Seca;Perfeito estado;Não existe;Outras;;Única;Não existe;;
2020-03-08;16:39:00;SEM ViTIMA;FINALIZADA;ENCRUZILHADA;AV JOAO DE BARROS;;AV NORTE;;ENCRUZILHADA;43;CIDADE;ABALROAMENTO TRANSVERSAL;COLISÃO SEM ViTIMA;2;;;;;;;;;0;;Cruzamento;Bom;Sem defeito;Perfeito estado;Seca;Perfeito estado;Faixa de pedestre;Outras;;Dupla;Canteiro central;;
2020-03-08;17:00:00;SEM ViTIMA;CANCELADA;ÁGUA FRIA;RUA TAMBOARA;855;;LOJA DO BAIXINHO;ÁGUA FRIA;;;COLISÃO;COLISAO S/ VITIMA. ENTRE MOTO E VEICULO;1;1;;;;;;;;0;;;;;;;;;;;;;;
2020-03-08;17:11:00;COM VITIMA;FINALIZADA;AFOGADOS;RUA SAO MIGUEL;558;;BRANCO DO BRASIL;AFOGADOS;;SUBURBIO;COLISÃO TRASEIRA;COLISAO COM VITIMA ENTRE MOTO E VEICULO;1;1;;;;;;;;1;;Longo da via;Bom;Não existe;;;;Não existe;;50 km/h;Dupla;Faixa contínua;;
2020-03-08;18:19:00;SEM ViTIMA;CANCELADA;BOA VISTA;RUA JOAO FERNANDES VIEIRA;;;PROX AO BOM PREÇO;BOA VISTA;;;COLISÃO;COLISAO SEM VITIMAS;2;;;;;;;;;0;;;;;;;;;;;;;;
2020-03-08;19:39:00;COM VITIMA;FINALIZADA;AREIAS;AV RECIFE;657;;PROX AO MAKRO;AREIAS;;BR 101;COLISÃO;COLISAO COM VITIMAS;;1;;;;1;;;;1;;Longo da via;Bom;Não existe;Perfeito estado;Seca;Perfeito estado;Não existe;Não há placas;;Dupla;Canteiro central;;
2020-03-08;20:36:00;SEM ViTIMA;CANCELADA;VÁRZEA;RUA BARAO DE CERRO LARGO;;;PROX AO POSTO DE SAUDE COSME DAMIAO;VÁRZEA;;;COLISÃO;COLISAO SEM VITIMAS;1;;;;;1;;;;0;;;;;;;;;;;;;;
2020-03-08;20:51:00;COM VITIMA;FINALIZADA;ÁGUA FRIA;EST VELHA DE AGUA FRIA;;;PROX AO DNOCS;ÁGUA FRIA;306;SUBURBIO;COLISÃO TRASEIRA;COLISAO COM VITIMAS;;2;;;;;;;;2;;Cruzamento;Bom;Sem defeito;Perfeito estado;Seca;Perfeito estado;Faixa de pedestre;;;Dupla;Canteiro central;;
2020-03-08;20:56:00;COM VITIMA;FINALIZADA;AREIAS;AV DR JOSE RUFINO;1508;RUA JOSE NATARIO;ENF. AO POSTO SHELL E FARMACIA DROGASIL;AREIAS;44;;ABALROAMENTO TRANSVERSAL;ONIX X UNO MILLE    OBS: VT DA CTTU N:10 ESTA NO LOCAL;2;;;;;;;;;2;;Cruzamento;Bom;Sem defeito;Perfeito estado;Seca;Perfeito estado;Faixa de pedestre;R-6a;40 km/h;Dupla;Faixa contínua;;
2020-03-08;21:24:00;COM VITIMA;FINALIZADA;IBURA;AV DOIS RIOS;;RUA FERNANDO TOMAZ DA SILVA;EM FRENTE A FARMACIA INDEPENDENTE;IBURA;323;SUBURBIO;CAPOTAMENTO;COLISÃO SEGUIDO DE CAPOTAMENTO;6;;;;;;;;;1;;Longo da via;Bom;Sem defeito;Perfeito estado;Seca;Perfeito estado;Faixa de pedestre;Outras;;Dupla;Faixa contínua;;
2020-03-08;22:45:00;SEM ViTIMA;FINALIZADA;BOA VIAGEM;RUA BARAO DE SOUZA LEAO;;;;BOA VIAGEM;129;;ABALROAMENTO TRANSVERSAL;COLISAO SEM VITIMAS;2;;;;;;;;;0;;Cruzamento;Bom;Sem defeito;Perfeito estado;Seca;Perfeito estado;;;;Única;;;
2020-03-09;00:11:00;COM VITIMA;FINALIZADA;TORRÕES;AV ENGENHEIRO ABDIAS DE CARVALHO;240;;EM FRENTE A DROGARIA BONGI- AO LADO DA TECOMAT;TORRÕES;;SUBURBIO;COLISÃO;COLISÃO ENTRE AUTO E MOTO C/V;;1;;;;;;;;2;;;;;;;;;;;;;;
2020-03-09;02:11:00;SEM ViTIMA;FINALIZADA;VASCO DA GAMA;RUA DOIS DE FEVEREIRO;523;;;VASCO DA GAMA;;SUBURBIO;CHOQUE VEÍCULO PARADO;COLISÃO ENTRE AUTO E CAMINHONETE S/V;1;;;;;;1;;;0;;Longo da via;Bom;Não existe;Não existente;Seca;Perfeito estado;Não existe;Não há placas;;Dupla;Não existe;;