data;hora;natureza_acidente;situacao;bairro;endereco;numero;detalhe_endereco_acidente;complemento;bairro_cruzamento;num_semaforo;sentido_via;tipo;descricao;auto;moto;ciclom;ciclista;pedestre;onibus;caminhao;viatura;outros;vitimas;vitimasfatais;acidente_verificado;tempo_clima;situacao_semaforo;sinalizacao;condicao_via;conservacao_via;ponto_controle;situacao_placa;velocidade_max_via;mao_direcao;divisao_via1;divisao_via2;divisao_via3
2020-03-27;20:23:00;COM VITIMA;FINALIZADA;AFLITOS;AV CONS ROSA E SILVA;1205;RUA TEIXEIRA PINTO;Nº 1205;AFLITOS;;SUBURBIO;COLISÃO TRASEIRA;CITROEN X MOTO;;2;;;;;;;;1;;Longo da via;Chuvoso;Não existe;Perfeito estado;Molhada;Perfeito estado;Não existe;Não há placas;;Única;Faixa seccionada;;
2020-03-29;06:40:00;SEM ViTIMA;FINALIZADA;SANTO AMARO;AV PREFEITO ARTUR LIMA CAVALCANTI;;;AO LADO DO POSTO- DIGO- SEMÁFORO 243;SANTO AMARO;;SUBURBIO;CHOQUE OBJETO FIXO;CAUSANDO DERRAMAMENTO DE ÓLEO NA VIA- PLACA: XXX VW MARCO POLO;;;;;;1;;;;0;;Longo da via;Bom;;Perfeito estado;;Perfeito estado;Não existe;R-4a;;Única;Canteiro central;;
2020-03-29;15:58:00;COM VITIMA;FINALIZADA;TORRE;AV BEIRA RIO;650;;EM FRENTE AO EDIFICIO PASARGADA;TORRE;;;COLISÃO TRASEIRA;COLISÃO COM VITIMA;1;1;;;;;;;;1;;Longo da via;Chuvoso;Não existe;Perfeito estado;Molhada;Perfeito estado;Não existe;Não há placas;;Dupla;Faixa seccionada;;
2020-03-29;19:30:00;COM VITIMA;FINALIZADA;CAMPO GRANDE;AV PROFESSOR JOSE DOS ANJOS;500;RUA FARIAS NEVES;POR CIMA DA PONTE QUE FICA ENTRE CAMPO GRANDE E CHÃO DE ESTRELAS;CAMPO GRANDE;;;CHOQUE OBJETO FIXO;ENTRE MOTO E AUTO PASSEIO. C/V;1;1;;;;;;;;2;;Cruzamento;Bom;Não existe;Perfeito estado;Seca;Perfeito estado;Faixa de pedestre;Não há placas;;Dupla;Faixa contínua;Canteiro central;Blocos
2020-03-29;21:27:00;COM VITIMA;FINALIZADA;GRAÇAS;RUA CONFEDERACAO DO EQUADOR;;;E/F A CASA DOS FRIOS;GRAÇAS;;ROSA E SILVA;COLISÃO COM CICLISTA;ENTRE AUTO E CICLISTA. C/V;1;;;1;;;;;;1;;Longo da via;Bom;Não existe;Perfeito estado;Seca;Perfeito estado;Faixa de pedestre;Não há placas;;Única;Não existe;;
2020-03-30;07:44:00;COM VITIMA;FINALIZADA;SÃO JOSÉ;RUA DA CONCORDIA;351;RUA TOBIAS BARRETO;EM FRENTE A LOJA VENEZA MUSIC;SÃO JOSÉ;;;ABALROAMENTO TRANSVERSAL;DOIS AUTOS;2;;;;;;;;;1;;Cruzamento;Chuvoso;Sem defeito;Perfeito estado;Seca;Perfeito estado;Não existe;Outras;;Única;Não existe;;
2020-03-30;08:29:00;COM VITIMA;FINALIZADA;MANGABEIRA;EST VELHA DE AGUA FRIA;;AV PROFESSOR JOSE DOS ANJOS;AO LADO DO DENOCS;MANGABEIRA;306;SUBURBIO;ABALROAMENTO LONGITUDINAL;COM UMA VITIMA- CTTU NO LOCAL VT 09;;2;;;;;;;;1;;Ponte;Chuvoso;Sem defeito;Perfeito estado;Seca;Mal conservada;Faixa de retenção;Não há placas;;Dupla;Faixa contínua;;
2020-03-30;10:22:00;SEM ViTIMA;FINALIZADA;SÃO JOSÉ;RUA DA CONCORDIA;;RUA TOBIAS BARRETO;VENEZA MUSIC;SÃO JOSÉ;;;ABALROAMENTO TRANSVERSAL;COLISÃO SEM ViTIMA COM VEÍCULO OFICIAL;2;;;;;;;;;0;;Cruzamento;Chuvoso;Não existe;Perfeito estado;Molhada;Perfeito estado;Não existe;R-6a;;;Faixa seccionada;;
2020-03-30;12:02:00;SEM ViTIMA;FINALIZADA;SÃO JOSÉ;RUA IMPERIAL;86;RUA DO PEIXOTO;SOB O SEMÁFORO 207;SÃO JOSÉ;207;CIDADE;ABALROAMENTO TRANSVERSAL;SEM VITIMAS ENTRE UM AUTO PASSEIO E UMA VT DA PM;2;;;;;;;;;0;;Cruzamento;Bom;Sem defeito;Perfeito estado;Seca;Perfeito estado;Não existe;Não há placas;;Única;Não existe;;
2020-03-30;13:18:00;COM VITIMA;FINALIZADA;IBURA;AV DOIS RIOS;;;SUBIDA DA LADEIRA DA UR-1;IBURA;;SUBURBIO;TOMBAMENTO;ACID. DE PERCURSO C/ VITIMA;;1;;;;;;;;1;;Longo da via;Bom;Sem defeito;Perfeito estado;Oleosa;Perfeito estado;Agente;Não há placas;;Dupla;Faixa contínua;;
2020-03-30;14:23:00;COM VITIMA;FINALIZADA;JAQUEIRA;RUA DO FUTURO;;;EM FRERNTE AO VERDE FRUT;JAQUEIRA;;;CAPOTAMENTO;CAPOTAMENTO COM VITIMAS;1;;;;;;;;;1;;;;;;;;;;;;;;
2020-03-30;15:15:00;COM VITIMA;FINALIZADA;PINA;RUA JOSE MARIANO FILHO;13;;E/F A ULTRA DISTRIBUIDORA;PINA;;;ABALROAMENTO LONGITUDINAL;COLISÃO C/VITIMA ENTRE UM AUTO E UMA MOTO (MOTOQUEIRO SOB SUSPEITA DE EMBRIAGUEZ);1;1;;;;;;;;1;;Longo da via;Bom;Não existe;Não existente;Seca;Perfeito estado;Não existe;Não há placas;;Dupla;Não existe;;
2020-03-31;04:24:00;COM VITIMA;FINALIZADA;BOA VIAGEM;AV BOA VIAGEM;6636;;E/F AO EDF ALEXANDRINA - APÓS O CLUBE DE OFICIAIS DA AERONAUTICA;BOA VIAGEM;;CIDADE;CHOQUE VEÍCULO PARADO;CONDUTOR PERDEU O CONTROLE DO VEICULO E CHOCOU-SE CONTRA OUTRO VEICULO ESTACIONADO NO BORDO DA VIA - C/VITIMA SOCORRIDA PELO CBPM;2;;;;;;;;;1;;Longo da via;Chuvoso;;Perfeito estado;Molhada;Perfeito estado;Não existe;R-6b;60 km/h;Única;Faixa seccionada;;
2020-03-31;07:52:00;SEM ViTIMA;FINALIZADA;TORRÕES;AV ENGENHEIRO ABDIAS DE CARVALHO;;;RESTAURANTE KIYOI GALETOS;TORRÕES;375;SUBURBIO;COLISÃO TRASEIRA;COLISAO S/ VITIMAS;3;;;;;;;;;0;;Longo da via;Chuvoso;Sem defeito;Incompleta;Molhada;Perfeito estado;Faixa de pedestre;R-4b;;;Faixa seccionada;;
2020-03-31;11:17:00;SEM ViTIMA;FINALIZADA;BOA VIAGEM;RUA VISCONDE DE JEQUITINHONHA;;RUA BALTAZAR PASSOS;PISTA LOCAL LESTE;BOA VIAGEM;154;SUBURBIO;ABALROAMENTO LONGITUDINAL;COLISAO S/ VITIMAS;2;;;;;;;;;0;;Cruzamento;Chuvoso;Sem defeito;Perfeito estado;Molhada;Perfeito estado;Faixa de pedestre;Outras;60 km/h;Única;Faixa contínua;Canteiro central;
2020-03-31;16:00:00;COM VITIMA;FINALIZADA;GRAÇAS;RUA DR BANDEIRA FILHO;66;;AO LADO DA MCDONALDS;GRAÇAS;;SUBURBIO;ATROPELAMENTO;COM VITIMA/ RODA SE SOLTOU DO VEÍCULO E BATEU EM UM PEDESTRE;1;;;;1;;;;;1;;Longo da via;Bom;Não existe;Não existente;Seca;Perfeito estado;Não existe;Não há placas;;Única;Faixa contínua;Faixa seccionada;
2020-03-31;16:36:00;COM VITIMA;FINALIZADA;TORRÕES;EST DO FORTE DO ARRAIAL N. DO B. JESUS;880;TRV DO FORTE;EM FRENTE AO EDIFICIO FORTE DO ARRAIAL;TORRÕES;;CIDADE;ABALROAMENTO LONGITUDINAL;COLISÃO COM VITIMA;1;1;;;;;;;;1;;Esquina;Bom;Não existe;Perfeito estado;Seca;Perfeito estado;Outros;R-34;40 km/h;Dupla;Faixa contínua;;
2020-03-31;17:41:00;COM VITIMA;FINALIZADA;IMBIRIBEIRA;RUA ALLAN KARDEC;;RUA DR TAVARES CORREIA;POR TRAS DO SAM´S;IMBIRIBEIRA;;;ABALROAMENTO LONGITUDINAL;BATEDOR DA MOTO 32 E 11 NO LOCAL;1;1;;;;;;;;1;;Cruzamento;Bom;Não existe;;Seca;Perfeito estado;Outros;Outras;;Dupla;Não existe;;
2020-03-31;21:19:00;COM VITIMA;FINALIZADA;BOA VISTA;AV CONDE DA BOA VISTA;;RUA DO HOSPICIO;SNT CID / SEMÁFORO 023;BOA VISTA;23;CIDADE;CHOQUE OBJETO FIXO;VT DA PM SE CHOCOU CONTRA O CANTEIRO CENTRAL. C/V;;;;;;;;1;;1;;Longo da via;Chuvoso;Sem defeito;Perfeito estado;Molhada;Perfeito estado;Faixa de pedestre;Outras;40 km/h;Dupla;Canteiro central;;
2020-03-31;22:14:00;SEM ViTIMA;FINALIZADA;BOA VISTA;PTE DUARTE COELHO;;;;BOA VISTA;;;ABALROAMENTO LONGITUDINAL;MOTO X VT DA PM;;1;;;;;;1;;0;;Ponte;Bom;Não existe;Perfeito estado;Seca;Perfeito estado;Não existe;Não há placas;;Dupla;Faixa contínua;;
2020-04-01;14:25:00;COM VITIMA;FINALIZADA;PARNAMIRIM;RUA VIRGINIA LORETO;;RUA JOAO TUDE DE MELO;E/F AO POSTO IPIRANGA;PARNAMIRIM;649;CIDADE;ABALROAMENTO TRANSVERSAL;COLISÃO C/VITIMAS ENTRE UM AUTO E UMA MOTO;1;1;;;;;;;;2;;Esquina;Bom;Sem defeito;Perfeito estado;Seca;Perfeito estado;Não existe;Não há placas;40 km/h;Única;Faixa seccionada;;
2020-04-01;19:08:00;COM VITIMA;FINALIZADA;SANTO AMARO;RUA DR CARLOS CHAGAS;112;RUA ALUISIO DE AZEVEDO;EM FRENTE AO COLEGIO ÚNICO- AO LADO DA FARMACIA PAGUE MENOS;SANTO AMARO;649;SUBURBIO;ABALROAMENTO LONGITUDINAL;COLISÃO ENTRE AUTO E MOTO C/V;1;1;;;;;;;;1;;Esquina;Bom;Não existe;Incompleta;Seca;Mal iluminada;Não existe;Não há placas;;Única;Não existe;;
2020-04-01;21:51:00;COM VITIMA;FINALIZADA;CABANGA;AV SUL;;;EM BAIXO DO VIADUTO CAPITÃO TEMUDO- NA FAIXA EXCLUSIVA DE ÔNIBUS. APÓS O SEMÁFORO 211;CABANGA;211;CIDADE;COLISÃO COM CICLISTA;ÔNIBUS ATROPELOU UMA CRIANÇA. INFORMAÇÕES DO BOLETIM FÍSICO MOSTRAM QUE O ATROPELADO CONDUZIA UMA BICICLETA.;;;;1;;1;;;;1;;Longo da via;Bom;Não existe;Não existente;Seca;Perfeito estado;Não existe;Não há placas;;Dupla;Não existe;;
2020-04-02;08:34:00;COM VITIMA;FINALIZADA;JORDÃO;AV MARECHAL MASCARENHAS DE MORAES;;;EM FRENTE A ANAC  NO SENTIDO  RECIFE;JORDÃO;626;CIDADE;COLISÃO TRASEIRA;COLISÃO COM VITIMAS ENTRE DOIS AUTOS.;2;;;;;;;;;2;;Longo da via;Chuvoso;Sem defeito;Perfeito estado;Seca;Perfeito estado;Faixa de pedestre;Não há placas;60 km/h;Dupla;Canteiro central;;
2020-04-02;09:33:00;COM VITIMA;FINALIZADA;ILHA JOANA BEZERRA;AV BEIRA RIO;;;AO LADO DO FORUM JOANA BEZERRA NO SENTIDO COELHOS;ILHA JOANA BEZERRA;38;SUBURBIO;ABALROAMENTO LONGITUDINAL;AUTO E MOTO.;1;1;;;;;;;;1;;Longo da via;Bom;Sem defeito;Perfeito estado;Seca;Perfeito estado;Não existe;Não há placas;;Dupla;Faixa contínua;Faixa seccionada;
2020-04-02;12:50:00;COM VITIMA;FINALIZADA;TORRE;RUA SOUZA BANDEIRA;483;RUA MARQUES DE MARICA;NO SEMAFORO 317. AO LADO DO NÚMERO 483.;TORRE;317;CIDADE;ABALROAMENTO TRANSVERSAL;AUTO E MOTO.;1;1;;;;;;;;1;;Cruzamento;Chuvoso;Sem defeito;Perfeito estado;Molhada;Perfeito estado;Faixa de pedestre;R-6a;30 km/h;Dupla;Faixa contínua;Faixa seccionada;
2020-04-02;18:52:00;COM VITIMA;FINALIZADA;CASA FORTE;AV DEZESSETE DE AGOSTO;1161;RUA DO CHACON;PRÓX A PRAÇA DE CASA FORTE E CPOR. DELTA EXPRESSO.;CASA FORTE;;CIDADE;ABALROAMENTO LONGITUDINAL;ENTRE MOTO E AUTO. C/V;1;1;;;;;;;;1;;Longo da via;Bom;Não existe;Perfeito estado;Seca;Perfeito estado;;Não há placas;60 km/h;Dupla;Faixa;;
2020-04-02;21:20:00;SEM ViTIMA;CANCELADA;PAISSANDU;RUA HENRIQUE DIAS;;AV GOVERNADOR AGAMENON MAGALHAES;PROX AO ANTIGO RESTAURANTE SPETTUS;PAISSANDU;;;COLISÃO;MOTO X AUTO     OBS: SUSPEITA DE EMBRIAGUEZ;1;1;;;;;;;;0;;;;;;;;;;;;;;
2020-04-03;02:18:00;COM VITIMA;FINALIZADA;ÁGUA FRIA;RUA DA REGENERACAO;740;RUA DAS MOCAS;ANTIGA FÁBRICA DA COCA COLA;ÁGUA FRIA;;SUBURBIO;COLISÃO FRONTAL;COLISÃO ENTRE AUTO E CINQUENTINHA . VEÍCULO SE EVADIU E O PROPRIETÁRIO DA MOTOCICLETA FOI SOCORRIDO PELO SAMU.;1;;1;;;;;;;1;;Longo da via;Chuvoso;Não existe;Perfeito estado;Molhada;Perfeito estado;;;;Dupla;Não existe;;
2020-04-03;12:50:00;COM VITIMA;FINALIZADA;JAQUEIRA;RUA DO FUTURO;;;PROXIMO AO PARQUE DA JAQUEIRA EM FRENTE AO VERDE FRUT;JAQUEIRA;;SUBURBIO;COLISÃO COM CICLISTA;COLISAO COM VITIMAS;1;;;1;;;;;;1;;Longo da via;Bom;Não existe;Perfeito estado;Seca;;Não existe;Outras;40 km/h;Única;Não existe;;
2020-04-03;13:41:00;COM VITIMA;FINALIZADA;MADALENA;AV BEIRA RIO;109;;DEPOPIS DA ACADEMIA DA CIDADE. ESQUINA COM PONTE DA TORRE.;MADALENA;630;SUBURBIO;ABALROAMENTO TRANSVERSAL;COLISAO COM VITIMAS;1;1;;;;;;;;1;;Cruzamento;Bom;Sem defeito;Perfeito estado;Seca;Perfeito estado;Não existe;Outras;;Única;Não existe;;
2020-04-03;18:36:00;COM VITIMA;CANCELADA;ÁGUA FRIA;RUA BELO JARDIM;337;;EM FRENTE AO DISTRIBUIDOR DE AÇAI- PROX DO MERCADINHO DE MARIO;ÁGUA FRIA;;;COLISÃO;COLISÃO ENTRE DUAS MOTOS C/V;;2;;;;;;;;2;;;;;;;;;;;;;;
2020-04-04;08:28:00;COM VITIMA;FINALIZADA;BOA VISTA;RUA JOAO LIRA;;RUA DA SAUDADE;PARQUE TREZE DE MAIO;BOA VISTA;308;RUA DO HOSPÍCIO;ABALROAMENTO TRANSVERSAL;DUAS MOTO E UM ÔNIBUS.;;2;;;;1;;;;1;;Cruzamento;Chuvoso;Sem defeito;Perfeito estado;Seca;Perfeito estado;Outros;Outras;;Única;Faixa seccionada;;
2020-04-04;13:03:00;COM VITIMA;FINALIZADA;IMBIRIBEIRA;PTE DO MOTOCOLOMBO;;;AO LADO DO POSTE DE ILUMINAÇÃO BO 16896;IMBIRIBEIRA;;CIDADE;ABALROAMENTO LONGITUDINAL;COLISAO ENTRE AUTO E MOTO COM UMA VITIMA;1;1;;;;;;;;1;;Ponte;Bom;Não existe;Incompleta;Seca;Perfeito estado;Não existe;Outras;60 km/h;Dupla;Canteiro central;;
2020-04-14;19:31:00;COM VITIMA;FINALIZADA;AREIAS;AV CAPITAO GREGORIO DE CALDAS;;AV RECIFE;ENF AO BIG BOMPREÇO // SENTIDO BOA VIAGEM;AREIAS;494;AEROPORTO;COLISÃO TRASEIRA;AUTO E MOTO.;1;1;;;;;;;;1;;Longo da via;Bom;Sem defeito;Perfeito estado;Seca;Perfeito estado;;;;Dupla;Faixa seccionada;;
2020-04-15;02:42:00;COM VITIMA;FINALIZADA;BOA VIAGEM;AV BOA VIAGEM;1688;;2° JARDIM;BOA VIAGEM;;CIDADE;COLISÃO COM CICLISTA;AUTO E BICICLETA.;1;;;1;;;;;;2;;Longo da via;Bom;Sem defeito;Perfeito estado;Seca;Perfeito estado;;;60 km/h;Única;Faixa seccionada;;
2020-04-15;08:25:00;SEM ViTIMA;FINALIZADA;BOA VISTA;RUA DA AURORA;;RUA PRINCESA IZABEL;DELEGACIA DA POLÍCIA CIVIL;BOA VISTA;22;;ABALROAMENTO LONGITUDINAL;;2;;;;;;;;;0;;Cruzamento;Bom;Sem defeito;Perfeito estado;Seca;Perfeito estado;Faixa de pedestre;;40 km/h;;;;
2020-04-15;19:16:00;COM VITIMA;FINALIZADA;PINA;AV ENGENHEIRO DOMINGOS FERREIRA;1183;;AO LADO DA ESCOLA ESTADUAL MENINO JESUS- PROX DA CLINICA DE ESPECIALIDADES MÉDICAS (CEM)-LADO ESQUERDO;PINA;324;SUBURBIO;ABALROAMENTO LONGITUDINAL;COLISÃO ENTRE DUAS MOTOS C/V;;2;;;;;;;;1;;Longo da via;Bom;Sem defeito;Perfeito estado;Seca;Perfeito estado;Faixa de pedestre;;60 km/h;Única;Canteiro central;;
2020-04-16;06:52:00;COM VITIMA;FINALIZADA;CASA AMARELA;AV NORTE;5237;RUA DA HARMONIA;EM FRENTE A FARMACIA PAGUE MENOS;CASA AMARELA;312;CIDADE;COLISÃO TRASEIRA;COLISÃO COM VITIMA A ESPERA DO SAMU;1;1;;;;;;;;1;;Cruzamento;Chuvoso;Sem defeito;Perfeito estado;Molhada;Perfeito estado;Faixa de pedestre;Não há placas;;Dupla;Faixa seccionada;;
2020-04-16;07:45:00;COM VITIMA;FINALIZADA;DERBY;RUA JENER DE SOUZA;609;RUA HENRIQUE DIAS;EM FRENTE A FUNDAÇÃO JOAQUIM NABUCO;DERBY;;;COLISÃO TRASEIRA;VITIMA A ESPERA DO SAMU  GM IDENILSON QTH;;2;;;;;;;;2;;Cruzamento;Chuvoso;Não existe;Perfeito estado;Molhada;Perfeito estado;Agente;R-26;40 km/h;Única;Canteiro central;;
2020-04-16;08:49:00;COM VITIMA;FINALIZADA;DERBY;AV GOVERNADOR AGAMENON MAGALHAES;138;;FACEIMAGEM E PRÓXIMO DA PRAÇA DO DERBY;DERBY;;BOA VIAGEM;TOMBAMENTO;;;1;;;;;;;;1;;Longo da via;Chuvoso;Não existe;Perfeito estado;Molhada;Perfeito estado;Outros;Outras;60 km/h;Dupla;Canteiro central;;
2020-04-16;09:39:00;COM VITIMA;FINALIZADA;ROSARINHO;AV NORTE;;AV SANTOS DUMONT;PRÓXIMO A PADARIA ROSARINHO. EM FRENTE AO EDIFÍCIO DAVID BECKER.;ROSARINHO;81;CIDADE;TOMBAMENTO;;;1;;;;;;;;1;;Longo da via;Chuvoso;Sem defeito;Perfeito estado;Molhada;Perfeito estado;Outros;R-6a;;Dupla;Faixa contínua;Faixa seccionada;Canteiro central
2020-04-16;09:49:00;COM VITIMA;FINALIZADA;CASA AMARELA;AV NORTE;;RUA DA HARMONIA;EM FRENTE AO  BANCO  BRADESCO;CASA AMARELA;312;CIDADE;COLISÃO COM CICLISTA;VITIMA SOCORRIDA PELO  SAMU;1;;;1;;;;;;1;;Cruzamento;Chuvoso;Sem defeito;Perfeito estado;Molhada;Perfeito estado;Faixa de pedestre;Não há placas;;Dupla;Faixa seccionada;;
2020-04-16;10:13:00;SEM ViTIMA;CANCELADA;AFOGADOS;RUA DA PAZ;;;EM FRENTE AO BRADESCO;AFOGADOS;;;COLISÃO;SEM ViTIMA;1;;;;;1;;;;0;;;;;;;;;;;;;;
2020-04-16;16:09:00;COM VITIMA;FINALIZADA;SANTO ANTÔNIO;AV DANTAS BARRETO;512;;E/F AO BANCO SANTANDER AO LADO DA PRAÇA DO DIARIO;SANTO ANTÔNIO;;;ATROPELAMENTO;ONIBUS ATROPELOU UM PEDESTRE;;;;;1;1;;;;1;;Longo da via;Chuvoso;Não existe;Ilegível;Molhada;Mal conservada;Não existe;Outras;;Única;Canteiro central;;
2020-04-16;18:51:00;COM VITIMA;FINALIZADA;ILHA DO LEITE;RUA GENERAL JOAQUIM INACIO;4581;AV GOVERNADOR AGAMENON MAGALHAES;EM FRENTE AO BANCO ITAÚ;ILHA DO LEITE;69;SUBURBIO;COLISÃO TRASEIRA;ENVOLVENDO MOTO DA CTTU E AUTO PASSEIO;1;1;;;;;;;;1;;Longo da via;Chuvoso;Sem defeito;Perfeito estado;Molhada;Perfeito estado;Faixa de pedestre;Não há placas;40 km/h;Única;Faixa contínua;;
2020-04-17;02:35:00;COM VITIMA;FINALIZADA;SÃO JOSÉ;AV SUL;;;EM FRENTE AO GALPÃO DO GALO DA MADRUGADA;SÃO JOSÉ;;SUBURBIO;COLISÃO FRONTAL;;;1;;;;1;;;;1;;Longo da via;Bom;Não existe;Incompleta;Seca;Mal iluminada;Não existe;Não há placas;60 km/h;Dupla;Não existe;;
2020-04-17;11:40:00;COM VITIMA;FINALIZADA;TORREÃO;AV NORTE;;RUA MARQUES DO PARANA;CONCESSIONÁRIA NISSAN.;TORREÃO;56;CIDADE;COLISÃO TRASEIRA;AUTO E MOTO C VÍTIMA;1;1;;;;;;;;1;;Longo da via;Bom;Sem defeito;Perfeito estado;Seca;Perfeito estado;Faixa de retenção;R-26;60 km/h;Dupla;Canteiro central;;
2020-04-17;12:13:00;COM VITIMA;FINALIZADA;IPUTINGA;AV MAURICIO DE NASSAU;438;;APOS A LOMBADA ELETRONICA. EM FRENTE A USF SKYLAB;IPUTINGA;;CIDADE;TOMBAMENTO;MOTO;;1;;;;;;;;1;;Longo da via;Bom;Não existe;Não existente;Seca;Mal conservada;Não existe;Não há placas;;Dupla;Não existe;;
2020-04-17;13:19:00;SEM ViTIMA;FINALIZADA;ENCRUZILHADA;RUA VINTE E QUATRO DE JUNHO;242;RUA VISCONDE DE MAMANGUAPE;EM FRENTE AO Nº 210;ENCRUZILHADA;;SUBURBIO;ABALROAMENTO LONGITUDINAL;SEM VITIMAS;2;;;;;;;;;0;;;Bom;Não existe;Perfeito estado;Seca;Perfeito estado;Não existe;Placas Pare;;Única;Não existe;;
2020-04-17;17:37:00;COM VITIMA;FINALIZADA;GRAÇAS;AV GOVERNADOR AGAMENON MAGALHAES;;RUA DR BANDEIRA FILHO;E/F AO BOMPREÇO. SENTIDO OLINDA- FAIXA PRINCIPAL;GRAÇAS;173;;COLISÃO TRASEIRA;COLISAO COM VITIMAS;1;1;;;;;;;;1;;Cruzamento;Bom;Sem defeito;Perfeito estado;Seca;Perfeito estado;Faixa de pedestre;;60 km/h;Dupla;Canal;;
2020-04-17;18:44:00;SEM ViTIMA;FINALIZADA;LINHA DO TIRO;RUA URIEL DE HOLANDA;;;EM FRENTE A ESCOLA DE REFERÊNCIA PADRE NERCIO RODRIGUES;LINHA DO TIRO;;;ABALROAMENTO LONGITUDINAL;COLISÃO ENTRE MOTO E VIATURA DA POLÍCIA MILITAR;1;1;;;;;;;;0;;Longo da via;Chuvoso;Sem defeito;Perfeito estado;Molhada;Mal conservada;;Não há placas;40 km/h;Dupla;Faixa contínua;;
2020-04-17;20:20:00;SEM ViTIMA;FINALIZADA;;RUA DEZ DE JULHO;481;RUA CAMBOIM;;;;SUBURBIO;ABALROAMENTO LONGITUDINAL;COLISÃO ENTRE DOIS AUTOSS/V;2;;;;;;;;;0;;Cruzamento;Bom;Não existe;Perfeito estado;Seca;Perfeito estado;Não existe;Placas Pare;;Dupla;Faixa contínua;;
2020-04-18;11:04:00;SEM ViTIMA;FINALIZADA;BOA VIAGEM;AV ENGENHEIRO DOMINGOS FERREIRA;;RUA RIBEIRO DE BRITO;;BOA VIAGEM;155;SUBURBIO;ABALROAMENTO TRANSVERSAL;COLISÃO SEM VITIMAS GM LEONARDO QTH;2;;;;;;;;;0;;Cruzamento;Bom;Sem defeito;Perfeito estado;Seca;Perfeito estado;Faixa de pedestre;Outras;;Dupla;Canteiro central;;
2020-04-18;12:29:00;SEM ViTIMA;FINALIZADA;SANTO AMARO;RUA MARQUÊS DO POMBAL;;RUA PEDRO AFONSO;AO LADO DO IML;SANTO AMARO;;;COLISÃO FRONTAL;COLISÃO SEM ViTIMA;2;;;;;;;;;0;;Cruzamento;Bom;Não existe;Perfeito estado;Seca;Perfeito estado;Faixa de retenção;Placas Pare;30 km/h;Dupla;Faixa seccionada;;
2020-04-18;13:33:00;COM VITIMA;FINALIZADA;VÁRZEA;AV PROFESSOR ARTUR DE SA;1168;;NA RUA DO CEMITERIO DA VARZEA;VÁRZEA;;CIDADE;ABALROAMENTO TRANSVERSAL;COLISAO ENTRE MOTO E AUTO COM UMA VITIMA;1;1;;;;;;;;1;;Longo da via;Bom;Não existe;Perfeito estado;Seca;Perfeito estado;Não existe;Não há placas;;Dupla;Faixa contínua;;
2020-04-18;18:52:00;COM VITIMA;FINALIZADA;CAMPO GRANDE;RUA ODORICO MENDES;198;RUA VISCONDE DE CAIRU;PRÓX AO CLUBE DAS PÁS;CAMPO GRANDE;;CIDADE;ABALROAMENTO TRANSVERSAL;ENTRE AUTO E MOTO. C/V;1;1;;;;;;;;1;;Cruzamento;Bom;Não existe;Perfeito estado;Seca;Perfeito estado;Não existe;Outras;;Dupla;Faixa seccionada;;
2020-04-19;01:46:00;SEM ViTIMA;FINALIZADA;TORRE;RUA JOSE BONIFACIO;232;;POSTO IPIRANGA;TORRE;576;SUBURBIO;CHOQUE OBJETO FIXO;UM VEICULO CHOCOU-SE COM UM POSTE- VINDO O POSTE CAIR NO MEIO DA VIA OCUPANDO TRÊS FAIXA DA VIA.;1;;;;;;;;;0;;Longo da via;Bom;Desligado;Perfeito estado;Seca;Perfeito estado;Faixa de pedestre;Não há placas;;Única;Faixa contínua;;
2020-04-19;02:39:00;COM VITIMA;FINALIZADA;ILHA DO RETIRO;EST DOS REMEDIOS;;RUA TABAIARES;PRÓXIMO A HYUNDAI;ILHA DO RETIRO;390;SUBURBIO;CAPOTAMENTO;CAPOTAMENTO SEGUIDO DE CHOQUE EM VEÍCULO PARADO.;4;;;;;;;;;1;;Longo da via;Bom;Intermitente;Perfeito estado;Seca;Perfeito estado;Faixa de pedestre;Não há placas;;Única;Faixa seccionada;;
2020-04-19;06:40:00;COM VITIMA;FINALIZADA;BOA VISTA;AV GOVERNADOR AGAMENON MAGALHAES;;RUA DR LEOPOLDO LINS;;BOA VISTA;78;SUBURBIO;ABALROAMENTO TRANSVERSAL;;1;1;;;;;;;;1;;Cruzamento;Chuvoso;Intermitente;Perfeito estado;Molhada;Perfeito estado;Faixa de pedestre;Outras;;Única;Canteiro central;;
2020-04-19;08:08:00;COM VITIMA;FINALIZADA;GRAÇAS;AV RUI BARBOSA;715;;EM FRENTE AO COLEGIO AGNES E PRÓXIMO A FARMÁCIA DROGASIL.;GRAÇAS;562;CIDADE;COLISÃO TRASEIRA;MOTO E AUTO / VT 18 NO QTH;1;1;;;;;;;;1;;Longo da via;Chuvoso;Sem defeito;Perfeito estado;Molhada;Perfeito estado;Faixa de pedestre;Outras;;Única;;;