data;hora;natureza_acidente;situacao;bairro;endereco;numero;detalhe_endereco_acidente;complemento;bairro_cruzamento;num_semaforo;sentido_via;tipo;descricao;auto;moto;ciclom;ciclista;pedestre;onibus;caminhao;viatura;outros;vitimas;vitimasfatais;acidente_verificado;tempo_clima;situacao_semaforo;sinalizacao;condicao_via;conservacao_via;ponto_controle;situacao_placa;velocidade_max_via;mao_direcao;divisao_via1;divisao_via2;divisao_via3
2020-04-19;10:54:00;COM VITIMA;FINALIZADA;BOA VIAGEM;AV ENGENHEIRO DOMINGOS FERREIRA;;RUA ERNESTO DE PAULA SANTOS;EM FRENTE A DOM FERREIRA;BOA VIAGEM;217;;ABALROAMENTO TRANSVERSAL;DOIS AUTOS //;2;;;;;;;;;1;;Cruzamento;Bom;Sem defeito;Perfeito estado;Seca;Perfeito estado;Outros;Outras;60 km/h;Única;Canteiro central;;
2020-04-19;15:21:00;COM VITIMA;FINALIZADA;JIQUIÁ;RUA SAO MIGUEL;2027;;HOTEL PREMIUM;JIQUIÁ;;SUBURBIO;ABALROAMENTO TRANSVERSAL;COLISAO COM VITIMAS;1;1;;;;;;;;1;;Longo da via;Bom;Não existe;Perfeito estado;Seca;Perfeito estado;Não existe;Não há placas;;Dupla;Faixa contínua;;
2020-04-19;15:35:00;COM VITIMA;FINALIZADA;ILHA DO RETIRO;AV BEIRA RIO;290;;PROXIMO AO CLUBE DO SPORT. LADO OPOSTO AO EDF. VILA BEIRA RIO.;ILHA DO RETIRO;;CIDADE;COLISÃO TRASEIRA;COM VITIMAS;1;1;;;;;;;;1;;Longo da via;Bom;Não existe;Perfeito estado;Seca;Perfeito estado;Não existe;Não há placas;30 km/h;Dupla;Faixa contínua;;
2020-04-19;19:06:00;COM VITIMA;FINALIZADA;VASCO DA GAMA;AV NORTE;;RUA PADRE LEMOS;CRUZAMENTO C/A RUA VASCO DA GAMA - SENT CID/SUB;VASCO DA GAMA;66;SUBURBIO;ABALROAMENTO TRANSVERSAL;AUTO X MOTO C/VITIMA;1;1;;;;;;;;1;;Cruzamento;Bom;Sem defeito;Perfeito estado;Seca;Perfeito estado;Faixa de pedestre;Outras;;Dupla;Canteiro central;;
2020-04-20;06:55:00;COM VITIMA;FINALIZADA;CAMPO GRANDE;RUA FARIAS NEVES;878;RUA FRANKLIN TAVORA;EM FRENTE A MEDECOL;CAMPO GRANDE;;SUBURBIO;ABALROAMENTO TRANSVERSAL;ONIBUS E AUTO;1;;;;;1;;;;1;;Cruzamento;Bom;Não existe;Ilegível;Seca;Perfeito estado;Não existe;Não há placas;;Dupla;Não existe;;
2020-04-20;08:40:00;COM VITIMA;FINALIZADA;SANTO AMARO;RUA DOS PALMARES;48;RUA AFONSO PENA;ESTACIONAMENTO DO SUPERMERCADO RM EXPRESS;SANTO AMARO;;CIDADE;ATROPELAMENTO;VITIMA A ESPERA DO SAMU;1;;;;1;;;;;1;;Longo da via;Bom;;;Seca;Perfeito estado;;;;Dupla;Canteiro central;;
2020-04-20;11:18:00;SEM ViTIMA;CANCELADA;IMBIRIBEIRA;AV MARECHAL MASCARENHAS DE MORAES;;;EM FRENTE AO AEROPORTO;IMBIRIBEIRA;;;COLISÃO;COLISÃO SEM VITIMAS;;;;;;;1;;1;0;;;;;;;;;;;;;;
2020-04-20;14:20:00;COM VITIMA;FINALIZADA;IBURA;AV DOM HELDER CAMARA;;;AO LADO DA CASA DE BATERIAS;IBURA;;SUBURBIO;CHOQUE OBJETO FIXO;CHOQUE EM POSTE DE ILUMINAÇÃO PÚBLICA;1;;;;;;;;;1;;Longo da via;Bom;Sem defeito;Perfeito estado;Seca;Perfeito estado;Outros;Outras;;Única;Faixa;;
2020-04-21;00:42:00;SEM ViTIMA;FINALIZADA;BREJO DA GUABIRABA;AV VEREADOR OTACILIO AZEVEDO;792;;LADO OPOSTO AO Nº 792;BREJO DA GUABIRABA;;SUBURBIO;ABALROAMENTO LONGITUDINAL;COLISÃO ENTRE DOIS VEÍCULOS.;1;;;;;;1;;;0;;Longo da via;Bom;Não existe;Não existente;Seca;Perfeito estado;Não existe;Não há placas;;Dupla;Não existe;;
2020-04-21;02:29:00;SEM ViTIMA;FINALIZADA;BOA VIAGEM;RUA VISCONDE DE JEQUITINHONHA;;RUA BARAO DE SOUZA LEAO;;BOA VIAGEM;129;SUBURBIO;CHOQUE OBJETO FIXO;PDE 5322 - ONIX - VEÍCULO CHOCOU-SE CONTRA UM POSTE;1;;;;;;;;;0;;Cruzamento;Bom;Sem defeito;Perfeito estado;Seca;Perfeito estado;Não existe;Não há placas;;Única;Faixa seccionada;;
2020-04-21;21:45:00;SEM ViTIMA;CANCELADA;CORDEIRO;RUA QUATA;49;;PROX DO PETSHOP REINO DOS BICHOS;CORDEIRO;;;CHOQUE VEÍCULO PARADO;AUTO CHOCOU-SE EM UM AUTO QUE ESTAVA ESTACIONADO- MOTORISTA DO VEÍCULO APRESENTA SINTOMAS DE EMBRIAGUEZ;2;;;;;;;;;0;;;;;;;;;;;;;;
2020-04-22;14:06:00;SEM ViTIMA;FINALIZADA;IPSEP;AV RECIFE;3033;;EM FRENTE AO Nº 3033;IPSEP;;;COLISÃO FRONTAL;HR: YYYY X Classic: ZZZ - COLISÃO FRONTAL;1;1;;;;;;;;0;;Longo da via;Chuvoso;Não existe;Perfeito estado;Molhada;Perfeito estado;Não existe;Não há placas;;Dupla;Canteiro central;;
2020-04-22;14:30:00;COM VITIMA;FINALIZADA;BOA VISTA;AV JOAO DE BARROS;;;E/F AO CONSERVATORIO DE MUSICA;BOA VISTA;;;COLISÃO;COLISAO ENTRE AUTO E MOTO COM UMA VITIMA;1;1;;;;;;;;1;;;;;;;;;;;;;;
2020-04-22;16:14:00;SEM ViTIMA;FINALIZADA;TORRÕES;RUA ZUMBI DOS PALMARES;720;;PIZZARIA FAMILIA PASSIRA;TORRÕES;;SUBURBIO;ABALROAMENTO TRANSVERSAL;COLISÃO COM VITIMA;;2;;;;;;;;0;;Longo da via;Bom;Não existe;Não existente;Seca;Mal conservada;Não existe;Não há placas;;Dupla;Não existe;;
2020-04-22;22:34:00;COM VITIMA;CANCELADA;BOA VIAGEM;AV ENGENHEIRO DOMINGOS FERREIRA;;RUA BRUNO VELOSO;SEMÁFORO 338 / E/RF A DROGASIL;BOA VIAGEM;;;COLISÃO;AUTO X MOTO. C/V;1;1;;;;;;;;1;;;;;;;;;;;;;;
2020-04-22;23:40:00;COM VITIMA;FINALIZADA;ILHA DO RETIRO;AV ENGENHEIRO ABDIAS DE CARVALHO;;AV JOSE GONCALVES DE MEDEIROS;ENF AO MC DONALD´S;ILHA DO RETIRO;355;SUBURBIO;COLISÃO FRONTAL;DOIS AUTOS;2;;;;;;;;;1;;Cruzamento;Chuvoso;Sem defeito;Perfeito estado;Seca;Perfeito estado;;;60 km/h;Dupla;Canteiro central;;
2020-04-23;05:04:00;SEM ViTIMA;FINALIZADA;GRAÇAS;AV RUI BARBOSA;;;EM FRENTE DO MUSEU DO ESTADO;GRAÇAS;;CIDADE;CHOQUE OBJETO FIXO;O USUÁRIO INFORMA QUE AO PASSAR NO LOCAL VISUALIZOU O CHOQUE DO VEÍCULO NO MURO DO MUSEU DO ESTADO. VEÍCULO ESTAVA ABANDONADO. NÃO SABE INFORMAR SE HOUVE VÍTIMA.;1;;;;;;;;;0;;Longo da via;Chuvoso;;;Seca;Perfeito estado;;;60 km/h;Única;;;
2020-04-23;21:05:00;COM VITIMA;FINALIZADA;IBURA;RUA AFONSO CUNHA;347;;PRÓX AO PSF DO ALTO DA BELA VISTA;IBURA;;SUBURBIO;COLISÃO FRONTAL;COLISÃO ENTRE DUAS MOTOS- COM VITIMA;;2;;;;;;;;1;;Longo da via;Bom;Não existe;Não existente;Seca;Perfeito estado;;Não há placas;30 km/h;Dupla;Não existe;;
2020-04-23;21:47:00;VITIMA FATAL;FINALIZADA;BOA VIAGEM;RUA ERNESTO DE PAULA SANTOS;;RUA AMALIA BERNARDINO DE SOUZA;PRÓX A UNINASSAU. EM FRENTE AO POSTO BR.;BOA VIAGEM;;ORLA DE BOA VIAGEM;ABALROAMENTO TRANSVERSAL;COLISÃO ENTRE AUTO E MOTO- COM VITIMA FATAL;1;1;;;;;;;;1;1;Cruzamento;Bom;Não existe;Não existente;Seca;Mal iluminada;Não existe;Não há placas;;Única;Não existe;;
2020-04-24;14:53:00;COM VITIMA;FINALIZADA;AFOGADOS;RUA MOTOCOLOMBO;S/N;LARGO DA PAZ;EM FRENTE A POLICLINICA AGAMENON MAGALHÃES;AFOGADOS;;SUBURBIO;TOMBAMENTO;CONDUTOR DA MOTO PARA EVITAR ATROPELAMENTO - FEZ DESVIO DE UMA SRa. VINDO A DERRAPAR E CAIU;;1;;;;;;;;1;;Longo da via;Chuvoso;Não existe;Perfeito estado;Molhada;Perfeito estado;Faixa de pedestre;Não há placas;;Única;Outros;;
2020-04-24;19:36:00;COM VITIMA;FINALIZADA;BOA VIAGEM;RUA DEZ DE JULHO;115;RUA CAMBOIM;PROX Maison Christal Recepções;BOA VIAGEM;;SUBURBIO;ABALROAMENTO TRANSVERSAL;TAXI X ONIBUS BORBOREMA X MOTO;1;1;;;;1;;;;1;;Cruzamento;Chuvoso;Não existe;Perfeito estado;Molhada;Perfeito estado;Não existe;Placas Pare;;Única;Faixa seccionada;;
2020-04-25;07:45:00;COM VITIMA;FINALIZADA;MACAXEIRA;AV NORTE;;;ULTIMA PARADA DE ONIBUS (Nº 110052) DA AV NORTE NO SENTIDO TERMINAL DA MACAXEIRA.;MACAXEIRA;;SUBURBIO;COLISÃO TRASEIRA;COM UMA VITIMA AGUARDANDO SAMU;;1;;;;1;;;;1;;Longo da via;Bom;Não existe;Perfeito estado;Seca;Perfeito estado;;Outras;;Dupla;Blocos;;
2020-04-25;14:00:00;COM VITIMA;FINALIZADA;ESTÂNCIA;AV RECIFE;271;AV ESTANCIA;PROX AO MAKRO;ESTÂNCIA;;BOA VIAGEM;TOMBAMENTO;MOTOQUERIO CAIU SOZINHO;;1;;;;;;;;1;;Longo da via;Bom;Não existe;Perfeito estado;Seca;Perfeito estado;Não existe;Não há placas;;Dupla;Faixa contínua;Canteiro central;Blocos
2020-04-26;00:04:00;COM VITIMA;CANCELADA;AFOGADOS;RUA SAO MIGUEL;;;PROXIMO AO RESTAURANTE BODE DO NÔ E ENTRADA DA ESTAÇÃO MANGUEIRA DO METRÔ;AFOGADOS;;;COLISÃO;COLISÃO C/VITIMA - AUTO X MOTO;1;1;;;;;;;;2;;;;;;;;;;;;;;
2020-04-26;06:29:00;SEM ViTIMA;FINALIZADA;ENCRUZILHADA;AV JOAO DE BARROS;1750;RUA CONS PORTELA;EM FRENTE A ESCOLA TECNICA ETEPAM;ENCRUZILHADA;;CIDADE;CAPOTAMENTO;CAPOTAMENTO S/V - CONDUTOR SE EVADIU EM SEGUIDA- ABANDONANDO O VEICULO NA VIA;1;;;;;;;;;0;;Longo da via;Chuvoso;Não existe;Perfeito estado;Molhada;Perfeito estado;Faixa de pedestre;Outras;;Única;Faixa contínua;Faixa seccionada;Canteiro central
2020-04-27;07:30:00;SEM ViTIMA;FINALIZADA;DERBY;AV GOVERNADOR AGAMENON MAGALHAES;;PRC DO DERBY;EM FRENTE A PRAÇA DO DERBY;DERBY;75;BOA VIAGEM;COLISÃO;SEM VITIMAS -USUARIO COM SINTOMAS DE EMBRIAGUES/VT GM EVANDRO-GM EVERTON SILVA PONTO FIXO;2;;;;;;;;;0;;Longo da via;Chuvoso;Sem defeito;Perfeito estado;Molhada;Perfeito estado;Agente;Outras;60 km/h;Dupla;Faixa seccionada;;
2020-04-27;11:35:00;COM VITIMA;FINALIZADA;BOA VIAGEM;RUA DOS NAVEGANTES;2083;RUA PADRE BERNADINO PESSOA;EM FRENTE A O RESTAURANTE ILHA DOS NAVEGANTES;BOA VIAGEM;;;ABALROAMENTO TRANSVERSAL;DOIS AUTOS;2;;;;;;;;;1;;Cruzamento;Chuvoso;Não existe;Perfeito estado;Seca;Perfeito estado;;Placas Pare;;Única;Faixa seccionada;;
2020-04-27;16:45:00;SEM ViTIMA;FINALIZADA;ENCRUZILHADA;;1861;AV NORTE;;ENCRUZILHADA;;SUB/CID;ABALROAMENTO LONGITUDINAL;COLISÃO SEM VITIMA;2;;;;;;;;;0;;Cruzamento;Bom;Sem defeito;Perfeito estado;Seca;Perfeito estado;Agente;Placas Pare;;Única;;;
2020-04-28;08:31:00;COM VITIMA;FINALIZADA;CIDADE UNIVERSITÁRIA;AV PROFESSOR LUIZ FREIRE;500;;EM FRENTE AO IFPE;CIDADE UNIVERSITÁRIA;;CIDADE;TOMBAMENTO;COLISÃO COM VITIMA/ ACIDENTE DE PERCURSO;;1;;;;;;;;1;;Longo da via;Bom;Não existe;Perfeito estado;Seca;Perfeito estado;Não existe;Outras;40 km/h;Dupla;Faixa seccionada;;
2020-04-28;08:40:00;COM VITIMA;FINALIZADA;TORRE;RUA CONDE DE IRAJA;;AV BEIRA RIO;PROX A ACADEMIA DA CIDADE;TORRE;630;SUBURBIO;ABALROAMENTO TRANSVERSAL;COLISAO ENDRE AUTO/ MOTO;1;1;;;;;;;;1;;Cruzamento;Bom;Sem defeito;Perfeito estado;Seca;Perfeito estado;Faixa de retenção;Placas Pare;;Dupla;Faixa contínua;;
2020-04-28;13:26:00;COM VITIMA;FINALIZADA;MADALENA;AV ENGENHEIRO ABDIAS DE CARVALHO;;;EM FRENTE A ESTACIO/ SENTIDO BR;MADALENA;328;SUBURBIO;ABALROAMENTO LONGITUDINAL;COLISÃO COM VITIMA;;1;;;;;;;1;2;;Longo da via;Bom;Não existe;Perfeito estado;Seca;Perfeito estado;Não existe;Outras;60 km/h;Dupla;Canteiro central;;
2020-04-28;13:32:00;COM VITIMA;FINALIZADA;TAMARINEIRA;RUA CONEGO BARATA;811;;AO LADO DA FERREIRA COSTA.;TAMARINEIRA;;CIDADE;COLISÃO TRASEIRA;COLISAO ENTRE AUTO E MOTO COM UMA VITIMA GM ESDRAS DE OLIVEIRA NO LOCAL;1;1;;;;;;;;1;;Longo da via;Bom;Não existe;Perfeito estado;Seca;Perfeito estado;;R-6a;;Dupla;Canteiro central;;
2020-04-29;07:45:00;COM VITIMA;FINALIZADA;BARRO;AV DR JOSE RUFINO;2337;RUA CAPITAO PONCIANO;EM FRENTE A PANIFICADORA TONY ALBUQUERQUE;BARRO;;CIDADE;ABALROAMENTO TRANSVERSAL;COM DUAS VITIMAS AGUARDANDO SAMU;1;1;;;;;;;;2;;Longo da via;Bom;Não existe;Perfeito estado;Seca;Perfeito estado;Não existe;R-6a;;Dupla;Faixa contínua;;
2020-04-29;11:14:00;SEM ViTIMA;FINALIZADA;BAIRRO DO RECIFE;PTE BUARQUE DE MACEDO;;;NO INICIO DA PONTE BUARQUE DE MACEDO;BAIRRO DO RECIFE;;SUBURBIO;COLISÃO;SEM VITIMAS;1;;;;;;;1;;0;;Cruzamento;Bom;Sem defeito;Perfeito estado;Seca;Perfeito estado;Faixa de pedestre;Outras;;Única;Faixa seccionada;;
2020-04-29;11:35:00;COM VITIMA;FINALIZADA;DERBY;AV GOVERNADOR AGAMENON MAGALHAES;;AV GOVERNADOR CARLOS DE LIMA CAVALCANTI;EM FRENTE A MAC DONALDS;DERBY;75;SUBURBIO;ABALROAMENTO LONGITUDINAL;COM UMA VITIMA SOCORRIDA PELO SAMU;;1;;;;;;1;;1;;Cruzamento;Bom;Sem defeito;Perfeito estado;Seca;Perfeito estado;Faixa de pedestre;Outras;60KM;Dupla;Canal;;
2020-04-29;13:41:00;COM VITIMA;FINALIZADA;IBURA;AV DOIS RIOS;1127;;E/F A NETINHO MOTOS;IBURA;;CIDADE;COLISÃO FRONTAL;COLISÃO C/VITIMA ENTRE UM AUTO E MOTO;1;1;;;;;;;;1;;Longo da via;Bom;Não existe;Ilegível;Seca;Perfeito estado;Não existe;Outras;;Dupla;Faixa contínua;;
2020-04-29;14:05:00;COM VITIMA;FINALIZADA;IPUTINGA;RUA BOM PASTOR;67;;E/F A GALERIA IPUTINGA;IPUTINGA;8;SUBURBIO;COLISÃO TRASEIRA;COLISÃO C/VITIMA ENTRE TRÊS AUTOS;3;;;;;;;;;1;;Longo da via;Bom;Sem defeito;Incompleta;Seca;Mal conservada;Faixa de pedestre;R-6a;;Única;Não existe;;
2020-04-29;16:42:00;COM VITIMA;FINALIZADA;CORDEIRO;RUA PROFESSOR JOAQUIM XAVIER DE BRITO;;RUA DR MIGUEL VIEIRA FERREIRA;E/F A GALERIA TEREZA CRISTINA E FARMÁCIA DO TRABALHADOR.;CORDEIRO;541;SUBURBIO;ABALROAMENTO TRANSVERSAL;COLISÃO C/VITIMAS ENTRE UMA MOTO E UM AUTO;1;1;;;;;;;;2;;Cruzamento;Bom;Sem defeito;Perfeito estado;Seca;Perfeito estado;Não existe;R-5a;;Dupla;Faixa contínua;;
2020-04-30;00:36:00;COM VITIMA;CANCELADA;CASA AMARELA;AV NORTE;;RUA BELA VISTA;E/F AO REI DA PICANHA;CASA AMARELA;677;SUBURBIO;COLISÃO;COLISÃO AUTO X MOTO C/VITIMA;1;1;;;;;;;;1;;;;;;;;;;;;;;
2020-04-30;06:02:00;SEM ViTIMA;FINALIZADA;BOA VIAGEM;AV BOA VIAGEM;2234;;EM FRENTE AO EDIFICIO  VILA AZUL;BOA VIAGEM;;;COLISÃO;COLISÃO SEM VITIMAS;1;;;;;;;1;;0;;Cruzamento;Chuvoso;Sem defeito;Perfeito estado;Molhada;Perfeito estado;Não existe;Não há placas;;Única;Faixa contínua;;
2020-04-30;11:32:00;COM VITIMA;FINALIZADA;BOA VIAGEM;AVENIDA CELSO FURTADO (VIA MANGUE);;;SENT. CIDADE- POR TRAS DO SUPERMERCADO EXTRA;BOA VIAGEM;;CIDADE;COLISÃO TRASEIRA;AUTO E MOTO C/V;1;1;;;;;;;;1;;Longo da via;Chuvoso;Não existe;Perfeito estado;Seca;Perfeito estado;Não existe;Não há placas;60 km/h;Única;Faixa contínua;;
2020-04-30;16:02:00;COM VITIMA;FINALIZADA;ROSARINHO;AV NORTE;;AV SANTOS DUMONT;EM FRENTE AO POSTO PETROCAL E PADARIA ROSARINHO DELICATESSEN.;ROSARINHO;81;SUBURBIO;TOMBAMENTO;COM VITIMA;;1;;;;;;;;2;;Longo da via;Chuvoso;Sem defeito;Perfeito estado;Molhada;Perfeito estado;Faixa de pedestre;Outras;;Dupla;Canteiro central;;
2020-04-30;19:18:00;COM VITIMA;FINALIZADA;AFOGADOS;RUA SAO MIGUEL;1136;;ENF CHINA IN BOX;AFOGADOS;;SUBURBIO;COLISÃO FRONTAL;MOTO X 2 AUTOS;2;1;;;;;;;;2;;Longo da via;Bom;Não existe;Perfeito estado;Seca;Perfeito estado;Não existe;Não há placas;50 km/h;Dupla;Faixa contínua;;
2020-04-30;20:26:00;COM VITIMA;FINALIZADA;ILHA JOANA BEZERRA;RUA MIRANDOPOLIS;;;NO PÁTIO INTERNO DO T.I DE JOANA BEZERRA;ILHA JOANA BEZERRA;;CIDADE;ATROPELAMENTO;ENTRE ÔNIBUS E 2 PEDESTRES. C/V;;;;;2;1;;;;2;;Outros;Chuvoso;Não existe;Perfeito estado;Molhada;Perfeito estado;Não existe;Não há placas;;Única;Canteiro central;;
2020-05-01;09:52:00;COM VITIMA;CANCELADA;SANTO AMARO;RUA FREI CASSIMIRO;;AV CRUZ CABUGA;ESQUINA DA CASA DA INDUSTRIA;SANTO AMARO;;;COLISÃO COM CICLISTA;MOTO E CICLISTA;;1;;1;;;;;;1;;;;;;;;;;;;;;
2020-05-01;12:18:00;COM VITIMA;CANCELADA;SANTO AMARO;AV NORTE;;;PROXIMO AO SENAC;SANTO AMARO;;;COLISÃO;Duas motos;;2;;;;;;;;1;;;;;;;;;;;;;;
2020-05-01;12:58:00;COM VITIMA;FINALIZADA;CABANGA;PTE GOVERNADOR PAULO GUERRA;;;INÍCIO DA PONTE. LADO OPOSTO AO CABANGA IATE CLUBE.;CABANGA;;SUBURBIO;COLISÃO;COLIÇÃO COM VITIMA ENTRE MOTOCICLETA E CARROÇA DE TRAÇÃO ANIMAL.;;1;;;;;;;1;1;;Longo da via;Bom;Não existe;Perfeito estado;Seca;Perfeito estado;Não existe;Não há placas;;Única;Faixa seccionada;;
2020-05-01;18:00:00;SEM ViTIMA;CANCELADA;LINHA DO TIRO;AV CHAGAS FERREIRA;825;AV CHAGAS FERREIRA;APOS O HOTEL SECULO 20;LINHA DO TIRO;;SUBURBIO;ABALROAMENTO TRANSVERSAL;COLISAO ENTRE AUTO E MOTO- MOTOCICLISTA COM SINAL DE EMBRIAGUES;1;1;;;;;;;;0;;;;;;;;;;;;;;
2020-05-01;18:59:00;COM VITIMA;FINALIZADA;MADALENA;RUA BENFICA;140;;PRÓXIMO AO ESTÁDIO DO SPORT CLUBE DO RECIFE. COMEDORIA SABOREAR.;MADALENA;;CIDADE;ABALROAMENTO TRANSVERSAL;COLISÃO DUAS MOTOS C/VITIMA. UMA DAS PARTES ENVOLVIDAS SE EVADIU DO LOCAL.;;2;;;;;;;;2;;Longo da via;Bom;Não existe;;Seca;Perfeito estado;Não existe;Não há placas;;Única;Faixa seccionada;;
2020-05-01;19:52:00;COM VITIMA;FINALIZADA;ÁGUA FRIA;RUA LADEIRA DE PEDRA;261;;PROXIMO AO TERMINAL DO ALTO DO PASCOAL E IGREJA PRIMITIVA.;ÁGUA FRIA;;CIDADE;ATROPELAMENTO;MOTO X PEDESTRE;;1;;;1;;;;;2;;Longo da via;Bom;Não existe;Não existente;Seca;Perfeito estado;;Não há placas;;;;;
2020-05-02;10:05:00;SEM ViTIMA;FINALIZADA;TEJIPIÓ;AV LIBERDADE;811;;ARMAZÉM LIBERDADE;TEJIPIÓ;;;COLISÃO;;2;;;;;;;;;0;;;;;;;;;;;;;;
2020-05-02;11:43:00;COM VITIMA;FINALIZADA;JORDÃO;AV MARIA IRENE;1225;;POLO DAS COXIHAS- UM CASAU FERIDO;JORDÃO;;SUBURBIO;ABALROAMENTO LONGITUDINAL;AUTO E MOTO.;1;1;;;;;;;;2;;Longo da via;Bom;Não existe;Perfeito estado;Seca;Perfeito estado;Não existe;Não há placas;40 km/h;Dupla;Faixa contínua;;
2020-05-02;16:28:00;COM VITIMA;FINALIZADA;BOA VIAGEM;RUA ERNESTO DE PAULA SANTOS;;AV CONSELHEIRO AGUIAR;ACADEMIA SMART FIT;BOA VIAGEM;127;;ABALROAMENTO TRANSVERSAL;MOTOCICLETA E AUTO PASSEIO;1;1;;;;;;;;1;;Cruzamento;Bom;Sem defeito;Perfeito estado;Seca;Perfeito estado;Faixa de pedestre;Outras;60 km/h;Única;Faixa;;
2020-05-02;16:49:00;COM VITIMA;DUPLICIDADE;BOA VIAGEM;AV CONSELHEIRO AGUIAR;DPL;RUA ERNESTO DE PAULA SANTOS;AO LADO DA LANCHONETE HABBIS;BOA VIAGEM;;;COLISÃO;MOTOCICLETA E AUTO PASSEIO;1;1;;;;;;;;1;;;;;;;;;;;;;;
2020-05-02;22:25:00;SEM ViTIMA;FINALIZADA;ALTO SANTA TERESINHA;RUA TAMBOARA;336;;PRÓXIMO DA BARRACA DE SEU ZEZINHO DA VERDURA;ALTO SANTA TERESINHA;;;COLISÃO;ENVOLVIDO COM SINTOMA DE EMBREAGUÊS;1;1;;;;;;;;0;;Outros;Bom;Não existe;Ilegível;Seca;Perfeito estado;Outros;Outras;;Dupla;Faixa seccionada;;
2020-05-03;06:25:00;COM VITIMA;FINALIZADA;TORRE;RUA CONDE DE IRAJA;;AV BEIRA RIO;;TORRE;;SUBURBIO;COLISÃO COM CICLISTA;AUTO E BICICLETA.;1;;;1;;;;;;1;;Cruzamento;Chuvoso;Sem defeito;;Molhada;Perfeito estado;;;;Única;Faixa contínua;;
2020-05-03;15:57:00;COM VITIMA;FINALIZADA;AREIAS;AV DR JOSE RUFINO;1495;RUA JOSE NATARIO;;AREIAS;44;SUBURBIO;ABALROAMENTO TRANSVERSAL;COLISÃO AUTO E MOTO;1;1;;;;;;;;1;;Cruzamento;Bom;Sem defeito;Perfeito estado;Seca;Perfeito estado;Faixa de pedestre;Não há placas;;Dupla;Faixa contínua;;
2020-05-03;20:09:00;SEM ViTIMA;FINALIZADA;BOA VISTA;AV CONDE DA BOA VISTA;;;COM A RUA GERVÁSIO PIRES;BOA VISTA;;CIDADE;CHOQUE OBJETO FIXO;CHOQUE VT PMPE E CANTEIRO CENTRAL;1;;;;;;;;;0;;Cruzamento;Bom;Sem defeito;Perfeito estado;Seca;Perfeito estado;Não existe;;;Dupla;;;
2020-05-04;08:10:00;VITIMA FATAL;FINALIZADA;JARDIM SÃO PAULO;RUA FREI FELIX DE OLIVOLA;130;1SB DA BRASILEIRA;PROX À IGREJA BATISTA E ESTAÇÃO WERNEK DO METRÔ;JARDIM SÃO PAULO;;LESTE;CHOQUE VEÍCULO PARADO;COLISÃO RENAULT/SANDERO X PEUGEOT C/VITIMA FATAL;2;;;;;;;;;;1;Longo da via;Bom;Não existe;Não existente;Seca;Perfeito estado;Não existe;Não há placas;30 km/h;Dupla;Não existe;;
2020-05-04;10:53:00;COM VITIMA;FINALIZADA;BOA VIAGEM;RUA CAPITAO REBELINHO;519;RUA PEREIRA DA COSTA;FIDALGO RESTAURANTE;BOA VIAGEM;;SUBURBIO;ABALROAMENTO TRANSVERSAL;AUTO E MOTO.;1;1;;;;;;;;1;;Cruzamento;Bom;Não existe;Ilegível;Seca;Perfeito estado;Faixa de retenção;R-6a;40 km/h;Única;Não existe;;
2020-05-04;11:43:00;SEM ViTIMA;FINALIZADA;IMBIRIBEIRA;RUA BARAO DE AGUA BRANCA;376;RUA DUQUE ESTRADA;;IMBIRIBEIRA;;SUBURBIO;COLISÃO;COLISÃO AUTO E MOTOCICLETA SEM ViTIMA;1;1;;;;;;;;0;;Cruzamento;Bom;Não existe;Incompleta;Seca;Perfeito estado;Não existe;Não há placas;;Dupla;Não existe;;
2020-05-04;16:46:00;COM VITIMA;FINALIZADA;GUABIRABA;EST DOS MACACOS;322;;BAR MAURICEA;GUABIRABA;;CIDADE;ABALROAMENTO LONGITUDINAL;COLISÃO DUAS MOTOCICLETAS;;2;;;;;;;;1;;Outros;Bom;Não existe;Não existente;Seca;Outros;Não existe;Não há placas;;Dupla;Não existe;;
2020-05-04;17:11:00;COM VITIMA;FINALIZADA;CAMPO GRANDE;EST DE BELEM;40-A;RUA JERONIMO VILELA;AO LADO DA FARMÁCIA DROGASIL.;CAMPO GRANDE;26;CIDADE;ATROPELAMENTO;ATROPELAMENTO ENTRE MOTO E PEDESTRE.;;1;;;1;;;;;1;;Longo da via;Bom;Sem defeito;Perfeito estado;Seca;Perfeito estado;Faixa de pedestre;Outras;;Dupla;Faixa seccionada;;
2020-05-05;13:28:00;SEM ViTIMA;FINALIZADA;SANTO AMARO;AV GOVERNADOR AGAMENON MAGALHAES;;;EM FRENTE A UPE;SANTO AMARO;;SUBURBIO;COLISÃO;COLISÃO SEM ViTIMAS ENTRE 2 AUTOS;;;;;;;;;;0;;Outros;Bom;Sem defeito;Perfeito estado;Seca;Perfeito estado;Faixa de retenção;Outras;60km;Dupla;Canal;;
2020-05-05;21:31:00;SEM ViTIMA;FINALIZADA;CASA AMARELA;AV NORTE;;;EM AO REI DA PICANHA;CASA AMARELA;;SUBURBIO;COLISÃO;COLISÃO DOIS AUTOS SEM VITMAS;3;;;;;;;;;0;;Cruzamento;Chuvoso;Sem defeito;Perfeito estado;Molhada;Perfeito estado;Faixa de pedestre;Não há placas;60km;Dupla;Canteiro central;;
2020-05-06;07:18:00;SEM ViTIMA;FINALIZADA;MUSTARDINHA;RUA VINTE E UM DE ABRIL;955;1 TRV JUSTICA E PAZ;POSTO DE GASOLINA DESATIVADO;MUSTARDINHA;;SUBURBIO;CHOQUE;CARRETA PEDEU O CONTROLE CHOCOU-SE COM A ESTRURURA DO POSTO DE GASOLINA DESATIVADO;;;;;;;1;;1;0;;Cruzamento;Bom;Não existe;Incompleta;Seca;Mal iluminada;Não existe;Não há placas;;Dupla;Não existe;;