data;hora;natureza_acidente;situacao;bairro;endereco;numero;detalhe_endereco_acidente;complemento;bairro_cruzamento;num_semaforo;sentido_via;tipo;descricao;auto;moto;ciclom;ciclista;pedestre;onibus;caminhao;viatura;outros;vitimas;vitimasfatais;acidente_verificado;tempo_clima;situacao_semaforo;sinalizacao;condicao_via;conservacao_via;ponto_controle;situacao_placa;velocidade_max_via;mao_direcao;divisao_via1;divisao_via2;divisao_via3
2020-05-06;07:28:00;SEM ViTIMA;FINALIZADA;VÁRZEA;RUA MARECHAL MANOEL LUIS OSORIO;85;;EDIFÍCIO RIO PURUS;VÁRZEA;;SUBURBIO;COLISÃO;ACIDENTE ENVOLVENDO TRÊS VEÍCULOS ÔNIBUS E DOIS AUTOPASSEIOS;2;;;;;1;;;;0;;Longo da via;Bom;Não existe;Perfeito estado;Seca;Perfeito estado;Outros;Placas Pare;;Dupla;Não existe;;
2020-05-06;08:54:00;COM VITIMA;FINALIZADA;SANTO ANTÔNIO;RUA IMPERIAL;981;TRV DO RAPOSO;EM FRENTE AO DEPÓSITO DE RECICLÁVEIS DO ZUZA;SANTO ANTÔNIO;510;SUBURBIO;ABALROAMENTO TRANSVERSAL;ACIDENTE ENVOLVENDO MOTO E CARRO;1;1;;;;;;;;1;;Cruzamento;Bom;Sem defeito;Perfeito estado;Seca;Perfeito estado;Outros;Não há placas;;Única;Faixa seccionada;;
2020-05-06;16:03:00;COM VITIMA;FINALIZADA;PRADO;AV ENGENHEIRO ABDIAS DE CARVALHO;;EST DOS REMEDIOS;DROGASIL;PRADO;52;SUBURBIO;ABALROAMENTO TRANSVERSAL;AMBULÂNCIA E MOTO.;;1;;;;;;1;;1;;Cruzamento;Bom;Sem defeito;Perfeito estado;Seca;Perfeito estado;Faixa de pedestre;Não há placas;;Dupla;Canteiro central;;
2020-05-07;10:53:00;SEM ViTIMA;FINALIZADA;NOVA DESCOBERTA;AV VEREADOR OTACILIO AZEVEDO;XX;AV VEREADOR OTACILIO AZEVEDO;FRENTE AO COLEGIO ROTARI NOVA DECOBERTA;NOVA DESCOBERTA;;CIDADE;ABALROAMENTO LONGITUDINAL;CONDUTOR INFORMA QUE UMA CARROÇA VIROU E ATINGIU A VIATURA;;;;;;;;1;;0;;Longo da via;Bom;Sem defeito;Perfeito estado;Seca;Perfeito estado;Não existe;Outras;n/i;Dupla;Não existe;;
2020-05-07;13:26:00;COM VITIMA;FINALIZADA;BOA VIAGEM;RUA PADRE BERNADINO PESSOA;633;RUA MINISTRO NELSON HUNGRIA;COLEGIO SANTA MARIA;BOA VIAGEM;;SUBURBIO;ABALROAMENTO TRANSVERSAL;COLISÃO ENTRE AUTO E MOTO;1;1;;;;;;;;1;;Longo da via;Bom;Não existe;Perfeito estado;Seca;Perfeito estado;Não existe;Não há placas;;Única;Não existe;;
2020-05-07;16:08:00;COM VITIMA;FINALIZADA;ILHA DO RETIRO;AV ENGENHEIRO ABDIAS DE CARVALHO;;AV JOSE GONCALVES DE MEDEIROS;SPORT CLUBE DO RECIFE.;ILHA DO RETIRO;355;SUBURBIO;ABALROAMENTO TRANSVERSAL;COLISÃO ENTRE DUAS MOTOS.;;2;;;;;;;;3;;Cruzamento;Bom;Sem defeito;Perfeito estado;Seca;Perfeito estado;Não existe;Não há placas;60 km/h;Dupla;Canteiro central;;
2020-05-07;17:27:00;COM VITIMA;FINALIZADA;PINA;AV ENGENHEIRO DOMINGOS FERREIRA;300;;EM FRENTE AO EXTRABOM PINA;PINA;;SUBURBIO;ABALROAMENTO LONGITUDINAL;COLISÃO ENTRE AUTO E MOTO;1;1;;;;;;;;1;;Longo da via;Bom;Não existe;Perfeito estado;Seca;Perfeito estado;Não existe;Não há placas;;Única;Faixa seccionada;Canteiro central;
2020-05-07;19:04:00;COM VITIMA;FINALIZADA;TEJIPIÓ;AV DR JOSE RUFINO;;;PROXIMO AO VIATUDO DA BR 101;TEJIPIÓ;;SUBURBIO;COLISÃO FRONTAL;COLISÃO AUTO E MOTO;1;1;;;;;;;;1;;Longo da via;Bom;Não existe;Não existente;Seca;Mal iluminada;Não existe;;;Dupla;Faixa contínua;;
2020-05-08;13:57:00;COM VITIMA;FINALIZADA;BOA VIAGEM;RUA SA E SOUZA;687;RUA CONEGO ROMEU;SUPERMERCADO VERDFRUT. EM FRENTE A GALERIA SÁ E SOUZA.;BOA VIAGEM;;CIDADE;ABALROAMENTO TRANSVERSAL;COLISÃO ENTRE DUAS MOTOCICLETAS;;2;;;;;;;;1;;Cruzamento;Bom;Não existe;Perfeito estado;Seca;Perfeito estado;Não existe;Placas Pare;;Dupla;Faixa seccionada;;
2020-05-08;14:45:00;COM VITIMA;FINALIZADA;ENGENHO DO MEIO;RUA ANTONIO CURADO;244;;EM FRENTE A PADARIA SANDRÂNGELA.;ENGENHO DO MEIO;;CIDADE;ABALROAMENTO TRANSVERSAL;COLISÃO COM VITIMA MOTO E CARRO;1;1;;;;;;;;1;;Longo da via;Bom;Não existe;Perfeito estado;Seca;Perfeito estado;Não existe;Outras;30 km/h;Dupla;Faixa seccionada;;
2020-05-08;17:10:00;COM VITIMA;FINALIZADA;ZUMBI;AV CAXANGA;975;;EM FRENTE A LOJA DE BATERIAS HELIAR;ZUMBI;;CIDADE;ABALROAMENTO LONGITUDINAL;AUTO E MOTO COM VITIMA;1;1;;;;;;;;1;;Longo da via;Bom;Não existe;Incompleta;Seca;Perfeito estado;Outros;Outras;;Dupla;Canteiro central;;
2020-05-08;19:10:00;SEM ViTIMA;CANCELADA;IMBIRIBEIRA;AV MARECHAL MASCARENHAS DE MORAES;;;SINTOMAS DE EMBRIAGUEZ -;IMBIRIBEIRA;;CENTRO;COLISÃO;OYY7545 - FORD FIESTA / PEP2412 FIAT STRADA;2;;;;;;;;;0;;;;;;;;;;;;;;
2020-05-08;20:46:00;COM VITIMA;FINALIZADA;VÁRZEA;AV JOAQUIM RIBEIRO;;RUA FRANCISCO TORRES;EM FRENTE A UPA;VÁRZEA;368;CIDADE;CHOQUE VEÍCULO PARADO;COLISÃO ENTRE ÔNIBUS E MOTO.;;1;;;;1;;;;1;;Longo da via;Bom;;Perfeito estado;Seca;Perfeito estado;Não existe;Não há placas;;Dupla;Canteiro central;;
2020-05-09;07:23:00;SEM ViTIMA;CANCELADA;IPSEP;AV RECIFE;;;SAÍDA DO IBURA;IPSEP;;;CHOQUE;ÔNIBUS CHOCOU SE COM POSTE QUE FICOU POSTE- QUE CAIO SOBRE OUTRO VEÍCULO.;;;;;;1;;;;0;;;;;;;;;;;;;;
2020-05-09;07:47:00;SEM ViTIMA;CANCELADA;IPSEP;AV RECIFE;;;;IPSEP;;;ACID. DE PERCURSO;;1;;;;;;;;;0;;;;;;;;;;;;;;
2020-05-09;09:16:00;COM VITIMA;FINALIZADA;BOA VISTA;RUA DA UNIAO;52;RUA PRINCESA IZABEL;EM FRENTE A LOTÉRICA.;BOA VISTA;;CIDADE;ABALROAMENTO LONGITUDINAL;COLISÃO ENTRE TRÊS VEÍCULOS COM DUAS VÍTIMAS;1;2;;;;;;;;2;;Cruzamento;Bom;Sem defeito;Perfeito estado;Seca;Perfeito estado;Não existe;Outras;60 km/h;Única;Faixa contínua;;
2020-05-09;10:30:00;COM VITIMA;FINALIZADA;BOA VIAGEM;RUA ERNESTO DE PAULA SANTOS;;RUA AMALIA BERNARDINO DE SOUZA;DESCIDA DO VIADUTO TANCRENO NEVES. EM FRENTE AO POSTO BR.;BOA VIAGEM;;SUBURBIO;ABALROAMENTO TRANSVERSAL;COLISÃO ENTRE AUTO E MOTO.;1;1;;;;;;;;1;;Cruzamento;Bom;Não existe;Incompleta;Seca;Perfeito estado;Não existe;Outras;;Única;Não existe;;
2020-05-09;11:09:00;COM VITIMA;FINALIZADA;FUNDÃO;AV BEBERIBE;3078;;IGREJA ASSEMBLÉIA DE DEUS.;FUNDÃO;;SUBURBIO;COLISÃO TRASEIRA;COLISÃO COM VITIMA ENVOLVENDO TRES VEÍCULOS;3;;;;;;;;;2;;Longo da via;Bom;Não existe;Perfeito estado;Seca;Perfeito estado;Não existe;Outras;;Dupla;Canteiro central;;
2020-05-09;12:00:00;COM VITIMA;FINALIZADA;VÁRZEA;AV CAXANGA;4555;;EM FRENTE À ACADEMIA TOP FIT;VÁRZEA;608;CIDADE;TOMBAMENTO;MOTOCICLISTA PERDEU O CONTROLE E CAIU;;1;;;;;;;;1;;Longo da via;Bom;Sem defeito;Perfeito estado;Seca;Perfeito estado;Faixa de pedestre;;;Dupla;Faixa contínua;Faixa seccionada;Canteiro central
2020-05-09;12:08:00;COM VITIMA;FINALIZADA;NOVA DESCOBERTA;RUA NOVA DESCOBERTA;1619;COR DO ARCANJO;EM FRENTE A PAULO BEBIDAS;NOVA DESCOBERTA;;SUBURBIO;ABALROAMENTO LONGITUDINAL;COLISÃO COM VITIMA ENTRE AUTO E MOTO.;1;1;;;;;;;;1;;Esquina;Bom;Não existe;Perfeito estado;Seca;Perfeito estado;Não existe;R-6a;;Dupla;Faixa seccionada;;
2020-05-09;15:33:00;COM VITIMA;FINALIZADA;MONTEIRO;AV DEZESSETE DE AGOSTO;50;;EM FRENTE DO EDIFÍCIO PORTA DÁGUA;MONTEIRO;;CIDADE;ATROPELAMENTO;ATROPELAMENTO ENTRE AUTO E PEDESTRE;1;;;;1;;;;;1;;Longo da via;Bom;Não existe;Perfeito estado;Seca;Perfeito estado;Não existe;Não há placas;60 km/h;Dupla;Faixa contínua;;
2020-05-09;21:06:00;COM VITIMA;FINALIZADA;ÁGUA FRIA;AV ANIBAL BENEVOLO;1413;;EM FRENTE AO COLEGIO ROSA MAGALHÃES E PRÓXIMO AO COMPAZ;ÁGUA FRIA;;CIDADE;COLISÃO FRONTAL;COLISÃO ENVOLVENDO 2 AUTOS E UMA MOTO.;2;1;;;;;;;;1;;Longo da via;Bom;Não existe;Perfeito estado;Seca;;;R-6a;30 km/h;Dupla;Faixa seccionada;;
2020-05-09;22:22:00;COM VITIMA;CANCELADA;MANGABEIRA;RUA DA MANGABEIRA;278;;PRÓXIMO AO ESPETINHO DA ROSINHA;MANGABEIRA;;SUBURBIO;COLISÃO;DUAS MOTOS;;2;;;;;;;;1;;;;;;;;;;;;;;
2020-05-09;22:26:00;COM VITIMA;FINALIZADA;CORDEIRO;AV CAXANGA;2351;RUA CLAUDIO BROTHERHOOD;SEMAFORO Nº 235 ANTES DA EXPOSIÇÃO DO CORDEIRO;CORDEIRO;235;CIDADE;COLISÃO TRASEIRA;COLISÃO AUTO X MOTO;1;1;;;;;;;;1;;Longo da via;Bom;Sem defeito;Perfeito estado;Seca;Perfeito estado;Faixa de pedestre;Outras;;Única;Faixa contínua;;
2020-05-10;02:41:00;SEM ViTIMA;FINALIZADA;BOA VIAGEM;AV CONSELHEIRO AGUIAR;2052;;E/F A CAIXA ECONOMICA FEDERAL;BOA VIAGEM;;;COLISÃO;COLISÃO 2 AUTOS S/VITIMA - ALCOOLEMIA - PMPE NO LOCAL;2;;;;;;;;;0;;Longo da via;Bom;Não existe;Perfeito estado;Seca;Perfeito estado;Faixa de pedestre;Não há placas;60km;Única;Não existe;;
2020-05-10;11:22:00;COM VITIMA;FINALIZADA;SANTO AMARO;AV CRUZ CABUGA;;AV MARIO MELO;ASSEMBLÉIA DE DEUS;SANTO AMARO;171;CIDADE;COLISÃO;ACIDENTE ENVOLVENDO MOTO E AUTO;1;1;;;;;;;;1;;Cruzamento;Chuvoso;Sem defeito;Perfeito estado;Molhada;Perfeito estado;Faixa de pedestre;Outras;;Dupla;Faixa contínua;;
2020-05-10;18:05:00;COM VITIMA;FINALIZADA;IBURA;RUA EXP FRANCISCO VITORIANO;193;RUA FLORIANO BARBOSA DE OLIVEIRA;PRÓXIMO A CRECHE MUNICIPAL TIO ZÉ. SALÃO BARBEARIA ISAC.;IBURA;;SUBURBIO;ATROPELAMENTO;ACIDENTE COM VITIMA ENVOLVENDO MOTO E PEDESTRE;;1;;;1;;;;;2;;Longo da via;Bom;Não existe;Perfeito estado;Seca;Perfeito estado;Faixa de pedestre;Placas Pare;30 km/h;Dupla;Não existe;;
2020-05-10;22:09:00;COM VITIMA;FINALIZADA;LINHA DO TIRO;RUA URIEL DE HOLANDA;1800;;PRÓXIMO AO TERMINAL DE BREJO/ ASSEMBLEIA E DEUS/ ARMAZÉM SHALON;LINHA DO TIRO;;SUBURBIO;ABALROAMENTO LONGITUDINAL;COLISÃO ENTRE ÔNIBUS E MOTO.;;1;;;;1;;;;2;;Longo da via;Bom;Não existe;Perfeito estado;Seca;Perfeito estado;Não existe;R-6a;;Dupla;Não existe;;
2020-05-11;04:44:00;COM VITIMA;FINALIZADA;PRADO;AV ENGENHEIRO ABDIAS DE CARVALHO;2082;;EM FRENTE AO TROCÃO- LADO OPOSTO AO NÚMERO 1524.;PRADO;;SUBURBIO;CHOQUE OBJETO FIXO;VEÍCULO SE ENCONTRA ABANDONADO NA VIA;1;;;;;;;;;1;;Longo da via;Bom;Sem defeito;Perfeito estado;Seca;Perfeito estado;Faixa de pedestre;;;Dupla;Faixa seccionada;;
2020-05-11;07:25:00;COM VITIMA;FINALIZADA;ZUMBI;RUA GOMES TABORDA;1105;RUA GREGORIO JUNIOR;LADO OPOSTO A JÚNIOR BATERIAS.;ZUMBI;;CIDADE;ABALROAMENTO LONGITUDINAL;COLISÃO ENTRE AUTO E MOTO.;1;1;;;;;;;;1;;Cruzamento;Bom;Não existe;Perfeito estado;Seca;Perfeito estado;Não existe;Não há placas;;Dupla;Faixa seccionada;;
2020-05-11;12:10:00;SEM ViTIMA;FINALIZADA;SAN MARTIN;RUA JOSE VELOSO;53;;PROX. A CAVALARIA;SAN MARTIN;;;COLISÃO;COLISÃO SEM ViTIMA;1;1;;;;;;;;0;;Cruzamento;Bom;Não existe;Incompleta;Seca;Perfeito estado;Não existe;Não há placas;n/i;Dupla;Não existe;;
2020-05-11;13:14:00;SEM ViTIMA;FINALIZADA;TAMARINEIRA;RUA GENERAL ABREU E LIMA;113;;EM FRENTE AO EDF. EMÍLIA COSTA;TAMARINEIRA;;CIDADE;COLISÃO;ENTRE MOTOCICLETA (VEÍCULO OFICIAL) E AUTO PASSEIO;1;1;;;;;;;;0;;Não informado;Bom;Não existe;Perfeito estado;Seca;Perfeito estado;Não existe;Outras;n/i;Dupla;Não existe;;
2020-05-11;15:44:00;COM VITIMA;FINALIZADA;ESTÂNCIA;RUA SAO MIGUEL;1570;;POSTO IPIRANGA- ARMAZEM CORAL- GLOBO VIDROS;ESTÂNCIA;;SUBURBIO;COLISÃO TRASEIRA;AUTO E MOTO COM VITIMA;1;1;;;;;;;;1;;Longo da via;Bom;Sem defeito;Perfeito estado;Seca;Perfeito estado;Não existe;;;Dupla;Faixa contínua;Faixa seccionada;
2020-05-12;07:23:00;COM VITIMA;FINALIZADA;BOMBA DO HEMETÉRIO;RUA CHA DE ALEGRIA;107;RUA TAMBOARA;EM FRENTE AO N 107;BOMBA DO HEMETÉRIO;;SUBURBIO;COLISÃO COM CICLISTA;AUTO E CICLISTA.;1;;;1;;;;;;1;;Cruzamento;Bom;Não existe;Não existente;Seca;Perfeito estado;Não existe;Não há placas;;;Não existe;;
2020-05-12;08:05:00;COM VITIMA;FINALIZADA;BOA VIAGEM;RUA RIBEIRO DE BRITO;1326;RUA AMALIA BERNARDINO DE SOUZA;;BOA VIAGEM;;SUBURBIO;ABALROAMENTO TRANSVERSAL;COLISÃO COM VITIMA;2;;;;;;;;;1;;Longo da via;Bom;Não existe;Perfeito estado;Seca;Perfeito estado;Agente;Não há placas;30 km/h;Única;Faixa;;
2020-05-12;16:26:00;COM VITIMA;FINALIZADA;AFOGADOS;RUA SAO MIGUEL;2012;;MOTEL PREMIUM. LADO OPOSTO AO POSTO DE COMBUSTÍVEL PETROISA.;AFOGADOS;;SUBURBIO;ABALROAMENTO LONGITUDINAL;COM VITIMA. AUTO E MOTO.;1;1;;;;;;;;1;;Longo da via;Bom;Não existe;Perfeito estado;Seca;Perfeito estado;Não existe;Não há placas;60 km/h;Dupla;Faixa contínua;;
2020-05-12;17:49:00;COM VITIMA;FINALIZADA;VÁRZEA;AV AFONSO OLINDENSE;1045;RUA ANDRE NEGREIROS MAIA;PROX. A LOMBADA ELETRONICA. LADO OPOSTO A FARMÁCIA UNIÃO.;VÁRZEA;;CIDADE;TOMBAMENTO;COM VITIMA;1;1;;;;;;;;1;;Longo da via;Bom;Não existe;Perfeito estado;Seca;Perfeito estado;Não existe;Placas Pare;40 km/h;Dupla;Faixa contínua;;
2020-05-13;06:23:00;COM VITIMA;CANCELADA;BEBERIBE;AV BEBERIBE;4011;;ANTIGA PIZZARIA DO GORDO;BEBERIBE;;SUBURBIO;COLISÃO;Carro e moto;1;1;;;;;;;;1;;;;;;;;;;;;;;
2020-05-13;08:38:00;COM VITIMA;FINALIZADA;ESPINHEIRO;RUA DO FUTURO;;RUA ALBERTO PAIVA;APOS O HABIBS;ESPINHEIRO;521;SUBURBIO;ATROPELAMENTO;;1;;;;1;;;;;1;;Cruzamento;Bom;Sem defeito;Perfeito estado;Seca;Perfeito estado;Faixa de pedestre;Outras;;Única;Faixa seccionada;;
2020-05-14;10:37:00;SEM ViTIMA;FINALIZADA;BOA VIAGEM;RUA MARIA CAROLINA;;RUA MINISTRO NELSON HUNGRIA;EM FRENTEL AO HOTEL BRISTOL;BOA VIAGEM;;;COLISÃO;COLISÃO ENVOLVENDO 02 AUTOS;2;;;;;;;;;0;;Cruzamento;Bom;Não existe;Incompleta;Seca;Perfeito estado;Não existe;Não há placas;40 km/h;Única;Não existe;;
2020-05-14;16:28:00;SEM ViTIMA;FINALIZADA;BOA VIAGEM;AVENIDA CELSO FURTADO (VIA MANGUE);;;PRÓXIOMO À AVENIDA ANTONIO FALCÃO;BOA VIAGEM;;SUBURBIO;COLISÃO;COLISÃO ENVOLVENDO UMA VIATURA DA PM/PE E DOIS AUTOS;2;;;;;;;;;0;;Viaduto;Bom;Não existe;Perfeito estado;Seca;Perfeito estado;Não existe;Não há placas;40 km/h;Única;Não existe;;
2020-05-15;01:34:00;COM VITIMA;FINALIZADA;CASA AMARELA;RUA PAULA BATISTA;;RUA MAJOR NEREU GUERRA;PROX AO CEMITÉRIO DE CASA AMARELA;CASA AMARELA;136;SUBURBIO;ABALROAMENTO TRANSVERSAL;COLISÃO ENVOLVENDO DUAS MOTOCICLETAS (COM VITIMA);;2;;;;;;;;1;;Cruzamento;Bom;Intermitente;Perfeito estado;Seca;Perfeito estado;Faixa de pedestre;Outras;;Dupla;Faixa seccionada;;
2020-05-15;02:45:00;SEM ViTIMA;FINALIZADA;SANTO ANTÔNIO;AV SUL;;TRV DO RAPOSO;OFICINA ABELARDO/ PRÓXIMO AO CRUZ. SENTIDO JOANA BEZERRA;SANTO ANTÔNIO;;CIDADE;CHOQUE OBJETO FIXO;VEÍCULO SE CHOCOU CONTRA UM POSTE. O POSTE FOI DANIFICADO E SE ENCONTRA PENDURADO PELA FIAÇÃO.;1;;;;;;;;;0;;Longo da via;Chuvoso;Sem defeito;Perfeito estado;Molhada;Perfeito estado;Não existe;Não há placas;60 km/h;Única;Canteiro central;;
2020-05-15;03:14:00;COM VITIMA;FINALIZADA;ILHA DO LEITE;AV GOVERNADOR AGAMENON MAGALHAES;;;EM FRENTE AO HOSPITAL PORTUGUÊS;ILHA DO LEITE;;SUBURBIO;CHOQUE OBJETO FIXO;;;1;;;;;;;;2;;Longo da via;Chuvoso;Não existe;Perfeito estado;Molhada;Perfeito estado;;Outras;;Dupla;Faixa seccionada;Canteiro central;Canal
2020-05-15;10:32:00;COM VITIMA;FINALIZADA;IMBIRIBEIRA;AV MARECHAL MASCARENHAS DE MORAES;2454;RUA JAMAICA;EM FRENTE AO N 2454;IMBIRIBEIRA;7;SUBURBIO;COLISÃO TRASEIRA;COLISÃO COM VITIMA;1;1;;;;;;;;1;;Longo da via;Chuvoso;Sem defeito;Perfeito estado;Molhada;Perfeito estado;Faixa de pedestre;;60 km/h;Única;Faixa;;
2020-05-15;18:24:00;COM VITIMA;FINALIZADA;BOA VIAGEM;RUA MARIO SOUTO MAIOR;554;RUA PROFESSOR AUGUSTO LINS E SILVA;RUA PROF AUGUSTO LINS E SILVA;BOA VIAGEM;;SUBURBIO;ABALROAMENTO TRANSVERSAL;COLISÃO COM VITIMA;1;1;;;;;;;;1;;Cruzamento;Bom;Não existe;Perfeito estado;Seca;Perfeito estado;Não existe;Placas Pare;;Dupla;Não existe;;
2020-05-15;21:23:00;COM VITIMA;FINALIZADA;CORDEIRO;RUA CLAUDIO BROTHERHOOD;302;RUA DR MIGUEL VIEIRA FERREIRA;AO LADO DA ESCOLA NOVA GERAÇÃO 2000;CORDEIRO;;;ABALROAMENTO TRANSVERSAL;COLISÃO CAMINHÃO X MOTO C/VITIMA;;1;;;;;1;;;1;;Cruzamento;Chuvoso;Não existe;Perfeito estado;Molhada;Perfeito estado;Faixa de pedestre;Placas Pare;40 km/h;Dupla;Faixa contínua;;
2020-05-16;05:46:00;COM VITIMA;FINALIZADA;PINA;AV ANTONIO DE GOES;;;FAIXA DA ESQUERDA ANTES DA PONTE DO PINA;PINA;;CIDADE;COLISÃO TRASEIRA;COLISÃO AUTO X MOTO;1;1;;;;;;;;1;;Longo da via;Chuvoso;Não existe;Perfeito estado;Molhada;Perfeito estado;;R-6a;40 km/h;Única;;;
2020-05-16;10:06:00;SEM ViTIMA;FINALIZADA;ZUMBI;AV CAXANGA;653;;COMPAZ MIGUEL ARRAES;ZUMBI;;CIDADE;CHOQUE OBJETO FIXO;CAMINHONETE CHEVROLET S10- CHOCOU -SE COM GRADIL DO COMPAZ. OCORRÊNCIA SEM ViTIMA;1;;;;;;;;;0;;Longo da via;Chuvoso;Não existe;Perfeito estado;Molhada;Perfeito estado;Não existe;;;Dupla;Canteiro central;;
2020-05-16;15:55:00;COM VITIMA;FINALIZADA;ILHA DO RETIRO;AV BEIRA RIO;290;;;ILHA DO RETIRO;;SUBURBIO;CHOQUE OBJETO FIXO;;;1;;;1;;;;;1;;Longo da via;Bom;Não existe;Perfeito estado;Seca;Perfeito estado;Não existe;Não há placas;;Dupla;Faixa contínua;;
2020-05-17;07:20:00;COM VITIMA;FINALIZADA;BOMBA DO HEMETÉRIO;RUA CHA DE ALEGRIA;66;;LARGO DA BOMBA;BOMBA DO HEMETÉRIO;;SUBURBIO;CHOQUE VEÍCULO PARADO;ATROPELAMENTO PEDESTRE\COLISAO COM MOTO;1;1;;;;;;;;1;;Longo da via;Chuvoso;Não existe;Incompleta;Molhada;Perfeito estado;Não existe;;;Dupla;Não existe;;
2020-05-17;16:52:00;COM VITIMA;FINALIZADA;TORRE;RUA REAL DA TORRE;;RUA CONDE DE IRAJA;AO LADO DO SUPERMERCADO EXTRA BOM;TORRE;106;;ABALROAMENTO TRANSVERSAL;COLISÃO ONIBUS X MOTO;;1;;;;1;;;;1;;Cruzamento;Bom;Sem defeito;Perfeito estado;Seca;Perfeito estado;Faixa de pedestre;R-6a;;Única;Faixa seccionada;;
2020-05-18;12:08:00;COM VITIMA;FINALIZADA;SÃO JOSÉ;RUA IMPERIAL;;RUA DO PEIXOTO;PRÓXIMO A IGREJA MATRIZ DE SÃO JOSÉ;SÃO JOSÉ;207;CIDADE;ABALROAMENTO LONGITUDINAL;SOLICITANTE INFORMA QUE NO LOCAL OCORREU UM ACIDENTE ENVOLVENDO MOTOCICLETA E AUTO COM VITIMA;1;1;;;;;;;;1;;Cruzamento;Bom;Sem defeito;Perfeito estado;Seca;Perfeito estado;;Outras;;Única;Não existe;;
2020-05-18;14:11:00;COM VITIMA;FINALIZADA;VÁRZEA;AV AFONSO OLINDENSE;232;;EM FRENTE A PADARIA CAXANGÁ;VÁRZEA;638;CIDADE;COLISÃO FRONTAL;COLISÃO ONIBUS X MOTO- VÍTIMA SOCORRIDA POR MORADORES DA REGIÃO.;;1;;;;1;;;;1;;Longo da via;Bom;Sem defeito;Perfeito estado;Seca;Perfeito estado;Faixa de pedestre;Outras;40 km/h;Dupla;Faixa contínua;;
2020-05-19;01:41:00;COM VITIMA;FINALIZADA;ARRUDA;AV PROFESSOR JOSE DOS ANJOS;40;RUA MOGI-GUASSU;PROX. POLICLINICA ANTÔNIO FRANCISCO AREAS;ARRUDA;;SUBURBIO;COLISÃO FRONTAL;ACIDENTE ENTRE MOTO E AUTO;1;1;;;;;;;;1;;;Bom;Não existe;Perfeito estado;Seca;Perfeito estado;Não existe;Não há placas;;Dupla;Faixa seccionada;;
2020-05-19;04:49:00;COM VITIMA;FINALIZADA;TORRÕES;AV ENGENHEIRO ABDIAS DE CARVALHO;;;EM FRENTE AO YORK/GALETOS- SENTIDO SUBURBIO/ CIDADE;TORRÕES;;SUBURBIO;CHOQUE OBJETO FIXO;VEÍCULO CHOCOU-SE CONTRA ÁRVORE DO CANTERIO CENTRAL;1;;;;;;;;;1;;Longo da via;Bom;Sem defeito;Perfeito estado;Seca;Perfeito estado;;;60 km/h;Dupla;Canteiro central;;
2020-05-19;07:19:00;COM VITIMA;FINALIZADA;SAN MARTIN;RUA DR FLAVIO FERREIRA DA SILVA MAROJO;288;;EM FRENTE AO N 288 PROXIMO A EMPREL;SAN MARTIN;;CIDADE;COLISÃO FRONTAL;COLISÃO COM VITIMA 2 MOTOS;;2;;;;;;;;1;;Longo da via;Chuvoso;Não existe;Perfeito estado;Molhada;Perfeito estado;Não existe;Não há placas;;Única;Não existe;;
2020-05-19;21:47:00;COM VITIMA;FINALIZADA;JARDIM SÃO PAULO;AV SAO PAULO;392;;E/F AO RENDE MAIS SUPERMERCADO;JARDIM SÃO PAULO;;;ABALROAMENTO LONGITUDINAL;COLISÃO AUTO X MOTO C/VITIMA;1;1;;;;;;;;1;;Longo da via;Bom;Não existe;Perfeito estado;Seca;Perfeito estado;Não existe;Não há placas;40 km/h;Dupla;Faixa contínua;;
2020-05-20;07:16:00;SEM ViTIMA;FINALIZADA;PINA;AVENIDA CELSO FURTADO (VIA MANGUE);;;PRÓXIMO AO SHOPPING RIO MAR;PINA;;SUBURBIO;COLISÃO;COLISÃO SEM ViTIMA ENTRE ÔNIBUS E AMBULÂNCIA DO SAMU;;;;;;1;;1;;0;;Viaduto;Chuvoso;Não existe;Perfeito estado;Molhada;Perfeito estado;Não existe;Outras;30 km/h;Única;Não existe;;
2020-05-20;07:20:00;COM VITIMA;FINALIZADA;;AV NORTE;;RUA DEPUTADO MARIO MONTEIRO;SOB SEMÁFORO 079. SUBÚRBIO - CIDADE.;;;;COLISÃO;COLISÃO COM VITIMA ENTRE MOTOCICLETA E CAMINHÃO.;;1;;;;;1;;;1;;;;;;;;;;;;;;
2020-05-20;09:55:00;SEM ViTIMA;FINALIZADA;SANTO AMARO;RUA TUPINAMBAS;;;PRÓXIMO CASA DE APOIO DA CIDADE DE BETÂNIA;SANTO AMARO;;CIDADE;COLISÃO;COLISÃO COM VEÍCULO OFICIAL;1;;;;;;;1;;0;;Cruzamento;Chuvoso;Não existe;Perfeito estado;Molhada;Perfeito estado;Faixa de retenção;Placas Pare;;Dupla;;;
2020-05-20;10:16:00;COM VITIMA;FINALIZADA;BOA VISTA;RUA DA UNIAO;;RUA MAMEDE SIMOES;POR TRÁS DA ALEPE;BOA VISTA;;SUBURBIO;ABALROAMENTO TRANSVERSAL;ENTRE AUTO E MOTO;1;1;;;;;;;;1;;Cruzamento;Chuvoso;Não existe;Incompleta;Molhada;Perfeito estado;Não existe;Outras;30 km/h;Única;Faixa seccionada;;