data;hora;natureza_acidente;situacao;bairro;endereco;numero;detalhe_endereco_acidente;complemento;bairro_cruzamento;num_semaforo;sentido_via;tipo;descricao;auto;moto;ciclom;ciclista;pedestre;onibus;caminhao;viatura;outros;vitimas;vitimasfatais;acidente_verificado;tempo_clima;situacao_semaforo;sinalizacao;condicao_via;conservacao_via;ponto_controle;situacao_placa;velocidade_max_via;mao_direcao;divisao_via1;divisao_via2;divisao_via3
2020-07-22;08:46:00;COM VITIMA;FINALIZADA;LINHA DO TIRO;RUA URIEL DE HOLANDA;1414;RUA ELADIO CAMBOIM;PROX. A PADARIA PÃO DE OURO;LINHA DO TIRO;;SUBURBIO;COLISÃO COM CICLISTA;ONIBUS E CICLISTA VT-31 NO LOCAL SUB. DINIZ- BRUNO E KENNEDY;;;;1;;1;;;;1;;Cruzamento;Bom;Não existe;Não existente;Seca;Mal iluminada;Não existe;Não há placas;;Dupla;Não existe;;
2020-07-22;09:13:00;COM VITIMA;FINALIZADA;IMBIRIBEIRA;AV MARECHAL MASCARENHAS DE MORAES;4745;;EM FRENTE AO MARTELINHO DE OURO E À IGREJA ASSEMBLEIA DE DEUS.;IMBIRIBEIRA;;CIDADE;ABALROAMENTO LONGITUDINAL;COLISÃO COM VITIMAS  SOCORRIDAS PELO SAMU;1;2;;;;;;;;2;;Longo da via;Bom;Não existe;Perfeito estado;Seca;Perfeito estado;Não existe;R-6a;60 km/h;Dupla;Faixa seccionada;Canteiro central;
2020-07-22;14:57:00;COM VITIMA;FINALIZADA;BOA VIAGEM;RUA DOS NAVEGANTES;785;RUA ERNESTO DE PAULA SANTOS;NA RUA DO ANTIGO HOTEL RECIFE PALAS- PROX HOTEL GRAN MERCURI;BOA VIAGEM;;SUBURBIO;ABALROAMENTO TRANSVERSAL;VEICULO COLIDIU COM A MOTO NO CRUZAMENTO;1;1;;;;;;;;2;;Cruzamento;Bom;Não existe;Perfeito estado;Seca;Perfeito estado;Faixa de retenção;Placas Pare;;Única;Faixa seccionada;;
2020-07-23;07:57:00;COM VITIMA;FINALIZADA;SÃO JOSÉ;RUA FLORIANO PEIXOTO;417A;RUA TOBIAS BARRETO;E/F A CASA DA CULTURA. EM FRENTE A PRAÇA VISCONDE DE MAUÁ.;SÃO JOSÉ;;SUBURBIO;ABALROAMENTO TRANSVERSAL;COLISÃO C/VITIMA ENTRE UM AUTO UMA MOTO (INS. ROMERO NO QTH);1;1;;;;;;;;1;;Cruzamento;Bom;Não existe;Perfeito estado;Seca;Perfeito estado;Não existe;Outras;;Única;Faixa seccionada;;
2020-07-23;08:15:00;SEM ViTIMA;FINALIZADA;DERBY;RUA JENER DE SOUZA;206;RUA AMAURI DE MEDEIROS;AO LADO DO MEMORIAL DE MEDICINA DA UPE;DERBY;;CIDADE;ABALROAMENTO TRANSVERSAL;COLISAO S/VITIMAS;2;;;;;;;;;0;;Longo da via;Bom;Não existe;Perfeito estado;Seca;Perfeito estado;Agente;Placas Pare;;Única;Canteiro central;;
2020-07-23;08:27:00;COM VITIMA;FINALIZADA;BOA VISTA;AV GOVERNADOR CARLOS DE LIMA CAVALCANTI;141;;LADO OPOSTO AO LABORATORIO LUCILO MARANHÃO.;BOA VISTA;;SUBURBIO;ABALROAMENTO TRANSVERSAL;COLISÃO C/ VITIMA ENTRE UM ONIBUS E UM AUTO ( BATEDOR URLEY E INS. LINDENBERG NO QTH);1;;;;;1;;;;1;;Longo da via;Bom;Não existe;Perfeito estado;Seca;Perfeito estado;Não existe;Não há placas;;Dupla;Canteiro central;;
2020-07-23;14:17:00;COM VITIMA;FINALIZADA;TORRÕES;RUA ZUMBI DOS PALMARES;145;;RUA DO MERCADO DO NALDO;TORRÕES;;SUBURBIO;COLISÃO COM CICLISTA;MOTO E BICICLETA;;1;;1;;;;;;1;;Longo da via;Bom;Não existe;Não existente;Seca;Perfeito estado;Não existe;R-6c;30 km/h;Dupla;Não existe;;
2020-07-23;14:35:00;SEM ViTIMA;CANCELADA;BOA VIAGEM;RUA VISCONDE DE JEQUITINHONHA;1874;;DEPOIS DO POSTO DE GASOLINA IPIRANGA;BOA VIAGEM;;;ACID. DE PERCURSO;MOTO CAIU DENTRO DE UM BURACO;;1;;;;;;;;0;;;;;;;;;;;;;;
2020-07-24;07:06:00;COM VITIMA;FINALIZADA;COELHOS;RUA FRANCISCO ALVES;107;RUA CAPITAO JOSE DA LUZ;EM FRENTE AO EMPRESARIAL RIO CAPIBARIBE;COELHOS;;;ABALROAMENTO LONGITUDINAL;AUTO E MOTO;1;1;;;;;;;;1;;Cruzamento;Bom;Não existe;Perfeito estado;Seca;Perfeito estado;Não existe;Outras;;Dupla;Faixa contínua;Faixa seccionada;
2020-07-24;08:02:00;COM VITIMA;FINALIZADA;SANTO AMARO;AV CRUZ CABUGA;;;EM FRENTE AO CEMITÉRIO DOS INGLESES;SANTO AMARO;34;CIDADE;ATROPELAMENTO;MOTO E PEDESTRE;;1;;;1;;;;;1;;Longo da via;Bom;Sem defeito;Perfeito estado;Seca;Perfeito estado;Agente;Não há placas;60 km/h;Dupla;Faixa contínua;;
2020-07-24;10:20:00;SEM ViTIMA;FINALIZADA;DERBY;AV GOVERNADOR AGAMENON MAGALHAES;;;EM FRENTE AO SEMÁFORO Nº 075;DERBY;75;;COLISÃO TRASEIRA;VT- DA POLICIA CIVIL OFICIAL E AUTO;1;;;;;;1;;;0;;Longo da via;Bom;Sem defeito;Perfeito estado;Seca;Perfeito estado;Faixa de pedestre;Outras;60 km/h;Dupla;Canteiro central;;
2020-07-24;10:33:00;SEM ViTIMA;FINALIZADA;IMBIRIBEIRA;RUA DR TAVARES CORREIA;120;RUA ALLAN KARDEC;;IMBIRIBEIRA;;SUBURBIO;CHOQUE OBJETO FIXO;CARRETA CHOCOU-SE CONTRA POSTE;;;;;;;1;;1;0;;Cruzamento;Bom;Não existe;Perfeito estado;Seca;Perfeito estado;Faixa de retenção;Placas Pare;30 km/h;Única;Faixa contínua;;
2020-07-24;11:12:00;SEM ViTIMA;FINALIZADA;TORRÕES;RUA ONZE DE FEVEREIRO;680;;LADO OPOSTO SUPER PÃO;TORRÕES;;SUBURBIO;CHOQUE VEÍCULO PARADO;COLISÃO SEM VITIMAS;1;;;;;;1;;;0;;Cruzamento;Bom;Não existe;Não existente;Seca;Mal conservada;Não existe;Não há placas;;Dupla;Não existe;;
2020-07-24;14:23:00;COM VITIMA;FINALIZADA;SANCHO;AV LIBERDADE;;AV TEMPO FELIZ;E/F AO CEMITERIO PARQUE DAS FLORES  NA ENTRADA DO CONDOMINIO JARDIM PLANALTO;SANCHO;;;COLISÃO TRASEIRA;COLISAO ENTRE AUTO E MOTO COM UMA VITIMA;1;1;;;;;;;;1;;Cruzamento;Bom;Não existe;Perfeito estado;Seca;Perfeito estado;Faixa de pedestre;R-6c;;Dupla;Faixa contínua;;
2020-07-24;19:30:00;SEM ViTIMA;CANCELADA;AREIAS;AV DR JOSE RUFINO;1271;;ENF AO SUPERMERCADO ARCO IRIS E FARMACIA DOS TRABALHADORES;AREIAS;;;COLISÃO;SANDERO X FIESTA OBS: SUSPEITA DE EMBRIAGUEZ;2;;;;;;;;;0;;;;;;;;;;;;;;
2020-07-24;21:14:00;COM VITIMA;FINALIZADA;BOA VIAGEM;RUA DEZ DE JULHO;210;RUA CAMBOIM;E/F A I GREJA CRISTAL // PRÓX A ESTAÇÃO AEROPORTO- SNT BV;BOA VIAGEM;;SUBURBIO;ABALROAMENTO TRANSVERSAL;ENTRE AUTO E MOTO. C/V;1;1;;;;;;;;1;;Cruzamento;Bom;Não existe;Incompleta;Seca;Perfeito estado;Não existe;Placas Pare;30 km/h;Única;;;
2020-07-25;10:53:00;COM VITIMA;FINALIZADA;AFLITOS;RUA SAMUEL CAMPELO;260;RUA QUARENTA E OITO;E/F AO EDF. PRAIA DE ITAOCA E GALERIA 218 CENTER.;AFLITOS;;SUBURBIO;ABALROAMENTO LONGITUDINAL;COLISÃO C/VITIMA ENTRE UMA MOTO E DOIS AUTO;2;1;;;;;;;;1;;Cruzamento;Bom;Não existe;Perfeito estado;Seca;Perfeito estado;Faixa de pedestre;R-6a;;Única;Faixa seccionada;;
2020-07-25;11:37:00;COM VITIMA;FINALIZADA;BARRO;AV DR JOSE RUFINO;1808;RUA PADRE NOBREGA;E/F A CRECHE ESCOLA MUNICIPAL DO RECIFE PRES. TANCREDO NEVES;BARRO;;SUBURBIO;ABALROAMENTO LONGITUDINAL;COLISÃO C/VITIMA ENTRE UMA MOTO E AUTO;1;1;;;;;;;;1;;Longo da via;Bom;Não existe;Perfeito estado;Seca;Perfeito estado;Não existe;Não há placas;;Dupla;Faixa contínua;;
2020-07-25;12:26:00;COM VITIMA;FINALIZADA;PRADO;RUA GOMES TABORDA;926;;PRÓXIMO A PADARIA PLANETA PÃO;PRADO;;;COLISÃO COM CICLISTA;AUTO- CAMINHÃO E BICICLETA.;1;;;1;;;1;;;1;;Longo da via;Bom;Não existe;Incompleta;Seca;Perfeito estado;Não existe;R-6a;;Dupla;Faixa seccionada;;
2020-07-25;17:57:00;COM VITIMA;FINALIZADA;CAJUEIRO;RUA CORONEL URBANO RIBEIRO DE SENA;930;RUA SUDESTE;PROX A ANTIGA RADIO CAPIBARIBE/ EM FRENTE AO MERCADINHO CAPIBARIBE. AO LADO DA DELICATESSEN CAPIBARIBE.;CAJUEIRO;;SUBURBIO;ABALROAMENTO TRANSVERSAL;COLISAO ENTRE CARRO E MOTO (SEM PLACA);1;1;;;;;;;;1;;Cruzamento;Bom;Não existe;Perfeito estado;Seca;Perfeito estado;Faixa de pedestre;R-6a;20 km/h;Dupla;Faixa contínua;Faixa seccionada;
2020-07-25;22:03:00;COM VITIMA;FINALIZADA;BOA VIAGEM;AV ENGENHEIRO DOMINGOS FERREIRA;;RUA HENRIQUE CAPITULINO;FAIXA DA ESQUERDA // PROX A CORRETORA PAULO MIRANDA- AO LADO DO POSTO BR.;BOA VIAGEM;484;ORLA DE BOA VIAGEM;ABALROAMENTO TRANSVERSAL;COLISÃO ENTRE AUTO E MOTO- C/V;1;1;;;;;;;;1;;Cruzamento;Bom;Sem defeito;Perfeito estado;Seca;Perfeito estado;Não existe;Outras;;Única;;;
2020-07-26;04:16:00;SEM ViTIMA;FINALIZADA;VÁRZEA;RUA TENENTE ROLAND RITTMISTER;224;;AO LADO DO Nº224;VÁRZEA;;;CAPOTAMENTO;CONDUTOR EVADIU-SE DO LOCAL;2;;;;;;;;;0;;Longo da via;Chuvoso;Não existe;Não existente;Molhada;Perfeito estado;Não existe;Não há placas;;Dupla;Não existe;;
2020-07-26;12:58:00;COM VITIMA;FINALIZADA;CÓRREGO DO JENIPAPO;AV NORTE;;;E/F A INTEGRAÇAO DA MACAXEIRA VT 31 E POSTE B033524.;CÓRREGO DO JENIPAPO;;SUBURBIO;COLISÃO COM CICLISTA;COLISAO ENTRE MOTO E CICLISTA COM UMA VITIMA;;1;;1;;;;;;1;;Longo da via;Chuvoso;Não existe;Perfeito estado;Molhada;Perfeito estado;Não existe;Não há placas;60 km/h;Única;Faixa seccionada;;
2020-07-26;16:24:00;COM VITIMA;FINALIZADA;BOA VIAGEM;AV BOA VIAGEM;2198;RUA HENRIQUE CAPITULINO;EM FRENTE AO BANHEIRO PUBLICO NUMERO 5;BOA VIAGEM;;CIDADE;ABALROAMENTO LONGITUDINAL;CONDUTOR DA MOTO AVANÇOU O SINAL VERMELHO E COM O PARALAMA DO LADO DIREITO DO VEICULO;1;1;;;;;;;;1;;Longo da via;Bom;Sem defeito;Perfeito estado;Seca;Perfeito estado;Faixa de pedestre;Não há placas;;Única;Não existe;;
2020-07-26;21:33:00;SEM ViTIMA;CANCELADA;JORDÃO;AV CENTENARIO ALBERTO SANTOS DUMONT;S/N;;POR TRÁS DA AERONAUTICA / APÓS O AEROPORTO;JORDÃO;;;CHOQUE OBJETO FIXO;CONDUTOR APARENTEMENTE EMBRIAGADO- PERDEU O CONTROLE DE SEU VEÍCULO E ACABOU SE CHOCANDO CONTRA AS PROTEÇÕES DA AERONAUTICA- QUASE BATENDO NO MURO DA MESMA. S/V;;;;;;;1;;;0;;;;;;;;;;;;;;
2020-07-27;07:21:00;COM VITIMA;FINALIZADA;BOA VIAGEM;AV DES JOSE NEVES;;RUA DES JOAO PAES;;BOA VIAGEM;567;SUBURBIO;ABALROAMENTO TRANSVERSAL;UM SEGUNDO VEÍCULO EVADIU-SE DO LOCAL- SEGUNDO A VÍTIMA.;;1;;;;;;;;1;;Cruzamento;Chuvoso;Sem defeito;Perfeito estado;Molhada;Perfeito estado;Faixa de pedestre;;;Dupla;Canal;;
2020-07-27;07:58:00;COM VITIMA;FINALIZADA;TAMARINEIRA;EST VELHA DE AGUA FRIA;647;;EM FRENTE A PANIFICADORA MANÁ;TAMARINEIRA;;CIDADE;CHOQUE VEÍCULO PARADO;AUTO E MOTO;1;1;;;;;;;;2;;Longo da via;Bom;Sem defeito;Perfeito estado;Seca;Perfeito estado;Outros;Outras;;Dupla;Faixa contínua;;
2020-07-27;10:05:00;SEM ViTIMA;FINALIZADA;GRAÇAS;AV GOVERNADOR AGAMENON MAGALHAES;;RUA DR BANDEIRA FILHO;EM FRENTE A  ANTIGA EMBRATEL;GRAÇAS;173;SUBURBIO;COLISÃO;MOTO E VEICULO OFICIAL /  PONTO FIXO NO LOCAL CESAR;;1;;;;;;1;;0;;Cruzamento;Chuvoso;Sem defeito;Perfeito estado;Seca;Perfeito estado;Agente;;60 km/h;Dupla;Canteiro central;;
2020-07-27;12:35:00;SEM ViTIMA;FINALIZADA;IMBIRIBEIRA;AV PRESIDENTE DUTRA;600;RUA GONCALVES DE MAGALHAES;EM FRENTE AO POSTO BR;IMBIRIBEIRA;393;SUBURBIO;COLISÃO;COLISAO ENTRE 2 AUTOS/ MOTORISTA EMBRIAGADO;2;;;;;;;;;0;;;;;;;;;;;;;;
2020-07-28;10:02:00;COM VITIMA;FINALIZADA;BOA VISTA;AV GOVERNADOR AGAMENON MAGALHAES;;RUA DR BANDEIRA FILHO;SUPER BOMPREÇO;BOA VISTA;173;SUBURBIO;COLISÃO COM CICLISTA;CICLISTA E AUTO BATEDORES NO LOCAL GM PETERSON;1;;;1;;;;;;1;;Cruzamento;Bom;Sem defeito;Perfeito estado;Seca;Perfeito estado;Outros;Outras;60 km/h;;Faixa seccionada;;
2020-07-28;11:49:00;COM VITIMA;FINALIZADA;ILHA DO RETIRO;EST DOS REMEDIOS;2024;RUA ASTORGA;PROX A O  SPORT CLUBE DO RECIFE  AO LADO DA FARMACIA DROGASIL;ILHA DO RETIRO;;SUBURBIO;ABALROAMENTO TRANSVERSAL;COLISÃO COM VITIMA A ESPERA DO SAMU;1;;;;;1;;;;1;;Longo da via;Bom;Não existe;Perfeito estado;Seca;Perfeito estado;;Placas Pare;40 km/h;;Faixa contínua;;
2020-07-28;14:07:00;COM VITIMA;FINALIZADA;SÃO JOSÉ;RUA IMPERIAL;86;RUA DO PEIXOTO;NO SEMAFORO 207 E/F AIGREJA MATRIZ DE SAO JOSE AO LADO DO TRE;SÃO JOSÉ;207;SUBURBIO;ABALROAMENTO TRANSVERSAL;COLISÃO ENVOLVENDO ÔNIBUS E AUTOS.;4;;;;;1;;;;1;;Cruzamento;Bom;Sem defeito;Perfeito estado;Seca;Perfeito estado;Não existe;Outras;40 km/h;Única;Faixa seccionada;;
2020-07-28;14:31:00;COM VITIMA;FINALIZADA;CAMPO GRANDE;RUA ODORICO MENDES;165;RUA VISCONDE DE CAIRU;PROX AO CLUBE DAS PAS;CAMPO GRANDE;;SUBURBIO;ABALROAMENTO TRANSVERSAL;COLISAO ENTRE DUAS MOTOS COM VITIMAS;;2;;;;;;;;1;;Cruzamento;Bom;Não existe;Perfeito estado;Seca;Perfeito estado;Não existe;Placas Pare;40 km/h;Dupla;Faixa seccionada;;
2020-07-28;14:45:00;COM VITIMA;FINALIZADA;DOIS UNIDOS;AV HILDEBRANDO DE VASCONCELOS;563;;ANTES DA FABRICA DA MINERVA- PRÓXIMO A CIP CÃES.;DOIS UNIDOS;;SUBURBIO;COLISÃO TRASEIRA;CAMINHONETE E MICRO-ÔNIBUS.;1;;;;;1;;;;1;;Longo da via;Bom;Não existe;Perfeito estado;Seca;Perfeito estado;Não existe;Não há placas;;Dupla;Não existe;;
2020-07-28;16:13:00;SEM ViTIMA;FINALIZADA;BOA VIAGEM;AV BOA VIAGEM;704;;EM FRENTE AO EDF. NÁPOLIS;BOA VIAGEM;;CIDADE;ABALROAMENTO LONGITUDINAL;VEICULO DA GUARDA MUNICIPAL ESTAVA ESTACIONDO E O CARRO UMA PUXAVA A MOTO TUQUI-TUQUI- E A MOTO COLIDIU COM O VEICULO DA GUARDA MUNICIPAL;2;;;;;;;;1;0;;Longo da via;Bom;Não existe;Perfeito estado;Seca;Perfeito estado;Não existe;Não há placas;;Única;Faixa contínua;;
2020-07-28;16:13:00;COM VITIMA;CANCELADA;CAMPINA DO BARRETO;RUA DAS MOCAS;1294;;PROX A PIZZARIA ATLANTICO;CAMPINA DO BARRETO;;;COLISÃO;COLISAO ENTRE MOTO E AUTO COM UMA VITIMA;1;1;;;;;;;;1;;;;;;;;;;;;;;
2020-07-28;17:23:00;SEM ViTIMA;FINALIZADA;GRAÇAS;RUA JOAQUIM NABUCO;;;;GRAÇAS;;SUBURBIO;COLISÃO TRASEIRA;COLISAO ENTRE DOIS AUTOS;2;;;;;;;;;0;;Longo da via;Bom;Sem defeito;Perfeito estado;Seca;Perfeito estado;Outros;;;Única;Faixa seccionada;;
2020-07-28;19:17:00;COM VITIMA;CANCELADA;BOA VIAGEM;RUA SA E SOUZA;;RUA CAPITAO ZUZINHA;SEMÁFORO 420 / E/F A PADARIA SANTA ROSA;BOA VIAGEM;;;COLISÃO;ENTRE 2 MOTOS. C/V;;2;;;;;;;;2;;;;;;;;;;;;;;
2020-07-28;19:39:00;SEM ViTIMA;CANCELADA;AFOGADOS;RUA SAO MIGUEL;268;;NA FAIXA EXCLUSIVA DE ONIBUS ENF. AO DEPATRI;AFOGADOS;;;COLISÃO;ONIBUS METROPOLITANA X NISSAN OBS : VEICULO ESTA SEM CONDIÇOES DE SAIR DA VIA DEVIDO A PROPORÇAO DA COLISAO;1;;;;;1;;;;0;;;;;;;;;;;;;;
2020-07-28;19:41:00;COM VITIMA;FINALIZADA;ÁGUA FRIA;RUA SAO SEBASTIAO;694;;PRÓX A ENTRADA DA BOMBA DO HEMETERIO E POSTO DA BOMBA;ÁGUA FRIA;;;ABALROAMENTO LONGITUDINAL;ENTRE 2 MOTOS. C/V;;2;;;;;;;;1;;Longo da via;Bom;Não existe;;Seca;Perfeito estado;Não existe;Não há placas;;Dupla;Faixa contínua;;
2020-07-29;06:33:00;SEM ViTIMA;FINALIZADA;JOANA BEZERRA;VDO PAPA JOAO PAULO II;;;NA DESCIDA DA PONTE SENTIDO AGAMENON MAGALHÃES;JOANA BEZERRA;;;COLISÃO;SEM VITIMAS -UMA DAS PARTES EMBRIAGADA ESTA ABANDONANDO O VEÍCULO;2;;;;;;;;;0;;Viaduto;Bom;Não existe;Perfeito estado;Seca;Perfeito estado;Não existe;Não há placas;;Dupla;Faixa seccionada;;
2020-07-29;07:50:00;COM VITIMA;FINALIZADA;ENCRUZILHADA;RUA FERNANDO CESAR;242;RUA AMARO COUTINHO;E/F A JDA EQUIPAMENTOS E PRAÇA DOM MIGUEL VALVERDE.;ENCRUZILHADA;;CIDADE;ABALROAMENTO LONGITUDINAL;COLISÃO C/VITIMA ENTRE MOTO E CICLOMOTOR (V.T 12 NO QTH);;1;1;;;;;;;2;;Cruzamento;Chuvoso;Não existe;Perfeito estado;Seca;Perfeito estado;Faixa de pedestre;Placas Pare;30 km/h;Única;Faixa contínua;Faixa seccionada;
2020-07-29;07:55:00;COM VITIMA;FINALIZADA;SANTO AMARO;AV CRUZ CABUGA;1419;;EM FRENTE AO SEFAZ;SANTO AMARO;344;CIDADE;ABALROAMENTO LONGITUDINAL;COM UMA VITIMA AGUARDANDO SAMU/BATEDOR MOTO 10/26 CTTU NO LOCAL;1;1;;;;;;;;1;;Longo da via;Bom;Sem defeito;Perfeito estado;Seca;Perfeito estado;Não existe;Outras;;Dupla;Faixa contínua;;
2020-07-29;08:21:00;SEM ViTIMA;FINALIZADA;SANTO AMARO;RUA TREZE DE MAIO;330;AV VISCONDE DE SUASSUNA;E/F A LINS ADVOCACIA;SANTO AMARO;172;;COLISÃO;COLISÃO S/VITIMAS ENTRE UM AUTO E UMA MOTO (VEÍCULO OFICIAL);1;1;;;;;;;;0;;Longo da via;Chuvoso;Sem defeito;Perfeito estado;Molhada;Perfeito estado;Faixa de pedestre;Outras;;Única;Não existe;;
2020-07-29;08:46:00;COM VITIMA;FINALIZADA;BOA VISTA;RUA JOSE DE ALENCAR;;RUA BARAO DE SAO BORJA;EM FRENTE AO HOTEL BOA VISTA;BOA VISTA;;CDE BOA VISTA;ABALROAMENTO LONGITUDINAL;AUTO E MOTO- COLISÃO COM UMA VITIMA -JÁ SOCORRIDA PELO SAMU;1;1;;;;;;;;1;;Cruzamento;Chuvoso;Não existe;Perfeito estado;Molhada;Outros;Faixa de pedestre;Placas Pare;;Única;Não existe;;
2020-07-29;09:28:00;COM VITIMA;FINALIZADA;IPSEP;AV RECIFE;1088;;EM FRENTE A CENTRAL DAS BATERIAS;IPSEP;;AEROPORTO;ABALROAMENTO LONGITUDINAL;COM UMA VITIMA AGUARDANDO SAMU/CTTU NO LOCAL BATEDORES NO LOCAL 03-28;;2;;;;;;;;1;;Longo da via;Chuvoso;Não existe;Perfeito estado;Molhada;Perfeito estado;Não existe;Não há placas;60 km/h;Dupla;Faixa contínua;Faixa seccionada;
2020-07-29;09:58:00;COM VITIMA;FINALIZADA;SAN MARTIN;AV GENERAL SAN MARTIN;1450;;EM FRENTE A O IPA;SAN MARTIN;;SUBURBIO;ABALROAMENTO TRANSVERSAL;AUTO E MOTO COM UMA VITIMA.;1;1;;;;;;;;1;;Longo da via;Nublado;Não existe;Incompleta;Seca;Perfeito estado;Faixa de pedestre;R-6a;40 km/h;Dupla;Faixa contínua;Faixa seccionada;
2020-07-29;11:18:00;COM VITIMA;FINALIZADA;CAMPINA DO BARRETO;RUA EXP JAMIL DAGLI;40;;RUA TRANSVERSAL A AV. PROF. JOSE DOS ANJOS // NA RUA DA BARRACA DO KAUAN;CAMPINA DO BARRETO;;SUBURBIO;ATROPELAMENTO;ATROPELAMENTO / ENVOLVIDO SOCORRIDO PELO SAMU PARA O HR;1;;;;1;;;;;1;;Longo da via;Chuvoso;Não existe;Não existente;Seca;Perfeito estado;Não existe;Não há placas;;Dupla;Canal;;
2020-07-29;11:21:00;SEM ViTIMA;FINALIZADA;SANTO AMARO;AV GOVERNADOR AGAMENON MAGALHAES;;AV DR JAYME DA FONTE;EM FRENTE AO IC;SANTO AMARO;;OLINDA;COLISÃO;SEM VITIMAS /VIATURA DA POLICIA CIVIL;1;;;;;;;1;;0;;Cruzamento;Chuvoso;Sem defeito;Perfeito estado;Molhada;Perfeito estado;Faixa de pedestre;Outras;60KM;Dupla;Faixa contínua;Canteiro central;
2020-07-29;12:39:00;COM VITIMA;FINALIZADA;CASA AMARELA;RUA TAQUARITINGA;;RUA PADRE LEMOS;EM FRENTE AO CENTRO COMERCIAL DE CASA AMARELA AO LADO DA CAIXA ECONÔMICA- EM FRENTE AO POSTE DE ILUMINAÇÃO B023429.;CASA AMARELA;;CIDADE;ATROPELAMENTO;ONIBUS E PEDESTRE;;;;;1;1;;;;1;;Esquina;Bom;Não existe;Perfeito estado;Seca;Perfeito estado;Não existe;Não há placas;;Única;Faixa seccionada;;
2020-07-29;13:04:00;COM VITIMA;FINALIZADA;BOA VISTA;RUA BARAO DE SAO BORJA;116;RUA JOSE DE ALENCAR;EM FRENTE A BANCA DE BICHO E O HOTEL BOA VISTA;BOA VISTA;;CIDADE;ABALROAMENTO TRANSVERSAL;MOTO E AUTO;1;1;;;;;;;;1;;Cruzamento;Bom;Não existe;Perfeito estado;Seca;Perfeito estado;Faixa de pedestre;Placas Pare;;Única;Não existe;;
2020-07-29;13:43:00;SEM ViTIMA;FINALIZADA;VASCO DA GAMA;RUA DOIS DE FEVEREIRO;;;PROX A SUBIDA DO ALTO NOSSA SENHORA DE FATIMA;VASCO DA GAMA;;;COLISÃO;COLISAO SEM VITIMAS ENTRE CAMINHAO- AUTO E MOTO;1;1;;;;1;;;;0;;Longo da via;Chuvoso;Não existe;Não existente;Molhada;Mal conservada;Não existe;Não há placas;;Dupla;Não existe;;
2020-07-29;13:57:00;COM VITIMA;FINALIZADA;CASA AMARELA;RUA PADRE LEMOS;58;;MERCADO DE CASA AMARELA;CASA AMARELA;;CIDADE;ATROPELAMENTO;MOTO E PEDESTRE (IDOSO);;1;;;1;;;;;1;;Longo da via;Bom;Não existe;Perfeito estado;Seca;Perfeito estado;Não existe;Outras;;Dupla;Faixa seccionada;;
2020-07-29;16:25:00;SEM ViTIMA;FINALIZADA;BOA VIAGEM;AV ENGENHEIRO DOMINGOS FERREIRA;;RUA BRUNO VELOSO;PROX A DROGAZIL;BOA VIAGEM;;;COLISÃO;COLISAO SEM VITIMAS/ GM MARCOS MARCELINO NO QTH;2;;;;;;;;;0;;Longo da via;Bom;Sem defeito;Perfeito estado;Seca;Perfeito estado;Não existe;Outras;60km;Única;Faixa contínua;;
2020-07-29;18:43:00;VITIMA FATAL;FINALIZADA;CASA AMARELA;AV NORTE;;COR DO BARTOLOMEU;E/ F AO REI DA PICANHA E FARMÁCIA PAGUE MENOS;CASA AMARELA;79;CIDADE;ABALROAMENTO LONGITUDINAL;COLISAO DE ONIBUS E MOTO;;1;;;;1;;;;;1;Cruzamento;Bom;Sem defeito;Perfeito estado;Molhada;Perfeito estado;Faixa de pedestre;;60 km/h;;Canteiro central;;
2020-07-29;20:53:00;COM VITIMA;FINALIZADA;BOA VIAGEM;RUA BALTAZAR PASSOS;;RUA SA E SOUZA;AO LADO DA CULTURA INGLESA.;BOA VIAGEM;;ORLA DE BOA VIAGEM;ABALROAMENTO TRANSVERSAL;COLISAO DE AUTO E MOTONETA;1;1;;;;;;;;1;;Cruzamento;Bom;Não existe;Perfeito estado;Seca;Perfeito estado;Faixa de retenção;Placas Pare;;Única;Não existe;;
2020-07-30;12:31:00;COM VITIMA;FINALIZADA;CAMPO GRANDE;AV PROFESSOR JOSE DOS ANJOS;116;;E/F A COMPESA S/T SUB;CAMPO GRANDE;;SUBURBIO;ABALROAMENTO TRANSVERSAL;COLISAO ENTRE AUTO E MOTO COM UMA VITIMA;1;1;;;;;;;;2;;Longo da via;Bom;Não existe;Incompleta;Seca;Perfeito estado;Não existe;Não há placas;;Dupla;Não existe;;
2020-07-30;14:33:00;COM VITIMA;FINALIZADA;TORREÃO;AV NORTE;;;SOBRE O VIADUTO VT 13 NO LOCAL. LADO OPOSTO AO EMPRESARIAL TACARUNA.;TORREÃO;;CIDADE;COLISÃO TRASEIRA;COLISAO ENTRE AUTO E MOTO COM UMA VITIMA;1;1;;;;;;;;1;;Viaduto;Bom;Não existe;Perfeito estado;Seca;Perfeito estado;Não existe;Outras;;Dupla;Faixa seccionada;Canteiro central;
2020-07-30;15:53:00;COM VITIMA;FINALIZADA;SAN MARTIN;AV GENERAL SAN MARTIN;1973;;PRÓXIMO A ACADEMIA DA CIDADE. EM FRENTE A PET'S.;SAN MARTIN;;CIDADE;COLISÃO COM CICLISTA;COLISÃO MOTO E CICLISTA;;1;;1;;;;;;2;;Longo da via;Bom;Não existe;Perfeito estado;Seca;Perfeito estado;;;;Dupla;Faixa contínua;;