data;hora;natureza_acidente;situacao;bairro;endereco;numero;detalhe_endereco_acidente;complemento;bairro_cruzamento;num_semaforo;sentido_via;tipo;descricao;auto;moto;ciclom;ciclista;pedestre;onibus;caminhao;viatura;outros;vitimas;vitimasfatais;acidente_verificado;tempo_clima;situacao_semaforo;sinalizacao;condicao_via;conservacao_via;ponto_controle;situacao_placa;velocidade_max_via;mao_direcao;divisao_via1;divisao_via2;divisao_via3
2020-09-01;09:03:00;COM VITIMA;CANCELADA;ESTÂNCIA;AV DR JOSE RUFINO;;;EM FRENTE AO COLÉGIO VISÃO;ESTÂNCIA;;;COLISÃO;;1;1;;;;;;;;1;;;;;;;;;;;;;;
2020-09-01;08:19:00;COM VITIMA;FINALIZADA;ÁGUA FRIA;AV BEBERIBE;2406;RUA SAO JOAQUIM DO MONTE;;ÁGUA FRIA;153;;ABALROAMENTO LONGITUDINAL;COM VITIMA;1;1;;;;;;;;1;;Longo da via;Bom;Sem defeito;Perfeito estado;Seca;Perfeito estado;Faixa de pedestre;Não há placas;;Dupla;;;
2020-09-01;10:53:00;COM VITIMA;FINALIZADA;TORRE;RUA CONDE DE IRAJA;109;;E/F AO CENTRO COMUNITÁRIO INTEGRAÇÃO;TORRE;;SUBURBIO;ABALROAMENTO LONGITUDINAL;COLISÃO C/VITIMA ENTRE UM AUTO E MOTO;1;1;;;;;;;;1;;Longo da via;Bom;Sem defeito;Perfeito estado;Seca;Perfeito estado;Não existe;Outras;;Única;Faixa seccionada;;
2020-09-01;11:51:00;SEM ViTIMA;FINALIZADA;BOA VIAGEM;RUA GENERAL EDSON AMANCIO RAMALHO;18;;LOJA FINO DESIGN;BOA VIAGEM;;CIDADE;CHOQUE OBJETO FIXO;CHOQUE VIATURA COM MURETA;1;;;;;;;;;0;;Longo da via;Bom;Não existe;Perfeito estado;Seca;Perfeito estado;Não existe;Não há placas;60 km/h;Única;Faixa contínua;;
2020-09-01;18:24:00;SEM ViTIMA;CANCELADA;TORRE;RUA LAGOA DO RANCHO;510;;EM FRENTE A KITANDA DE FRUTAS E VERDURAS- PROXIMO DO GURA LANCHES;TORRE;;;COLISÃO;COLISÃO ENTRE DOIS AUTOS S/V- UMA DAS PARTES APRESENTA SINTOMAS DE EMBRIAGUEZ;2;;;;;;;;;0;;;;;;;;;;;;;;
2020-09-02;07:46:00;COM VITIMA;FINALIZADA;VÁRZEA;AV CAXANGA;;;EM FRENTE À UPA;VÁRZEA;281;CIDADE;COLISÃO TRASEIRA;COLISÃO COM VITIMA. UM SEGUNDO VEÍCULO EVADIU-SE DO LOCAL APÓS O ACIDENTE.;1;1;;;;;;;;1;;Longo da via;Bom;Sem defeito;Perfeito estado;Seca;Perfeito estado;Agente;Não há placas;60 km/h;Única;Canteiro central;;
2020-09-02;13:56:00;COM VITIMA;FINALIZADA;SÃO JOSÉ;AV SUL;1022;;NO SEMÁFORO 205;SÃO JOSÉ;205;CIDADE;COLISÃO TRASEIRA;COLISÃO COM VITIMA;1;1;;;;;;;;1;;Longo da via;Bom;Sem defeito;Perfeito estado;Seca;Perfeito estado;;;;Dupla;Canteiro central;;
2020-09-02;18:17:00;COM VITIMA;FINALIZADA;BOA VIAGEM;AVENIDA CELSO FURTADO (VIA MANGUE);;;FINAL DA VIA MANGUE. PRÓXIMO A AV. FERNANDO SIMÕES BARBOSA. LADO OPOSTO AO POSTE 2/17.;BOA VIAGEM;;SUBURBIO;ABALROAMENTO LONGITUDINAL;COM VITIMA;1;1;;;;;;;;2;;Longo da via;Bom;Não existe;Ilegível;Seca;Mal iluminada;Não existe;Outras;60 km/h;Dupla;Blocos;;
2020-09-02;18:48:00;COM VITIMA;FINALIZADA;PINA;AV ANTONIO DE GOES;124;;E/F AO GRUPO R1 AUTOS- FAIXA DA DIREITA / APÓS A LOMBADA ELETRONICA;PINA;;CIDADE;COLISÃO TRASEIRA;ENTRE AUTO E MOTO. C/V /// VT 28 E 02 NO LOCAL.;1;1;;;;;;;;1;;Longo da via;Bom;Não existe;Perfeito estado;Seca;Perfeito estado;Outros;Outras;;Única;Faixa seccionada;;
2020-09-02;20:20:00;SEM ViTIMA;CANCELADA;BOA VIAGEM;RUA RIBEIRO DE BRITO;;AV CONSELHEIRO AGUIAR;PROXIMIDADES DA HABBIBS / SEMÁFORO 147;BOA VIAGEM;;;COLISÃO;ENTRE 2 AUTOS ( CONDUTOR EMBRIAGADO ) S/V;2;;;;;;;;;0;;;;;;;;;;;;;;
2020-09-03;13:01:00;COM VITIMA;FINALIZADA;BONGI;AV ENGENHEIRO ABDIAS DE CARVALHO;;EST DOS REMEDIOS;EM FRENTE AO BOB'S;BONGI;52;CIDADE;ABALROAMENTO LONGITUDINAL;COLISÃO AUTO E MOTONETA / AGENTE DIEGO ELVAS NO LOCAL;1;1;;;;;;;;1;;Cruzamento;Bom;Sem defeito;Perfeito estado;Seca;Perfeito estado;Faixa de pedestre;Outras;;Dupla;Canteiro central;;
2020-09-03;17:43:00;COM VITIMA;FINALIZADA;CASA AMARELA;RUA CONS PERETTI;234;RUA MAJOR AFONSO LEAL;NA MESMA RUA DA BIBLIOTECA PUBLICA DE CASA AMARELA;CASA AMARELA;;;COLISÃO COM CICLISTA;VEICULO E BICICLETA;1;;;1;;;;;;1;;Cruzamento;Bom;Não existe;Perfeito estado;Seca;Perfeito estado;Não existe;Placas Pare;;;Não existe;;
2020-09-03;19:14:00;COM VITIMA;FINALIZADA;BOA VISTA;RUA DO RIACHUELO;;RUA GERVASIO PIRES;;BOA VISTA;175;SUBURBIO;ABALROAMENTO TRANSVERSAL;AUTO E MOTO;1;1;;;;;;;;1;;Cruzamento;Bom;Sem defeito;Perfeito estado;Seca;Perfeito estado;Faixa de pedestre;Não há placas;;Única;Faixa contínua;;
2020-09-03;20:07:00;COM VITIMA;FINALIZADA;IMBIRIBEIRA;AV SUL;;;AO LADO DA INTEGRAÇÃO TANCREDO NEVES- SENTIDO BOA VIAGEM. ALÇA DE RETORNO.;IMBIRIBEIRA;;SUBURBIO;COLISÃO TRASEIRA;COLISÃO ENTRE DOIS AUTOS C/V;2;;;;;;;;;1;;Longo da via;Bom;Não existe;Perfeito estado;Seca;Perfeito estado;Não existe;Não há placas;;Dupla;Blocos;;
2020-09-03;21:46:00;COM VITIMA;FINALIZADA;BOA VIAGEM;AV DOM JOAO VI;;;NA DESCIDA- SENTIDO AV ANTÔNIO FALCÃO- NA ALÇA DO VIADUTO. DECLIVE.;BOA VIAGEM;;SUBURBIO;COLISÃO TRASEIRA;COLISÃO ENTRE DOIS AUTOS C/V;2;;;;;;;;;2;;Viaduto;Chuvoso;Não existe;Perfeito estado;Molhada;Perfeito estado;Não existe;Não há placas;;Única;Não existe;;
2020-09-04;00:49:00;SEM ViTIMA;FINALIZADA;BOA VIAGEM;AV ENGENHEIRO DOMINGOS FERREIRA;3856;RUA BRUNO VELOSO;PISTA DA ESQUERDA;BOA VIAGEM;338;SUBURBIO;COLISÃO;VEÍCULO COLIDIU NA TRASEIRA DE OUTRO;2;;;;;;;;;0;;Longo da via;Bom;;;;;Não existe;Não há placas;;Única;Canteiro central;;
2020-09-04;07:26:00;COM VITIMA;FINALIZADA;SANTO AMARO;AV GOVERNADOR AGAMENON MAGALHAES;;;NO SENTIDO DERBY  AO LADO DO SHOPPING TACARUNA- LADO OPOSTO A FÁBRICA TACARUNA.;SANTO AMARO;;CIDADE;ATROPELAMENTO;VITIMA SOCORRIDA PELOS BOMBEIROS;1;;;;1;;;;;1;;Longo da via;Bom;Não existe;Não existente;Seca;Perfeito estado;Não existe;Não há placas;;Dupla;Canteiro central;;
2020-09-04;07:54:00;COM VITIMA;FINALIZADA;CAJUEIRO;AV CIDADE DE MONTEIRO;159;;PROX AO ARMAZEM CORAL EM FRENTE AO INOCOOP.;CAJUEIRO;;CIDADE;ABALROAMENTO LONGITUDINAL;COLISÃO COM VITIMAS A ESPERA DO SAMU;1;1;;;;;;;;2;;Longo da via;Bom;Não existe;Perfeito estado;Seca;Perfeito estado;Não existe;Outras;40 km/h;Dupla;Faixa contínua;;
2020-09-04;10:20:00;COM VITIMA;FINALIZADA;CAMPO GRANDE;RUA SAO CAETANO;394;RUA GUAICURUS;PROX. AO SUPERMERCADO STYLLO;CAMPO GRANDE;;SUBURBIO;ABALROAMENTO TRANSVERSAL;MOTO E AUTO;1;1;;;;;;;;1;;Cruzamento;Bom;Não existe;Não existente;Seca;Perfeito estado;Não existe;Não há placas;;Dupla;Não existe;;
2020-09-04;12:51:00;COM VITIMA;FINALIZADA;BOA VIAGEM;AV VINTE DE JANEIRO;1041;;PROX ANTIGA SADIA;BOA VIAGEM;;SUBURBIO;CHOQUE VEÍCULO PARADO;COLISAO ENTRE AUTO- MOTO E CAMINHÃO.;1;1;;;;;1;;;1;;Longo da via;Bom;Não existe;Não existente;Seca;Perfeito estado;Não existe;Não há placas;;Dupla;Não existe;;
2020-09-04;15:30:00;SEM ViTIMA;FINALIZADA;BARRO;AV DR JOSE RUFINO;2288;;EM FRENTE A IGREJA DO BARRO;BARRO;539;SUBURBIO;COLISÃO;COLISÃO SEM ViTIMA/ VEÍCULO OFICIAL;1;;;;;;;1;;0;;Longo da via;Bom;Não existe;Perfeito estado;Seca;Perfeito estado;Não existe;Não há placas;40 km/h;Dupla;Não existe;;
2020-09-04;15:56:00;COM VITIMA;FINALIZADA;ESTÂNCIA;RUA SAO MIGUEL;;;PROXIMO AO POSTO IPIRANGA- EM FRENTE AO POSTO PETROISA.;ESTÂNCIA;;CIDADE;COLISÃO TRASEIRA;COLISÃO COM VITIMA;2;;;;;;;;;1;;Longo da via;Bom;Não existe;Incompleta;Seca;Mal conservada;Não existe;R-6a;;Dupla;Faixa contínua;;
2020-09-04;16:14:00;SEM ViTIMA;FINALIZADA;ENCRUZILHADA;AV NORTE;;RUA AUGUSTO RODRIGUES;AO LADO DA PRACA DA PICANHA;ENCRUZILHADA;376;SUBURBIO;COLISÃO;COLISÃO SEM ViTIMA/ VEÍCULO OFICIAL;1;;;;;;;;1;0;;Cruzamento;Bom;Sem defeito;Perfeito estado;Seca;Perfeito estado;Faixa de pedestre;;;;Canteiro central;;
2020-09-04;16:21:00;COM VITIMA;FINALIZADA;CAMPO GRANDE;EST DE BELEM;;RUA FONSECA OLIVEIRA;E/F ACADEMIA HI;CAMPO GRANDE;504;CIDADE;ATROPELAMENTO;VEICULO ATROPELOU UM PEDESTRE VT 26 NO LOCAL;;;;;1;;;1;;1;;Longo da via;Bom;Sem defeito;Perfeito estado;Seca;Perfeito estado;Faixa de pedestre;Outras;50 km/h;Dupla;Faixa contínua;;
2020-09-04;17:12:00;COM VITIMA;FINALIZADA;MANGUEIRA;RUA VINTE E UM DE ABRIL;1757;;PROX AO SUPERMERCADO BARATEIRO;MANGUEIRA;;;COLISÃO COM CICLISTA;COLISAO ENTRE MOTO E BICICLETA.;;1;;1;;;;;;2;;Longo da via;Chuvoso;Não existe;Não existente;Molhada;Perfeito estado;Não existe;Não há placas;40 km/h;Dupla;Não existe;;
2020-09-05;07:53:00;SEM ViTIMA;FINALIZADA;BOA VISTA;RUA CAPITAO RUY LUCENA;71;RUA DOM BOSCO;NA LATERAL DO BATALHÃO DA RADIO PATRULHA;BOA VISTA;;;CHOQUE OBJETO FIXO;SEM VITIMA;;;;;;;;1;;0;;Longo da via;Bom;Não existe;Perfeito estado;Seca;Perfeito estado;Não existe;Outras;;Dupla;Faixa seccionada;;
2020-09-05;10:18:00;COM VITIMA;FINALIZADA;CIDADE UNIVERSITÁRIA;RUA MAURICEIA;515;RUA GENERAL VARGAS;AO LADO DA SUDENE;CIDADE UNIVERSITÁRIA;;SUBURBIO;CHOQUE VEÍCULO PARADO;COM UMA VITIMA SAMU NO LOCAL;2;;;;;;;;;2;;Longo da via;Bom;Não existe;Ilegível;Seca;Perfeito estado;Faixa de pedestre;Não há placas;30 km/h;Dupla;Faixa seccionada;;
2020-09-05;16:37:00;VITIMA FATAL;FINALIZADA;PINA;AVENIDA CELSO FURTADO (VIA MANGUE);;;SENTIDO PINA. ANTES DO SHOPPING RIO MAR.;PINA;;CIDADE;CHOQUE OBJETO FIXO;;;1;;;;;;;;;1;Longo da via;Bom;Não existe;Perfeito estado;Seca;Perfeito estado;Não existe;;60 km/h;Dupla;Faixa seccionada;Canteiro central;Outros
2020-09-07;19:29:00;COM VITIMA;FINALIZADA;JARDIM SÃO PAULO;AV SAO PAULO;376;RUA OSORIO BORBA;EM FRENTE AO SUPERMERCADO RENDE MAIS. LADO OPOSTO AO ABRIGO ESPÍRITA BATISTA DE CARVALHO.;JARDIM SÃO PAULO;;CIDADE;ABALROAMENTO TRANSVERSAL;COLISÃO ENTRE AUTO E MOTO C/V;1;1;;;;;;;;1;;Esquina;Bom;Não existe;Perfeito estado;Seca;Perfeito estado;Não existe;Outras;30 km/h;Dupla;Faixa seccionada;;
2020-09-06;11:08:00;COM VITIMA;FINALIZADA;CASA FORTE;AV DEZESSETE DE AGOSTO;;;NA ENTRADA DO SHOPPING PLAZA EM FRENTE AO MC DONALD´S;CASA FORTE;;SUBURBIO;ABALROAMENTO LONGITUDINAL;COLISÃO COM VITIMAS A ESPERA DO SAMU;1;1;;;;;;;;2;;Longo da via;Bom;Não existe;Perfeito estado;Seca;Perfeito estado;Não existe;Outras;50 km/h;Dupla;Faixa contínua;;
2020-09-06;14:58:00;COM VITIMA;FINALIZADA;PASSARINHO;RUA SANTA TEREZA;96;;PROXIMO A DELEGACIA DA MACAXEIRA;PASSARINHO;;SUBURBIO;ABALROAMENTO TRANSVERSAL;COLISÃO COM VITIMA;1;1;;;;;;;;1;;Longo da via;Bom;Não existe;Não existente;Seca;Perfeito estado;Não existe;Não há placas;30 km/h;Dupla;Não existe;;
2020-09-06;17:33:00;COM VITIMA;FINALIZADA;BOA VIAGEM;RUA BALTAZAR PASSOS;1280;RUA VISCONDE DE JEQUITINHONHA;POR TRÁS DO PARQUE DONA LINDU / SEMÁFORO 154;BOA VIAGEM;154;SUBURBIO;ABALROAMENTO LONGITUDINAL;COLISÃO 2 MOTOS C/VITIMA;;2;;;;;;;;1;;Cruzamento;Bom;Sem defeito;Perfeito estado;Seca;Perfeito estado;Faixa de pedestre;;;Dupla;Faixa contínua;;
2020-09-06;19:08:00;COM VITIMA;CANCELADA;BOA VIAGEM;RUA BALTAZAR PASSOS;1280;RUA VISCONDE DE JEQUITINHONHA;POR TRÁS DO PARQUE DONA LINDU / SEMÁFORO 154;BOA VIAGEM;;;COLISÃO;ENTRE AUTO E MOTO. C/V;1;1;;;;;;;;1;;;;;;;;;;;;;;
2020-09-06;20:06:00;COM VITIMA;FINALIZADA;BOA VIAGEM;RUA VISCONDE DE JEQUITINHONHA;1280;;VT 13 NO LOCAL. LADO OPOSTO AO Nº 1280.;BOA VIAGEM;;SUBURBIO;ABALROAMENTO LONGITUDINAL;ENTRE AUTO E MOTO. C/V;1;1;;;;;;;;1;;Longo da via;Bom;Não existe;Perfeito estado;Seca;Perfeito estado;Faixa de pedestre;Outras;;Única;Faixa seccionada;;
2020-09-07;03:27:00;COM VITIMA;FINALIZADA;JOANA BEZERRA;PTE JOSE DE BARROS LIMA;;;APÓS A PASSARELA DO FORUM- SENTIDO DERBY;JOANA BEZERRA;;CIDADE;COLISÃO;COLISÃO C/VITIMA - VEICULO CAUSADOR DO ACIDENTE SE EVADIU- SEM DEIXAR VESTIGIOS DE IDENTIFICAÇÃO - VÍTIMA PRESA NAS FERRAGENS- POSTERIORMENTE SOCORRIDA PELA UNIDADE PÚBLICA DE SAÚDE;2;;;;;;;;;1;;;;;;;;;;;;;;
2020-09-07;15:43:00;COM VITIMA;FINALIZADA;VÁRZEA;RUA GASTAO VIDIGAL;935;;APÓS A CAPELA SANTA CLARA- PROXIMO DA ASSEMBLEIA DE DEUS;VÁRZEA;;;ABALROAMENTO TRANSVERSAL;COLISÃO ENTRE AUTO E MOTO C/V;1;1;;;;;;;;1;;Longo da via;Bom;Não existe;;Seca;Perfeito estado;Não existe;;;Dupla;Faixa seccionada;;
2020-09-07;19:59:00;COM VITIMA;FINALIZADA;TORREÃO;AV GOVERNADOR AGAMENON MAGALHAES;;;EM FRENTE AO POSTO PETROBRAS- PROXIMO DA ACADEMIA DA CIDADE- SENTIDO RECIFE;TORREÃO;379;CIDADE;ABALROAMENTO TRANSVERSAL;COLISÃO ENTRE AUTO E MOTO C/V;1;1;;;;;;;;1;;Longo da via;Bom;Sem defeito;Perfeito estado;Seca;Perfeito estado;Não existe;Não há placas;;Única;Faixa seccionada;;
2020-09-07;20:27:00;COM VITIMA;FINALIZADA;BOA VIAGEM;AV ENGENHEIRO DOMINGOS FERREIRA;2600;RUA PROFESSOR JOSE BRANDAO;AO LADO DA FARMÁCIA INDEPENDENTE;BOA VIAGEM;550;SUBURBIO;ABALROAMENTO TRANSVERSAL;COLISÃO ENTRE DOIS AUTOS C/V;2;;;;;;;;;2;;Cruzamento;Bom;Sem defeito;Perfeito estado;Seca;Perfeito estado;Faixa de pedestre;Outras;;Única;Canteiro central;;
2020-09-08;02:24:00;COM VITIMA;FINALIZADA;CAMPO GRANDE;EST DE BELEM;436;;APÓS A SECRETARIA DA FAZENDA;CAMPO GRANDE;;SUBURBIO;COLISÃO TRASEIRA;COLISÃO ENTRE DUAS MOTOCICLETA;;2;;;;;;;;2;;Longo da via;Bom;Sem defeito;Perfeito estado;Seca;Mal conservada;;;;Dupla;Faixa contínua;;
2020-09-08;03:15:00;COM VITIMA;FINALIZADA;PINA;AVENIDA CELSO FURTADO (VIA MANGUE);;;APÓS O SHOPPING RIO MAR.;PINA;;SUBURBIO;ABALROAMENTO LONGITUDINAL;OCORRÊNCIA ENVOLVENDO AUTO E MOTO. SEGUNDO CONFERÊNCIA COM O BOLETIM FÍSICO- O AUTO EVADIU-SE DO LOCAL DO ACIDENTE.;1;1;;;;;;;;1;;Longo da via;Bom;Não existe;Perfeito estado;Seca;Perfeito estado;Não existe;Não há placas;;Única;Faixa seccionada;;
2020-09-08;07:27:00;COM VITIMA;FINALIZADA;MADALENA;AV ENGENHEIRO ABDIAS DE CARVALHO;1771;;LADO OPOSTO A FACULDADE ESTÁCIO;MADALENA;327;CIDADE;COLISÃO TRASEIRA;COLISÃO COM VITIMA- COLISÃO TRASEIRA;1;1;;;;;;;;1;;Longo da via;Bom;Sem defeito;Perfeito estado;Seca;Perfeito estado;Faixa de pedestre;Não há placas;;Única;Canteiro central;;
2020-09-08;09:01:00;COM VITIMA;FINALIZADA;BOA VISTA;AV GOVERNADOR AGAMENON MAGALHAES;1387;RUA DOM BOSCO;;BOA VISTA;174;OLINDA;ABALROAMENTO LONGITUDINAL;COLISÃO COM VITIMA;1;1;;;;;;;;1;;Cruzamento;Bom;Sem defeito;Perfeito estado;Seca;Perfeito estado;Agente;R-4a;60 km/h;Dupla;Canteiro central;;
2020-09-08;10:56:00;COM VITIMA;FINALIZADA;BAIRRO DO RECIFE;CAIS DO APOLO;;;EM BAIXO DO SEMAFORO 436  EM FRENTE A PREFEITURA DO RECIFE;BAIRRO DO RECIFE;;SUBURBIO;ABALROAMENTO LONGITUDINAL;COLISÃO COM VITIMA;;1;;;;;;1;;1;;Longo da via;Bom;Sem defeito;Perfeito estado;Seca;Perfeito estado;Faixa de pedestre;Outras;40 km/h;Dupla;Canteiro central;;
2020-09-08;12:52:00;COM VITIMA;CANCELADA;TORRE;RUA ALBERTO PAIVA;192;;PROX A PIZZARIA HUT;TORRE;;;COLISÃO;COLISAO ENTRE AUTO E MOTO COM UMA VITIMA;1;1;;;;;;;;1;;;;;;;;;;;;;;
2020-09-08;13:19:00;COM VITIMA;FINALIZADA;SANTO AMARO;RUA DO HOSPICIO;;RUA JOAO LIRA;E/F A PRAÇA TREZE DE MAIO NO SEMAFORO 032;SANTO AMARO;32;SUBURBIO;COLISÃO TRASEIRA;COLISAO ENTRE ÔNIBUS E MOTO COM UMA VITIMA;;1;;;;1;;;;2;;Longo da via;Bom;Sem defeito;Perfeito estado;Seca;Perfeito estado;;;;;;;
2020-09-08;14:10:00;COM VITIMA;FINALIZADA;IBURA;AV DOIS RIOS;3;;EM FRENTE A KM GESSO E PROXIMO AO SEMAFORO 561;IBURA;561;SUBURBIO;ABALROAMENTO TRANSVERSAL;COLISÃO COM VITIMA;1;;;;;;;;1;1;;Longo da via;Bom;Sem defeito;Perfeito estado;Seca;Perfeito estado;Não existe;Não há placas;;Dupla;Faixa contínua;;
2020-09-08;14:19:00;COM VITIMA;FINALIZADA;PINA;AV ANTONIO DE GOES;570;;PROXIMO A SAMSUNG;PINA;;CIDADE;COLISÃO TRASEIRA;COLISÃO COM VITIMA;1;1;;;;;;;;1;;Longo da via;Bom;Sem defeito;Perfeito estado;Seca;Perfeito estado;Outros;Outras;;Única;Faixa seccionada;;
2020-09-08;18:30:00;COM VITIMA;FINALIZADA;AFOGADOS;RUA VINTE E UM DE ABRIL;983;;E/F A FÁBRICA DE CAFÉ PETINHO;AFOGADOS;;SUBURBIO;ABALROAMENTO LONGITUDINAL;AUTO E MOTO.;1;1;;;;;;;;1;;Longo da via;Bom;Não existe;Ilegível;Seca;Mal iluminada;Não existe;;;Dupla;Não existe;;
2020-09-09;07:00:00;COM VITIMA;FINALIZADA;CASA FORTE;AV DEZESSETE DE AGOSTO;2541;EST DO ARRAIAL;E/F A COMPESA. LIVRARIA E CAFÉ 17;CASA FORTE;107;CIDADE;COLISÃO COM CICLISTA;COLISÃO ENTRE UM ONIBUS E UM CICLISTA;;;;1;;1;;;;1;;Cruzamento;Chuvoso;Sem defeito;Perfeito estado;Molhada;Perfeito estado;Faixa de pedestre;R-6c;60 km/h;Dupla;Faixa contínua;;
2020-09-09;09:26:00;COM VITIMA;FINALIZADA;CASA AMARELA;AV NORTE;6500;;LADO OPOSTO A POLICLÍNICA PROFESSOR BARROS LIMA.;CASA AMARELA;256;SUBURBIO;COLISÃO TRASEIRA;COLISÃO COM VITIMA SOCORRIDA PELO SAMU;;2;;;;;;;;1;;Longo da via;Chuvoso;Sem defeito;Perfeito estado;Seca;Perfeito estado;Faixa de pedestre;R-6a;;Dupla;Faixa contínua;Canteiro central;
2020-09-09;09:53:00;SEM ViTIMA;FINALIZADA;BOA VIAGEM;AV BOA VIAGEM;1998;;EM FRENTE;BOA VIAGEM;;CIDADE;COLISÃO TRASEIRA;MOTOCICLETA DA CTTU X RAV 4;1;1;;;;;;;;0;;Longo da via;Bom;Sem defeito;Perfeito estado;Seca;Perfeito estado;Agente;Não há placas;60 km/h;Única;Faixa seccionada;;
2020-09-09;15:34:00;COM VITIMA;FINALIZADA;GRAÇAS;RUA BRUNO MAIA;50;RUA JOAO RAMOS;EM FRENTE A GALERIA JOAO RAMOS;GRAÇAS;;SUBURBIO;COLISÃO;COM UMA VITIMA SOCORRIDA PELO SAMU;1;;;;;;1;;;1;;Cruzamento;Bom;Não existe;Perfeito estado;Seca;Perfeito estado;Não existe;Placas Pare;;Única;Não existe;;
2020-09-09;18:42:00;COM VITIMA;FINALIZADA;JAQUEIRA;AV RUI BARBOSA;;RUA MUNIZ TAVARES;EM FRENTE AO HOSPITAL MARIA LUCINDA;JAQUEIRA;460;CIDADE;ABALROAMENTO LONGITUDINAL;COLISÃO ENTRE AUTO E MOTO- C/V;1;1;;;;;;;;1;;Cruzamento;Bom;Sem defeito;Perfeito estado;Seca;Perfeito estado;Faixa de pedestre;Outras;;Dupla;Faixa contínua;;
2020-09-10;10:37:00;VITIMA FATAL;CANCELADA;CAMPO GRANDE;AV CORREIA DE BRITO;536;;EM FRENTE A ACADEMIA UNIVERSO;CAMPO GRANDE;;;COLISÃO;COLISÃO EM SEGUIDA DE CHOQUE;;1;;;;1;;;;;1;;;;;;;;;;;;;
2020-09-11;08:35:00;SEM ViTIMA;FINALIZADA;PINA;AV ANTONIO DE GOES;;RUA DAS OFICINAS;;PINA;;CIDADE;COLISÃO TRASEIRA;COLISÃO S/VITIMAS ENTRE DOIS AUTOS (VEICULO OFICIAL);2;;;;;;;;;0;;Cruzamento;Bom;Não existe;Perfeito estado;Seca;Perfeito estado;Não existe;Placas Pare;;Única;Canteiro central;;
2020-09-11;08:37:00;SEM ViTIMA;DUPLICIDADE;ROSARINHO;AV CONS ROSA E SILVA;;RUA CONS PORTELA;;ROSARINHO;459;;CHOQUE OBJETO FIXO;CHOQUE DE UM AUTO COM SEMÁFORO;;;;;;;;;;0;;;;;;;;;;;;;;
2020-09-11;08:52:00;COM VITIMA;FINALIZADA;AFLITOS;AV CONS ROSA E SILVA;;RUA EDGAR D'AMORIM;EM FRENTE AO BOMPREÇO;AFLITOS;459;;CHOQUE OBJETO FIXO;VEICULO CHOCOU-SE COM POSTE / VITIMA JA SOCORRIDA;1;;;;;;;;;1;;Cruzamento;Bom;Sem defeito;Perfeito estado;Seca;Perfeito estado;Faixa de pedestre;R-6a;;Única;Não existe;;
2020-09-11;11:32:00;COM VITIMA;FINALIZADA;BOA VISTA;RUA DO HOSPICIO;98;;E/F AO IEP. ESCOLA SIZENANDO SILVEIRA.;BOA VISTA;;SUBURBIO;ABALROAMENTO LONGITUDINAL;COLISÃO C/VITIMA ENTRE UM ONIBUS E UMA MOTO (BATEDORES 13 E 17 NO QTH);;1;;;;1;;;;1;;Longo da via;Bom;Não existe;Perfeito estado;Seca;Perfeito estado;Não existe;Não há placas;;Dupla;Faixa contínua;;
2020-09-11;12:47:00;COM VITIMA;FINALIZADA;BOA VIAGEM;RUA BARAO DE SOUZA LEAO;1000;;E/F A CLINICA VETERINARIA DOG MANIA.;BOA VIAGEM;;;ABALROAMENTO LONGITUDINAL;COLISÃO C/VITIMA ENTRE UM AUTO E UMA MOTO;1;1;;;;;;;;1;;Longo da via;Bom;Não existe;Perfeito estado;Seca;Perfeito estado;Não existe;;;;;;
2020-09-11;13:51:00;COM VITIMA;FINALIZADA;ROSARINHO;RUA DR JOSE MARIA;485;RUA GOMES DE MATOS JUNIOR;E/F AO EDF. VILA VELHA COLONIAL;ROSARINHO;;CIDADE;ABALROAMENTO TRANSVERSAL;COLISÃO C/VITIMA ENTRE UM AUTO E MOTO;1;1;;;;;;;;1;;Cruzamento;Bom;Não existe;Perfeito estado;Seca;Perfeito estado;Faixa de pedestre;Placas Pare;;Dupla;Faixa seccionada;;
2020-09-11;14:39:00;COM VITIMA;FINALIZADA;LINHA DO TIRO;RUA URIEL DE HOLANDA;417;RUA BARAO DE CARUARU;APÓS A UPINHA DA LINHA DO TIRO;LINHA DO TIRO;;SUBURBIO;ABALROAMENTO TRANSVERSAL;COLISÃO COM VITIMA ENTRE AUTO E MOTO.;1;1;;;;;;;;1;;Cruzamento;Bom;Não existe;Perfeito estado;Seca;Perfeito estado;Não existe;Outras;;Dupla;Não existe;;
2020-09-11;14:54:00;COM VITIMA;FINALIZADA;ENCRUZILHADA;RUA AMARO COUTINHO;372;RUA FORTALEZA;AO LADO DO BAR E RESTAURANTE DO TONHAO;ENCRUZILHADA;;CIDADE;ABALROAMENTO TRANSVERSAL;COLISAO ENTRE AUTO E MOTO COM VITIMA;1;1;;;;;;;;1;;Cruzamento;Bom;Não existe;Perfeito estado;Seca;Perfeito estado;;Placas Pare;;Dupla;Não existe;;