data;hora;natureza_acidente;situacao;bairro;endereco;numero;detalhe_endereco_acidente;complemento;bairro_cruzamento;num_semaforo;sentido_via;tipo;descricao;auto;moto;ciclom;ciclista;pedestre;onibus;caminhao;viatura;outros;vitimas;vitimasfatais;acidente_verificado;tempo_clima;situacao_semaforo;sinalizacao;condicao_via;conservacao_via;ponto_controle;situacao_placa;velocidade_max_via;mao_direcao;divisao_via1;divisao_via2;divisao_via3
2020-09-11;18:17:00;COM VITIMA;FINALIZADA;BOA VIAGEM;AV BOA VIAGEM;;RUA RIBEIRO DE BRITO;;BOA VIAGEM;;CIDADE;ABALROAMENTO LONGITUDINAL;COLISÃO ENTRE AUTO E MOTO- C/V;1;1;;;;;;;;1;;Cruzamento;Bom;Sem defeito;;Seca;Mal iluminada;Faixa de pedestre;Outras;60 km/h;Única;Faixa contínua;;
2020-09-11;19:22:00;COM VITIMA;FINALIZADA;CORDEIRO;AV MAURICIO DE NASSAU;;;PROX AO PORTAO DO EXPRESSO CIDADAO- EM FRENTE A CRECHE MUNICIPAL É LUTANDO QUE SE CONQUISTA.;CORDEIRO;;SUBURBIO;COLISÃO COM CICLISTA;COLISAO ENTRE MOTO E BICICLETA;;1;;1;;;;;;2;;Longo da via;Bom;Não existe;Perfeito estado;Seca;Perfeito estado;Não existe;Não há placas;;Dupla;Faixa contínua;;
2020-09-11;19:50:00;COM VITIMA;FINALIZADA;IPUTINGA;RUA MAURICEIA;;RUA GENERAL VARGAS;AO LADO DO ESTACIONAMENTO DOS PRÉDIOS DA ANTIGA SUDENE / PRÓX AO RHODES HOTEL;IPUTINGA;;SUBURBIO;ABALROAMENTO TRANSVERSAL;COLISÃO ENTRE AUTO E MOTO- C/V;1;1;;;;;;;;1;;Cruzamento;Bom;Não existe;Perfeito estado;Seca;Perfeito estado;Não existe;Placas Pare;30 km/h;Dupla;Não existe;;
2020-09-11;20:00:00;COM VITIMA;FINALIZADA;IPUTINGA;RUA BOM PASTOR;100;;AO LADO DO PRESÍDIO // EM FRENTE AO PETSHOP HS // PRÓX A PRAÇA DO BOM PASTOR. LIDER JATO.;IPUTINGA;;SUBURBIO;ABALROAMENTO TRANSVERSAL;COLISÃO ENTRE AUTO E MOTO- C/V;1;1;;;;;;;;1;;Longo da via;Bom;Não existe;Perfeito estado;Seca;Perfeito estado;Não existe;Outras;;Dupla;Faixa seccionada;;
2020-09-11;22:34:00;SEM ViTIMA;CANCELADA;CORDEIRO;AV CAXANGA;;RUA CAMBUCI;NO CRUZAMENTO;CORDEIRO;;;COLISÃO;COLISAO SEM VITIMAS COM SUSPEITA DE EMBRIAGUEZ;2;1;;;;;;;;0;;;;;;;;;;;;;;
2020-09-12;08:04:00;COM VITIMA;FINALIZADA;CASA AMARELA;AV NORTE;;COR DO BARTOLOMEU;EM FRENTE A BIKE NORTE;CASA AMARELA;79;CIDADE;COLISÃO TRASEIRA;COLISÃO ENTRE AUTO E ÔNIBUS COM UMA VÍTIMA;1;;;;;1;;;;1;;Longo da via;Bom;Sem defeito;Perfeito estado;Seca;Perfeito estado;Faixa de pedestre;Outras;;Dupla;Faixa contínua;;
2020-09-12;11:29:00;SEM ViTIMA;FINALIZADA;AFOGADOS;EST DOS REMEDIOS;126;;EM FRENTE AO SUPERMERCADO DULAR;AFOGADOS;;;ABALROAMENTO LONGITUDINAL;AUTO E VT-PM S/V;1;;;;;;;1;;0;;Longo da via;Bom;Não existe;Perfeito estado;Seca;Perfeito estado;;;;Dupla;Faixa contínua;;
2020-09-12;12:13:00;COM VITIMA;FINALIZADA;BOA VIAGEM;AVENIDA CELSO FURTADO (VIA MANGUE);;;PROX AO EXTRA NA VIA MANGUE S/T CID;BOA VIAGEM;;CIDADE;COLISÃO TRASEIRA;COLISAO ENRE AUTO E MOTO COM UMA VITIMA;1;1;;;;;;;;1;;Longo da via;Bom;Não existe;Perfeito estado;Seca;Perfeito estado;Não existe;Não há placas;;Dupla;Canteiro central;;
2020-09-12;12:31:00;COM VITIMA;FINALIZADA;ESPINHEIRO;RUA DO ESPINHEIRO;;RUA QUARENTA E OITO;NO SEMAFORO 166;ESPINHEIRO;166;CIDADE;ABALROAMENTO TRANSVERSAL;COLISAO ENTRE ONIBUS E MOTO COM UMA VITIMA;;1;;;;1;;;;1;;Cruzamento;Bom;Sem defeito;Perfeito estado;Seca;Perfeito estado;Faixa de pedestre;R-6a;;Única;Não existe;;
2020-09-12;18:41:00;COM VITIMA;FINALIZADA;PRADO;AV ENGENHEIRO ABDIAS DE CARVALHO;1373B;;PRÓX AO POSTO BR- AO LADO DA FACULDADE NASSAU;PRADO;;SUBURBIO;ABALROAMENTO LONGITUDINAL;ENTRE AUTO E MOTO. C/V;1;1;;;;;;;;1;;Longo da via;Bom;Não existe;Incompleta;Seca;Mal iluminada;Não existe;Não há placas;60 km/h;Dupla;Canteiro central;;
2020-09-12;20:52:00;COM VITIMA;CANCELADA;LINHA DO TIRO;RUA URIEL DE HOLANDA;;;E/F A PADARIA PÃO DE OURO E FARMACIA SINDICAL;LINHA DO TIRO;;;COLISÃO;AUTO X MOTO. C/V;1;1;;;;;;;;1;;;;;;;;;;;;;;
2020-09-12;21:57:00;COM VITIMA;FINALIZADA;CAMPO GRANDE;RUA FRANKLIN TAVORA;888;RUA FARIAS NEVES;ENF A MADEREIRA MADECOL. ALCOÓLICOS ANÔNIMOS.;CAMPO GRANDE;;SUBURBIO;ABALROAMENTO TRANSVERSAL;TITAN 150 X CITROEN;1;1;;;;;;;;1;;Cruzamento;Bom;Não existe;Incompleta;Seca;Mal conservada;Não existe;Não há placas;;Dupla;Não existe;;
2020-09-13;02:15:00;COM VITIMA;CANCELADA;CORDEIRO;AV CAXANGA;;;RUA CLAUDIO BROTHERHOOD;CORDEIRO;;CIDADE;COLISÃO;COLISÃO AUTO E MOTO (POSSIVELMENTE CONDUTOR ALCOOLIZADO);1;1;;;;;;;;1;;;;;;;;;;;;;;
2020-09-13;02:46:00;COM VITIMA;CANCELADA;CASA AMARELA;RUA PADRE LEMOS;734;;EM AO CENTRO COMERCIAL DE CASA AMARELA;CASA AMARELA;;;COLISÃO;ACIDENTE COM VITIMA;;1;;;;;;;;1;;;;;;;;;;;;;;
2020-09-13;05:01:00;COM VITIMA;FINALIZADA;TAMARINEIRA;AV CONS ROSA E SILVA;;;COM A RUA CÔNEGO BARATA;TAMARINEIRA;61;;COLISÃO;COLISÃO DOIS AUTOS;2;;;;;;;;;1;;;;;;;;;;;;;;
2020-09-13;07:24:00;COM VITIMA;FINALIZADA;BOA VIAGEM;RUA ERNESTO DE PAULA SANTOS;;RUA PROFESSOR JOAO MEDEIROS;EM FRENTE AO POSTO SHELL E FARMÁCIA DROGASIL.;BOA VIAGEM;329;CIDADE;ABALROAMENTO LONGITUDINAL;MOTO E AUTO BATEDORES NO QTH 15 / 30;1;1;;;;;;;;1;;Cruzamento;Bom;Sem defeito;Perfeito estado;Seca;Perfeito estado;Faixa de retenção;R-6a;;Única;Não existe;;
2020-09-13;16:45:00;COM VITIMA;FINALIZADA;SAN MARTIN;AV GENERAL SAN MARTIN;;RUA GOMES TABORDA;EM FRENTE AO DROGASIL;SAN MARTIN;67;;COLISÃO COM CICLISTA;COM UMA VITIMA -SAMU NO LOCAL/VT21 GCM LAIS ARAÚJO NO LOCAL;;1;;1;;;;;;1;;Cruzamento;Bom;Sem defeito;Perfeito estado;Seca;Perfeito estado;Faixa de pedestre;Outras;40 km/h;Dupla;Faixa contínua;;
2020-09-13;19:07:00;COM VITIMA;FINALIZADA;SANTO AMARO;AV CRUZ CABUGA;;RUA DOS PALMARES;EM FRENTE A ESTAÇÃO BRT.;SANTO AMARO;171;SUBURBIO;ABALROAMENTO TRANSVERSAL;COLISÃO ENTRE AUTO E MOTO- C/V;1;1;;;;;;;;1;;Cruzamento;Bom;Sem defeito;Perfeito estado;Seca;Perfeito estado;Faixa de pedestre;R-6a;;Dupla;Faixa seccionada;;
2020-09-14;10:11:00;COM VITIMA;FINALIZADA;VÁRZEA;AV PROFESSOR ARTUR DE SA;850;;PROXIMO AO CEMITÁRIO DA VÁRZEA E A UFPE.;VÁRZEA;;VÁRZEA;ABALROAMENTO LONGITUDINAL;COLISÃO COM VITIMA;1;1;;;;;;;;1;;Longo da via;Bom;Não existe;Perfeito estado;Seca;Perfeito estado;Não existe;Não há placas;;Dupla;Faixa contínua;;
2020-09-14;12:43:00;COM VITIMA;FINALIZADA;AFOGADOS;RUA DA PAZ;;;E/F A FABRICA DA ASA.;AFOGADOS;;SUBURBIO;ABALROAMENTO LONGITUDINAL;COLISÃO ENTRE DOIS CAMINHÕES E UMA MOTO.;;1;;;;;2;;;1;;Longo da via;Bom;Sem defeito;Perfeito estado;Seca;Perfeito estado;Faixa de pedestre;Não há placas;;Única;Não existe;;
2020-09-14;13:09:00;COM VITIMA;FINALIZADA;BOA VIAGEM;AV ENGENHEIRO DOMINGOS FERREIRA;2655;;EM FRENTE AO POSTO BR E PROXIMO A FARMACIA INDEPENDENTE/ PISTA DA DIREITA;BOA VIAGEM;;SUBURBIO;ABALROAMENTO TRANSVERSAL;COLISÃO COM VITIMA;1;1;;;;;;;;1;;Longo da via;Bom;;Perfeito estado;Seca;Perfeito estado;Não existe;Não há placas;;Única;Canteiro central;;
2020-09-14;14:43:00;COM VITIMA;FINALIZADA;ROSARINHO;RUA TELES JUNIOR;350;;EM FRENTE AO EDIFICIO QUINTA DAS LARANJEIRAS. LADO OPOSTO AO NÚMERO INFORMADO.;ROSARINHO;;;CHOQUE VEÍCULO PARADO;COLISÃO COM VITIMA;1;1;;;;;;;;1;;Longo da via;Bom;Não existe;Perfeito estado;Seca;Perfeito estado;Não existe;Não há placas;;Dupla;Faixa contínua;;
2020-09-14;15:10:00;COM VITIMA;FINALIZADA;IPUTINGA;AV CAXANGA;2636;;E/F AO ANTIGO PERNAMBUCO DA SRTE S/T CID VT 25 E 19 NO LOCAL . LADO OPOSTO A IGREJA VERBO DA VIDA.;IPUTINGA;;CIDADE;ATROPELAMENTO;COLISAO ENTRE MOTO E PEDESTRE;;1;;;1;;;;;1;;Longo da via;Bom;Sem defeito;Perfeito estado;Seca;Perfeito estado;Não existe;Não há placas;;Única;Canteiro central;;
2020-09-14;21:48:00;COM VITIMA;FINALIZADA;CAMPO GRANDE;RUA ODORICO MENDES;106;;PROX AO CLUBE DAS PÁS. RESIDENCIAL PREFEITO AUGUSTO LUCENA.;CAMPO GRANDE;;CIDADE;COLISÃO TRASEIRA;HONDA FIT X CG 150 MOTO;1;1;;;;;;;;1;;Longo da via;Bom;Não existe;Perfeito estado;Seca;Perfeito estado;Não existe;Outras;;Dupla;Faixa seccionada;;
2020-09-15;06:07:00;COM VITIMA;FINALIZADA;SANTO AMARO;AV GOVERNADOR AGAMENON MAGALHAES;;;E/F AO INSTITUTO CRIMINALISTICO DO RECIFE // VIA PRINCIPAL // SENT. JOANA BEZERRA;SANTO AMARO;49;SUBURBIO;ABALROAMENTO LONGITUDINAL;COLISÃO ENTRE UM ONIBUS E UMA MOTO;;1;;;;1;;;;2;;Longo da via;Bom;Sem defeito;Perfeito estado;Seca;Perfeito estado;Não existe;Outras;60 km/h;Dupla;Canal;;
2020-09-15;07:39:00;COM VITIMA;FINALIZADA;BEBERIBE;AV BEBERIBE;3390;;E/F A ARENA SHOW BAR;BEBERIBE;388;SUBURBIO;COLISÃO COM CICLISTA;COLISÃO ENTRE MOTO E BICICLEITA (V.T 32 NO QTH);;1;;1;;;;;;2;;Longo da via;Bom;Sem defeito;Perfeito estado;Seca;Perfeito estado;Outros;Outras;;Dupla;Faixa contínua;;
2020-09-15;10:21:00;COM VITIMA;FINALIZADA;JOANA BEZERRA;AV CENTRAL;5;RUA REALEZA;PROX AO CLUBE MOCIDADE DO COQUE;JOANA BEZERRA;;;ABALROAMENTO TRANSVERSAL;MOTO E AUTO;1;1;;;;;;;;1;;Cruzamento;Bom;Não existe;Não existente;Seca;Perfeito estado;Não existe;Não há placas;;Dupla;Não existe;;
2020-09-15;12:20:00;COM VITIMA;FINALIZADA;BOA VISTA;RUA DO HOSPICIO;;RUA PRINCESA IZABEL;EM FRENTE DA CAMARA MUNICIPAL DO RECIFE;BOA VISTA;31;CIDADE;ABALROAMENTO LONGITUDINAL;COLISÃO ENTRE AUTO E MOTO C/V;1;1;;;;;;;;1;;Cruzamento;Bom;Sem defeito;Perfeito estado;Seca;Perfeito estado;Agente;Outras;60 km/h;Única;Outros;;
2020-09-15;14:31:00;COM VITIMA;FINALIZADA;AFOGADOS;RUA VINTE E UM DE ABRIL;566;RUA JOAO BARRETO DE ACIOLY LINS;PROX AO ANTIGO LEILAO. EM FRENTE AO CENTRO AUTOMOTIVO JLX.;AFOGADOS;;SUBURBIO;COLISÃO FRONTAL;COLISÃO MOTO X MOTO;;2;;;;;;;;2;;Esquina;Bom;Não existe;Não existente;Seca;Perfeito estado;Não existe;Não há placas;;Dupla;Não existe;;
2020-09-15;19:40:00;COM VITIMA;FINALIZADA;IBURA;AV DOIS RIOS;;LAD DA COHAB;PRÓXIMO A LADEIRA. AO LADO DO HOTEL MALICE;IBURA;;SUBURBIO;ABALROAMENTO TRANSVERSAL;DUAS MOTOS;;2;;;;;;;;2;;Longo da via;Bom;Não existe;Perfeito estado;Seca;Perfeito estado;Não existe;Outras;;Dupla;Faixa contínua;;
2020-09-15;20:12:00;COM VITIMA;FINALIZADA;JORDÃO;AV DONA CARENTINA;33;;PRÓX AO TERMINAL DO JORDÃO ALTO // EM FRENTE AO POSTO DE SAÚDE DO JORDÃO ALTO;JORDÃO;;;ABALROAMENTO LONGITUDINAL;COLISÃO ENTRE AUTO E MOTO- C/V. (CONDUTOR DO VEÍCULO APRESENTA FORTES SINAIS DE EMBRIAGUEZ);1;1;;;;;;;;1;;Longo da via;Bom;Não existe;Não existente;Seca;Perfeito estado;Não existe;Não há placas;;Dupla;Não existe;;
2020-09-15;22:55:00;SEM ViTIMA;FINALIZADA;MACAXEIRA;RUA MARIA AMALIA;422;;PROXIMO AO CAMPO DO UNIÃO- AO LADO DA LACASA DE PASTEL OFICIAL- PROXIMO DO MERCADINHO BRASILEIRINHO;MACAXEIRA;;;CHOQUE;CONDUTOR PERDEU O CONTROLE DO VEÍCULO E CHOCOU-SE CONTRA O MURO DE UMA RESIDÊNCIA (POLICIAL MILITAR INFORMA QUE O CONDUTOR APRESENTA SINAIS DE EMBRIAGUEZ);1;;;;;;;;;0;;;;;;;;;;;;;;
2020-09-16;09:38:00;COM VITIMA;FINALIZADA;CORDEIRO;AV GENERAL SAN MARTIN;1208;;EM FRENTE AO COMPAZ;CORDEIRO;;NORTE/SUL;ABALROAMENTO LONGITUDINAL;CAMINHÃO E MOTO.;;1;;;;;1;;;1;;Longo da via;Bom;Não existe;Perfeito estado;Seca;Perfeito estado;Não existe;Não há placas;;Dupla;Faixa contínua;;
2020-09-16;10:46:00;COM VITIMA;FINALIZADA;PINA;AV HERCULANO BANDEIRA;483;;EM FRENTE A IGREJA CATOLICA;PINA;137;SUBURBIO;COLISÃO TRASEIRA;AUTO E MOTO C/V;1;1;;;;;;;;1;;Longo da via;Bom;Sem defeito;Perfeito estado;Seca;Perfeito estado;Não existe;Outras;60 km/h;Única;Faixa contínua;;
2020-09-16;11:16:00;SEM ViTIMA;FINALIZADA;BOA VISTA;AV CRUZ CABUGA;;;EM FRENTE AO COLÉGIO SIZENANDO SILVEIRA- PRÓXIMO AO PARQUE 13 MAIO.;BOA VISTA;;;COLISÃO;COLISÃO SEM ViTIMA ENTRE VIATURA DO TRANSPORTE E UMA MOTOCICLETA.;;1;;;;;;1;;0;;;;;;;;;;;;;;
2020-09-16;12:31:00;COM VITIMA;FINALIZADA;TEJIPIÓ;AV DR JOSE RUFINO;2802;;PROXIMO A BR 101;TEJIPIÓ;;CIDADE;ABALROAMENTO TRANSVERSAL;COLISÃO COM VITIMA / VÍTIMA SOCORRIDA PELO SAMU;1;1;;;;;;;;1;;Cruzamento;Bom;Não existe;Ilegível;Seca;Perfeito estado;Não existe;R-6a;;Dupla;Faixa contínua;;
2020-09-16;13:16:00;COM VITIMA;FINALIZADA;BOA VIAGEM;AV ENGENHEIRO DOMINGOS FERREIRA;1223;;EM FRENTE AO POSTO SHELL;BOA VIAGEM;;SUBURBIO;COLISÃO FRONTAL;COLISÃO COM VITIMA ENTRE AUTO E MOTO.;1;1;;;;;;;;1;;Longo da via;Bom;Não existe;Perfeito estado;Seca;Perfeito estado;Não existe;Não há placas;60 km/h;Única;Faixa seccionada;;
2020-09-16;17:10:00;COM VITIMA;FINALIZADA;ESPINHEIRO;AV JOAO DE BARROS;1500;;E/F AO MERCADO EXTRA VT 18 NO LOCAL;ESPINHEIRO;;SUBURBIO;COLISÃO TRASEIRA;COLISAO ENTRE AUTO E MOTO COM DUAS VITIMAS;1;1;;;;;;;;2;;Longo da via;Bom;Sem defeito;Perfeito estado;Seca;Perfeito estado;Faixa de pedestre;;40 km/h;Única;;;
2020-09-16;22:53:00;COM VITIMA;CANCELADA;SANCHO;2TR TRES DE AGOSTO;20;;E/F AO CENTRO DA JUVENTUDE - BIDU KRAUSE;SANCHO;;;COLISÃO;ENTRE AUTO E MOTO. C/V;1;1;;;;;;;;1;;;;;;;;;;;;;;
2020-09-17;11:49:00;COM VITIMA;FINALIZADA;BOA VISTA;RUA JOAO FERNANDES VIEIRA;405;;EM FRENTE AO CENTRO INTEGRADO DA CRIANÇA E DO ADOLESCENTE.;BOA VISTA;;CIDADE;COLISÃO TRASEIRA;COLISAO COM VITIMA MOTO E AUTO;1;1;;;;;;;;1;;Longo da via;Bom;Não existe;Perfeito estado;Seca;Perfeito estado;Faixa de pedestre;;;Única;Faixa contínua;;
2020-09-17;15:27:00;COM VITIMA;FINALIZADA;IPSEP;RUA PINTOR ANTONIO ALBUQUERQUE;322;;LADO OPOSTO AO Nº INFORMADO;IPSEP;;;ABALROAMENTO LONGITUDINAL;COLISÃO COM VITIMA E VT 17 SE DEPAROU COM A SITUAÇÃO;2;1;;;;;;;;2;;Longo da via;Bom;Não existe;;Seca;Perfeito estado;Não existe;;;Única;;;
2020-09-17;15:48:00;COM VITIMA;FINALIZADA;BOA VIAGEM;AVENIDA CELSO FURTADO (VIA MANGUE);;RUA PROFESSOR EDUARDO WANDERLEY FILHO;PRÓXIMO A RUA PROF. EDUARDO WANDERLEY FILHO;BOA VIAGEM;;CIDADE;COLISÃO TRASEIRA;COM VITIMA- GCM KELVYN .;1;1;;;;;;;;1;;Longo da via;Bom;Não existe;Perfeito estado;Seca;Perfeito estado;Outros;Outras;;Dupla;Canteiro central;;
2020-09-17;17:35:00;COM VITIMA;FINALIZADA;CORDEIRO;RUA GOMES TABORDA;;AV GENERAL SAN MARTIN;EM FRENTE AO ATACAREJO;CORDEIRO;67;SUBURBIO;ABALROAMENTO TRANSVERSAL;COLISÃO CARRO X MOTO / VT 024 NO LOCAL;1;1;;;;;;;;1;;Cruzamento;Bom;Sem defeito;Incompleta;Seca;Perfeito estado;Faixa de pedestre;R-6a;;Dupla;Faixa seccionada;;
2020-09-17;22:56:00;COM VITIMA;FINALIZADA;IBURA;AV RIO LARGO;;AV DOZE DE JUNHO;AO LADO DO PROAB ALIMENTOS;IBURA;512;SUBURBIO;ABALROAMENTO LONGITUDINAL;COLISÃO ENTRE ÔNIBUS E MOTO C/V;;1;;;;1;;;;1;;Cruzamento;Bom;Sem defeito;Perfeito estado;Seca;Perfeito estado;Faixa de pedestre;Outras;;Dupla;Não existe;;
2020-09-18;09:07:00;COM VITIMA;FINALIZADA;DERBY;RUA JENER DE SOUZA;449;RUA DA BAIXA VERDE;PRÓXIMO AO QUARTEL DO DERBY;DERBY;;MADALENA;ABALROAMENTO TRANSVERSAL;COLISÃO COM VITIMA ENTRE AUTO E MOTO.;1;1;;;;;;;;1;;Cruzamento;Bom;Não existe;Perfeito estado;Seca;Perfeito estado;;R-6a;40 km/h;Dupla;Canteiro central;;
2020-09-18;13:16:00;COM VITIMA;FINALIZADA;ENGENHO DO MEIO;RUA FRANCISCO BEZERRA MONTEIRO;423;RUA GOVERNADOR LOPO GARRO;NAE - NÚCLEO DE APOIO AOS ESTUDANTES.;ENGENHO DO MEIO;;SUBURBIO;ABALROAMENTO LONGITUDINAL;COLISÃO COM VITIMA;1;1;;;;;;;;1;;Cruzamento;Bom;Não existe;;Seca;Perfeito estado;Não existe;Placas Pare;;Dupla;Não existe;;
2020-09-18;13:48:00;COM VITIMA;FINALIZADA;BOMBA DO HEMETÉRIO;RUA SAO BENTO;84;;NA ENTRADA DA BOMBA DO HEMETERIO;BOMBA DO HEMETÉRIO;;SUBURBIO;COLISÃO;COLISAO ENTRE AUTO E MOTO COM UMA VITIMA;1;1;;;;;;;;1;;Longo da via;Bom;Não existe;Perfeito estado;Seca;Perfeito estado;Não existe;Outras;;Única;Faixa seccionada;;
2020-09-18;15:21:00;COM VITIMA;FINALIZADA;BOA VIAGEM;RUA WALDEMAR NERY CARNEIRO MONTEIRO;628;RUA JOAO CARDOSO AIRES;EM FRENTE A CLINICA VETERINARIA VETCENTER;BOA VIAGEM;;SUBURBIO;ABALROAMENTO LONGITUDINAL;COLISÃO COM VITIMA;1;1;;;;;;;;1;;Cruzamento;Bom;Não existe;Perfeito estado;Seca;Perfeito estado;Faixa de pedestre;Placas Pare;;Dupla;Faixa seccionada;;
2020-09-18;16:22:00;COM VITIMA;FINALIZADA;PARNAMIRIM;EST DAS UBAIAS-;105;RUA RAIMUNDO FREIXEIRA;E/F AO SUPERMERCADO BOM DEMAIS;PARNAMIRIM;;SUBURBIO;COLISÃO COM CICLISTA;AUTO E BICICLETA;1;;;1;;;;;;1;;Longo da via;Bom;Não existe;Perfeito estado;Seca;Perfeito estado;Não existe;Outras;40 km/h;Dupla;Faixa seccionada;;
2020-09-18;22:28:00;COM VITIMA;CANCELADA;AREIAS;RUA IPOJUCA;483;;PRÓX A PRAÇA HEROIS DA RESTAURAÇÃO / E/F A RC VIDROS;AREIAS;;;COLISÃO COM CICLISTA;CICLISTA X MOTO. C/V;1;;;1;;;;;;2;;;;;;;;;;;;;;
2020-09-19;13:58:00;COM VITIMA;FINALIZADA;ARRUDA;RUA DA REGENERACAO;312;;PROX A CLIMA GELAR;ARRUDA;;;COLISÃO;COLISAO COM VITIMAS ENTRE AUTO E MOTO;1;1;;;;;;;;1;;;;;;;;;;;;;;
2020-09-19;14:11:00;SEM ViTIMA;FINALIZADA;MACAXEIRA;AV JOSE AMERICO DE ALMEIDA;;AV NORTE;PRÓXIMO A CHURRASCARIA NORTE GRILL;MACAXEIRA;;;COLISÃO TRASEIRA;UM DOS CONDUTORES COM SUSPEITA DE EMBRIAGUEZ;2;;;;;;;;;0;;Cruzamento;Bom;Não existe;Perfeito estado;Seca;;Faixa de pedestre;Placas Pare;;Dupla;Canteiro central;;
2020-09-19;16:37:00;COM VITIMA;FINALIZADA;CASA AMARELA;EST DO ARRAIAL;;RUA DA HARMONIA;EM FRENTE A IGREJA DA HARMONIA;CASA AMARELA;74;;ATROPELAMENTO;CARRO ATROPELOU PEDESTRE;1;;;;1;;;;;1;;;;;;;;;;;;;;
2020-09-19;16:50:00;COM VITIMA;FINALIZADA;MADALENA;RUA BENFICA;;;PROX AO CAMPO DO SPORT. AO LADO DA PRAÇA DA BANDEIRA- APÓS O TÚNEL CHICO SCIENCE.;MADALENA;;SUBURBIO;COLISÃO;COLISÃO MOTO E CARRO;1;1;;;;;;;;1;;Outros;Bom;Não existe;Perfeito estado;Seca;Mal conservada;Não existe;Outras;;Única;;;
2020-09-19;17:20:00;COM VITIMA;FINALIZADA;IPSEP;AV RECIFE;2677;;NA FRENTE DA PIZZARIA ATLANTICO;IPSEP;;SUBURBIO;ABALROAMENTO LONGITUDINAL;COLISÃO MOTO E CARRO;1;1;;;;;;;;1;;Longo da via;Bom;Sem defeito;Perfeito estado;Seca;Perfeito estado;;;;;;;
2020-09-19;18:24:00;COM VITIMA;CANCELADA;CAMPO GRANDE;AV GOVERNADOR AGAMENON MAGALHAES;;;PROXIMO DA FABRICA TACARUNA;CAMPO GRANDE;;;COLISÃO;COLISÃO ENTRE DOIS AUTOS C/V;2;;;;;;;;;2;;;;;;;;;;;;;;
2020-09-19;21:04:00;SEM ViTIMA;CANCELADA;TORRE;RUA JOSE BONIFACIO;481;RUA PADRE ANCHIETA;AO LADO DO MINUTO PÃO DE AÇUCAR;TORRE;;;COLISÃO;COLISÃO ENTRE DOIS AUTOS S/V- UMA DAS PARTES APRESENTA SINTOMAS DE EMBRIAGUEZ;2;;;;;;;;;0;;;;;;;;;;;;;;
2020-09-19;21:28:00;SEM ViTIMA;FINALIZADA;COQUEIRAL;RUA ANANIAS CATANHO;431;;EM FRENTE AO Nº 431;COQUEIRAL;;SUBURBIO;CHOQUE VEÍCULO PARADO;COLISÃO ENTRE DOIS AUTOS S/V- UMA DAS PARTES APRESENTA SINTOMAS DE EMBRIAGUEZ;2;;;;;;;;;0;;Longo da via;Bom;Não existe;;Seca;Perfeito estado;Não existe;Não há placas;;Dupla;Não existe;;
2020-09-19;22:24:00;COM VITIMA;FINALIZADA;ESPINHEIRO;RUA DO ESPINHEIRO;;RUA AMELIA;APÓS O HOSPTAL ESPINHEIRO;ESPINHEIRO;195;CIDADE;ABALROAMENTO TRANSVERSAL;COLISÃO ENTRE AUTO E MOTO C/V;1;1;;;;;;;;2;;Cruzamento;Bom;Desligado;Perfeito estado;Seca;Perfeito estado;Faixa de pedestre;Outras;;;;;
2020-09-20;07:37:00;COM VITIMA;FINALIZADA;IMBIRIBEIRA;AV MARECHAL MASCARENHAS DE MORAES;2716;RUA JORNALISTA CLEOFHAS DE OLIVEIRA;EM FRENTE AO GERALDÃO- SENT. AEROPORTO;IMBIRIBEIRA;290;SUBURBIO;COLISÃO TRASEIRA;MOTO E AUTO C/V;1;1;;;;;;;;1;;Cruzamento;Bom;Sem defeito;Perfeito estado;Seca;Perfeito estado;Faixa de pedestre;Não há placas;60 km/h;Dupla;Faixa contínua;Faixa seccionada;Canteiro central
2020-09-20;11:13:00;COM VITIMA;FINALIZADA;BOA VIAGEM;AV BOA VIAGEM;328;;EM FRENTE AS QUADRAS DE TÊNIS. EDF. ARAUCÁRIA.;BOA VIAGEM;;CIDADE;COLISÃO TRASEIRA;INFORMES QUE UM CONDUTOR PERDEU O CONTROLE DO VEÍCULO-COLIDIU COM OUTRO VEÍCULO (POLO COM SUA CONDUTORA TAMBÉM VITIMADA) E COM 2 BICICLETAS.;2;;;2;;;;;;3;;Longo da via;Bom;Sem defeito;Perfeito estado;Seca;Perfeito estado;Não existe;Outras;60 km/h;Única;Faixa seccionada;;
2020-09-20;16:39:00;COM VITIMA;FINALIZADA;IBURA;AV DOIS RIOS;704;RUA RIO DO OESTE;APOS O POSTO TOTAL AO LADO DA COPE S/T BR;IBURA;325;SUBURBIO;ABALROAMENTO TRANSVERSAL;COLISAO ENTRE MOTO E AUTO;1;1;;;;;;;;2;;Esquina;Bom;Sem defeito;Perfeito estado;Seca;Perfeito estado;Faixa de pedestre;R-6a;;Dupla;Faixa contínua;;
2020-09-20;18:57:00;SEM ViTIMA;FINALIZADA;VÁRZEA;AV PREFEITO ANTONIO PEREIRA;;;TERMINAL INTEGRADO DE PASSAGEIRO;VÁRZEA;;CIDADE;ABALROAMENTO LONGITUDINAL;COLISÃO ENTRE VT DA POLICIA MILITAR E ÔNIBUS. S/V;1;;;;;1;;;;0;;;Bom;Não existe;Não existente;Seca;Perfeito estado;Não existe;Não há placas;;Dupla;Canteiro central;;
2020-09-20;19:20:00;SEM ViTIMA;FINALIZADA;PINA;AV ANTONIO DE GOES;;PTE AGAMENON MAGALHAES;NA SUBIDA DA PONTE DO PINA;PINA;;;CHOQUE OBJETO FIXO;VEICULO CHOCOU-SE CONTRA UM POSTE E INCENDIOU-SE- EM SEGUIDA. CORPO DE BOMBEIROS NO LOCAL.;;;;;;;;;;0;;;;;;;;;;;;;;