data;hora;natureza_acidente;situacao;bairro;endereco;numero;detalhe_endereco_acidente;complemento;bairro_cruzamento;num_semaforo;sentido_via;tipo;descricao;auto;moto;ciclom;ciclista;pedestre;onibus;caminhao;viatura;outros;vitimas;vitimasfatais;acidente_verificado;tempo_clima;situacao_semaforo;sinalizacao;condicao_via;conservacao_via;ponto_controle;situacao_placa;velocidade_max_via;mao_direcao;divisao_via1;divisao_via2;divisao_via3
2020-09-21;01:01:00;SEM ViTIMA;FINALIZADA;BOA VIAGEM;AV ENGENHEIRO DOMINGOS FERREIRA;2025;;E/F A LOJA PETLAND;BOA VIAGEM;;SUBURBIO;CHOQUE OBJETO FIXO;VEICULO CHOCOU-SE CONTRA UM POSTE E FOI ABANDONADO ATRAVESSADO NA VIA.;1;;;;;;;;;0;;Longo da via;Bom;Não existe;Perfeito estado;Seca;Perfeito estado;Não existe;R-6a;60 km/h;Única;Faixa seccionada;Canteiro central;
2020-09-21;08:54:00;SEM ViTIMA;FINALIZADA;PINA;AV ANTONIO DE GOES;;;INÍCIO DA PONTE GOVERNADOR PAULO GUERRA;PINA;;CIDADE;CHOQUE OBJETO FIXO;;1;;;;;;;;;;0;Longo da via;Bom;Não existe;Ilegível;Seca;Mal iluminada;Não existe;;60 km/h;Única;Canteiro central;;
2020-09-21;09:10:00;COM VITIMA;FINALIZADA;IBURA;AV DOIS RIOS;1347;;EM FRENTE AO COSULTORIO MEDICO DO IBURA. PRÓXIMO AO CONSELHO TUTELAR.;IBURA;;CIDADE;ABALROAMENTO TRANSVERSAL;COM UMA VITIMA SOCORRIDA PELO SAMU/GM TORRES PONTO FIXO;1;1;;;;;;;;1;;Longo da via;Bom;Não existe;Ilegível;Seca;Perfeito estado;Não existe;Não há placas;;Dupla;Não existe;;
2020-09-21;11:09:00;COM VITIMA;CANCELADA;TORRE;RUA JOSE BONIFACIO;359;;PROX. A JOÃO DA CARNE DE SOL;TORRE;;;COLISÃO;COLISÃO C/VITIMA ENTRE UM AUTO E UMA MOTO;1;1;;;;;;;;1;;;;;;;;;;;;;;
2020-09-21;11:28:00;COM VITIMA;FINALIZADA;ENGENHO DO MEIO;RUA MAURICEIA;190;;E/F AO COLEGIO SABER;ENGENHO DO MEIO;652;;ABALROAMENTO LONGITUDINAL;COLISÃO C/VITIMA ENTRE UM AUTO E UMA MOTO;1;1;;;;;;;;1;;Longo da via;Bom;Sem defeito;Incompleta;Seca;Perfeito estado;Faixa de pedestre;Outras;30 km/h;Dupla;Não existe;;
2020-09-21;19:30:00;COM VITIMA;FINALIZADA;IPUTINGA;AV CAXANGA;5362;;EM FRENTE AO CAXANGÁ GOLF CLUB;IPUTINGA;;SUBURBIO;ABALROAMENTO TRANSVERSAL;COLISÃO ENTRE AUTO E MOTO- COM VITIMAS;1;1;;;;;;;;1;;Longo da via;Bom;Não existe;Perfeito estado;Seca;Perfeito estado;Não existe;Não há placas;;Única;Faixa contínua;;
2020-09-22;07:01:00;COM VITIMA;FINALIZADA;IMBIRIBEIRA;AV MARECHAL MASCARENHAS DE MORAES;2777;;NO SENTIDO CIDADE  EM FRENTE A GMAG ESTOFADOS.;IMBIRIBEIRA;;CIDADE;CHOQUE VEÍCULO PARADO;COLISÃO COM VITIMA A ESPERA DO SAMU;2;1;;;;;;;;1;;Longo da via;Bom;Não existe;Perfeito estado;Seca;Perfeito estado;Não existe;Não há placas;60 km/h;Única;Faixa contínua;Faixa seccionada;
2020-09-22;07:43:00;COM VITIMA;FINALIZADA;SAN MARTIN;RUA VINTE E UM DE ABRIL;2130;;EM FRENTE A  PADARIA VINTE UM DE ABRIL;SAN MARTIN;;SUBURBIO;ATROPELAMENTO;VITIMA SOCORRIDA PELOS BOMBEIROS;1;;;;1;;;;;1;;Longo da via;Bom;Sem defeito;Não existente;Seca;Perfeito estado;Não existe;Outras;40 km/h;Dupla;Não existe;;
2020-09-22;07:47:00;COM VITIMA;FINALIZADA;DERBY;AV GOVERNADOR AGAMENON MAGALHAES;;RUA DOM BOSCO;EM FRENTE AO HOSPITAL DA RESTAURAÇÃO. PISTA CENTRAL.;DERBY;174;BOA VIAGEM;COLISÃO TRASEIRA;COM VITIMA;1;1;;;;;;;;1;;Longo da via;Bom;Sem defeito;Perfeito estado;Seca;Perfeito estado;Agente;Outras;60 km/h;Dupla;Canteiro central;;
2020-09-22;08:00:00;COM VITIMA;FINALIZADA;VASCO DA GAMA;RUA VASCO DA GAMA;1688;RUA BREJO BONITO;NA SUBIDA DO VISGUEIRO;VASCO DA GAMA;;;COLISÃO FRONTAL;MOTO E ONIBUS C/V;;1;;;;1;;;;1;;Longo da via;Bom;Não existe;Não existente;Seca;Mal conservada;Não existe;Não há placas;40 km/h;Dupla;Não existe;;
2020-09-22;08:43:00;COM VITIMA;FINALIZADA;IPSEP;RUA HELIO BRANDAO;135;RUA ADERBAL DE MELO;EM FRENTE AO CHAMBARIL E FEIJOADA DO JOÃO;IPSEP;;;ABALROAMENTO TRANSVERSAL;MOTO E AUTO C/V PONTO FIXO GM-CONCEIÇÃO;1;1;;;;;;;;1;;Cruzamento;Bom;Não existe;Perfeito estado;Seca;Perfeito estado;;Placas Pare;30 km/h;Única;Faixa seccionada;;
2020-09-22;09:23:00;COM VITIMA;FINALIZADA;TORRÕES;AV ENGENHEIRO ABDIAS DE CARVALHO;;RUA TIJUCAS;CHESF;TORRÕES;422;CIDADE;TOMBAMENTO;QUEDA DE MOTO.;;1;;;;;;;;1;;Longo da via;Bom;Sem defeito;Perfeito estado;Seca;Perfeito estado;Faixa de pedestre;Não há placas;;Única;Canteiro central;;
2020-09-22;15:10:00;COM VITIMA;FINALIZADA;PARNAMIRIM;RUA FERREIRA LOPES;141;RUA DA ESTRELA;CONSULADO;PARNAMIRIM;;;ABALROAMENTO TRANSVERSAL;COM VITIMA;;2;;;;;;;;1;;Cruzamento;Bom;Não existe;Perfeito estado;Seca;Perfeito estado;;Outras;40 km/h;Dupla;Faixa seccionada;;
2020-09-22;16:07:00;COM VITIMA;FINALIZADA;SÃO JOSÉ;AV SUL;;;POR TRAS DO FORTE DAS CINCO PONTAS. POSTE B015690.;SÃO JOSÉ;;CIDADE;COLISÃO;COLISÃO COM VITIMA;3;;;;;;;;;1;;Longo da via;Bom;Não existe;Perfeito estado;Seca;Perfeito estado;Não existe;Outras;60 km/h;Única;Faixa seccionada;;
2020-09-23;08:35:00;SEM ViTIMA;FINALIZADA;SÃO JOSÉ;VDO DAS CINCO PONTAS;;;;SÃO JOSÉ;;;CHOQUE OBJETO FIXO;NEW BEATLES;;;;;;;;;;0;;Viaduto;Bom;Não existe;Perfeito estado;Seca;Perfeito estado;Não existe;Não há placas;n/i;Única;Canteiro central;;
2020-09-23;11:15:00;COM VITIMA;FINALIZADA;PRADO;RUA CARLOS GOMES;;;EM FRENTE AO HOSPITAL NOSSA SENHORA DO Ó;PRADO;;;COLISÃO;HONDA TITAN / HYUNDAI HB 20;1;1;;;;;;;;1;;;;;;;;;;;;;;
2020-09-23;14:41:00;COM VITIMA;FINALIZADA;ESTÂNCIA;AV RECIFE;;;APÓS O BIG BOM PREÇO. LADO OPOSTO A FARMÁCIA PAGUE MENOS.;ESTÂNCIA;;SUBURBIO;ABALROAMENTO LONGITUDINAL;MOTO X VEÍCULO;1;1;;;;;;;;1;;Longo da via;Bom;Sem defeito;Perfeito estado;Seca;Perfeito estado;Não existe;Outras;;Dupla;Canteiro central;;
2020-09-23;15:41:00;SEM ViTIMA;FINALIZADA;ILHA JOANA BEZERRA;VDO PAPA JOAO PAULO II;;;;ILHA JOANA BEZERRA;;BOA VIAGEM;COLISÃO;QYB4355 VOYAGE VIATURA 15 CTTU X PDE4D32 HONDA;;;;;;;;;;0;;;;;;;;;;;;;;
2020-09-23;18:01:00;COM VITIMA;FINALIZADA;DERBY;AV GOVERNADOR AGAMENON MAGALHAES;;RUA HENRIQUE DIAS;;DERBY;68;CIDADE;ABALROAMENTO LONGITUDINAL;COM VITIMA;1;1;;;;;;;;1;;Cruzamento;Bom;Sem defeito;Perfeito estado;Seca;Perfeito estado;Faixa de pedestre;Não há placas;60 km/h;Única;;;
2020-09-23;20:40:00;COM VITIMA;FINALIZADA;BEBERIBE;AV BEBERIBE;4250;;;BEBERIBE;;SUBURBIO;ATROPELAMENTO;ACIDENTE COM VITIMA ENTRE MOTO E BICICLETA.;;1;;;1;;;;;2;;Longo da via;Bom;Não existe;Perfeito estado;Seca;Perfeito estado;Não existe;Outras;40 km/h;Dupla;Faixa contínua;;
2020-09-24;08:29:00;COM VITIMA;FINALIZADA;FUNDÃO;AV BEBERIBE;2584;;EM FRENTE AO ARMAZÉM LOJAS CONSTRUINDO.;FUNDÃO;;SUBURBIO;COLISÃO COM CICLISTA;COLISÃO COM VITIMA MOTO E CICLISTA;;1;;1;;;;;;3;;Longo da via;Bom;Não existe;Perfeito estado;Seca;Perfeito estado;Não existe;Não há placas;;Dupla;Faixa contínua;;
2020-09-24;09:48:00;COM VITIMA;FINALIZADA;IMBIRIBEIRA;AV MARECHAL MASCARENHAS DE MORAES;4075;RUA CORONEL FABRICIANO;PRÓX. AO ATACADO DOS PRESENTES;IMBIRIBEIRA;310;CIDADE;ABALROAMENTO LONGITUDINAL;CAMINHÃO X MOTOCICLETA;;1;;;;;1;;;1;;Cruzamento;Bom;Sem defeito;Perfeito estado;Seca;Perfeito estado;Outros;Não há placas;60 km/h;Única;Faixa seccionada;Canteiro central;
2020-09-24;09:48:00;COM VITIMA;FINALIZADA;IMBIRIBEIRA;AV MARECHAL MASCARENHAS DE MORAES;;;ÁREA DE DESEMBARQUE DO AEROPORTO APÓS A PORTA A6. PORTÃO DE CARGA DO ANTIGO TERMINAL DO AEROPORTO.;IMBIRIBEIRA;;SUBURBIO;CHOQUE OBJETO FIXO;VEÍCULO CHOCOU-SE COM GRADIL DA ÁREA DE CARGA E DESCARGA;1;;;;;;;;;1;;Longo da via;Bom;Não existe;Perfeito estado;Seca;Perfeito estado;Outros;Outras;;Única;Não existe;;
2020-09-24;13:37:00;SEM ViTIMA;FINALIZADA;BOA VIAGEM;RUA DOM JOSE LOPES;747;;PANIFICADORA J. LORENA;BOA VIAGEM;;;COLISÃO;COLISÃO SEM ViTIMAS ENTRE 2 AUTOS. SENDO 1 DELES- VEÍCULO OFICIAL.;2;;;;;;;;;0;;Longo da via;Bom;Não existe;Perfeito estado;Seca;Perfeito estado;Não existe;Não há placas;n/i;Única;Não existe;;
2020-09-24;19:42:00;COM VITIMA;FINALIZADA;DOIS IRMÃOS;RUA DOIS IRMAOS;;;E/F AO HORTO DE DOIS IRMÃOS E AO LAFEPE.;DOIS IRMÃOS;;SUBURBIO;COLISÃO TRASEIRA;COLISÃO C/VITIMA (AUTO X MOTO);1;1;;;;;;;;1;;Longo da via;Bom;Não existe;Perfeito estado;Seca;Perfeito estado;;R-19;60 km/h;Dupla;Não existe;;
2020-09-25;16:32:00;COM VITIMA;FINALIZADA;CORDEIRO;AV CAXANGA;1845;;PROX A CENTROCAR;CORDEIRO;;CIDADE;ATROPELAMENTO;AUTO- MOTO E PEDESTRE;1;1;;;1;;;;;1;;Longo da via;Bom;Não existe;Incompleta;Seca;Perfeito estado;Não existe;Não há placas;;Dupla;Faixa seccionada;;
2020-09-25;16:52:00;COM VITIMA;FINALIZADA;CAMPO GRANDE;AV PROFESSOR JOSE DOS ANJOS;116A;;E/F A SUB ESTAÇAO DA COMPESA;CAMPO GRANDE;;CAMPO GRANDE;COLISÃO FRONTAL;COLISAO COM VITIMA ENTRE AUTO E MOTO;1;1;;;;;;;;1;;Longo da via;Bom;Não existe;Não existente;Seca;Perfeito estado;Não existe;Não há placas;;Inglesa;Não existe;;
2020-09-25;17:43:00;COM VITIMA;FINALIZADA;IPUTINGA;AV CAXANGA;3516;RUA SAO MATEUS;LOGO APOS O CRUZAMENTO DO POSTO PETROCAL - BR. LADO OPOSTO AO CARTÓRIO DA VÁRZEA.;IPUTINGA;229;CIDADE;ABALROAMENTO LONGITUDINAL;MOTOCICLISTA ULTRAPASSANDO PELA DIREITA COLIDIU E CAIU AO LADO DO CARRO GUINCHO. ACIDENTE FLAGRADO PELA CÂMARA DA CTTU NO HORÁRIO 16h18min.;;1;;;;;1;;;1;;Longo da via;Bom;Sem defeito;Perfeito estado;Seca;Perfeito estado;Faixa de pedestre;Outras;;Dupla;Não existe;;
2020-09-26;04:50:00;COM VITIMA;FINALIZADA;AREIAS;AV RECIFE;97;;EM FRENTE AO MAKRO SENTIDO UFPE- NA SUBIDA DO VIADUTO ULISSES GUIMARÃES.;AREIAS;;CIDADE;COLISÃO TRASEIRA;AUTO E MOTO.;1;1;;;;;;;;1;;Longo da via;Bom;Não existe;Perfeito estado;Seca;Mal conservada;Não existe;Não há placas;60 km/h;;Faixa seccionada;;
2020-09-26;07:24:00;COM VITIMA;FINALIZADA;ÁGUA FRIA;RUA DA REGENERACAO;1122;;EM FRENTE A ANTIGA FABRICA DA COCA COLA;ÁGUA FRIA;;SUBURBIO;COLISÃO FRONTAL;COLISÃO COM VITIMA;1;1;;;;;;;;1;;Longo da via;Bom;Não existe;Incompleta;Seca;Mal conservada;Não existe;Não há placas;;Dupla;Não existe;;
2020-09-26;10:45:00;COM VITIMA;FINALIZADA;ILHA DO RETIRO;AV BEIRA RIO;400;;AO LADO DO SPORT CLUBE DO RECIFE NO SENTIDO TUNEL CHICO  SCIENCE. LADO OPOSTO AO Nº INFORMADO.;ILHA DO RETIRO;;ILHA DO RETIRO;COLISÃO TRASEIRA;COLISÃO COM VITIMA;1;1;;;;;;;;1;;Longo da via;Bom;Não existe;Perfeito estado;Seca;Perfeito estado;Não existe;R-6a;;Dupla;Faixa seccionada;;
2020-09-26;17:50:00;COM VITIMA;FINALIZADA;MANGABEIRA;AV NORTE;;RUA GUIMARAES PEIXOTO;PROXIMO AO SESC;MANGABEIRA;96;CIDADE;CHOQUE OBJETO FIXO;COLISÃO COM VITIMA ENTRE DUAS MOTOS E UM AUTO;1;2;;;;;;;;3;;Longo da via;Bom;Sem defeito;Perfeito estado;Seca;Perfeito estado;Faixa de pedestre;Outras;;Dupla;Canteiro central;;
2020-09-26;22:19:00;COM VITIMA;FINALIZADA;ILHA JOANA BEZERRA;PTE JOSE DE BARROS LIMA;;;PROXIMO A PASSARELA;ILHA JOANA BEZERRA;;BOA VIAGEM;ATROPELAMENTO;COLISÃO MOTO E PEDESTRE;;1;;;2;;;;;3;;Ponte;Bom;Não existe;Perfeito estado;Seca;Perfeito estado;;Não há placas;60 km/h;Dupla;Canteiro central;;
2020-09-27;09:01:00;COM VITIMA;FINALIZADA;DOIS UNIDOS;RUA VISCONDE DE GARRETT;142;;EM FRENTE AO EDUCANDARIO JARDIM GETSEMANI. PRÓXIMO A ASSEMBLEIA DE DEUS.;DOIS UNIDOS;;;COLISÃO FRONTAL;COLISÃO COM DUAS VITIMAS AGUARDANDO O SAMU;;2;;;;;;;;2;;Longo da via;Bom;Não existe;Perfeito estado;Seca;Perfeito estado;Não existe;Não há placas;;;Não existe;;
2020-09-27;09:24:00;COM VITIMA;FINALIZADA;BOA VIAGEM;RUA DEZ DE JULHO;210;RUA CAMBOIM;EM FRENTE A LOJA MAISON CRISTAL;BOA VIAGEM;;CIDADE;ABALROAMENTO TRANSVERSAL;MOTO E AUTO;1;1;;;;;;;;1;;Longo da via;Bom;Não existe;Perfeito estado;Seca;Perfeito estado;Não existe;Não há placas;40 km/h;Única;Faixa seccionada;;
2020-09-27;10:53:00;COM VITIMA;FINALIZADA;ARRUDA;RUA DA REGENERACAO;1147;RUA CLARA;E/F HYANNAH ESPAÇO DE EVENTOS;ARRUDA;;SUBURBIO;ABALROAMENTO LONGITUDINAL;COLISÃO C/VITIMA ENTRE UM AUTO E UMA MOTO;1;1;;;;;;;;1;;Cruzamento;Bom;Não existe;Não existente;Seca;Perfeito estado;Não existe;Não há placas;;Dupla;Não existe;;
2020-09-27;19:25:00;COM VITIMA;FINALIZADA;IMBIRIBEIRA;AV SUL;;;AO LADO DA ESTAÇAO ANTONIO FALCAO;IMBIRIBEIRA;;SUBURBIO;ABALROAMENTO LONGITUDINAL;COLISAO ENTRE AUTO E MOTO COM VITIMA;1;1;;;;;;;;1;;Longo da via;Chuvoso;Não existe;Perfeito estado;Molhada;Perfeito estado;Não existe;Não há placas;30 km/h;Dupla;Não existe;;
2020-09-27;21:28:00;COM VITIMA;FINALIZADA;CASA AMARELA;RUA CONS NABUCO;292;;PROX AO BOMPREÇO;CASA AMARELA;;;ATROPELAMENTO;ATROPELAMENTO DE PEDESTRE;;1;;;1;;;;;1;;Longo da via;Chuvoso;Não existe;Perfeito estado;Molhada;Perfeito estado;Não existe;Não há placas;;Dupla;Não existe;;
2020-09-27;21:49:00;COM VITIMA;FINALIZADA;SANTO AMARO;AV NORTE;754;3TR TREZE DE MAIO;NO CRUZAMENTO;SANTO AMARO;;SUBURBIO;COLISÃO TRASEIRA;AUTO E MOTO. O CONDUTOR DO AUTO SE EVADIU.;1;1;;;;;;;;1;;Longo da via;Bom;Não existe;Perfeito estado;Seca;Perfeito estado;Não existe;Não há placas;;Única;Faixa seccionada;;
2020-09-28;07:15:00;COM VITIMA;FINALIZADA;JORDÃO;AV MARIA IRENE;1064;RUA CRISTALIA;TERMINAL DA VAN;JORDÃO;;CIDADE;ABALROAMENTO LONGITUDINAL;COM VITIMA. MICROÔNIBUS E MOTOCICLETA;;1;;;;1;;;;1;;Longo da via;Bom;Não existe;Perfeito estado;Seca;Perfeito estado;Não existe;Não há placas;60 km/h;Dupla;Faixa contínua;;
2020-09-28;10:13:00;SEM ViTIMA;FINALIZADA;ENCRUZILHADA;RUA CASTRO ALVES;;;PROX A PRAÇA DA PICANHA  EM FRENTE A LOJA ENCRUZILHADA VIDROS;ENCRUZILHADA;;SUBURBIO;COLISÃO;COLISÃO SEM VITIMAS;2;;;;;;;;;0;;;;;;;;;;;;;;
2020-09-28;11:05:00;COM VITIMA;FINALIZADA;IMBIRIBEIRA;AV MARECHAL MASCARENHAS DE MORAES;4745;;APOS O AEROPORTO- ANTES DO ATACADOL DOS PRESENTES;IMBIRIBEIRA;;CIDADE;COLISÃO COM CICLISTA;VITIMA JA FOI ENCAMINHADA PARA O HOSPITAL. ÔNIBUS E CICLISTA.;;;;1;;1;;;;1;;Longo da via;Bom;Sem defeito;Perfeito estado;Seca;Perfeito estado;Faixa de pedestre;Não há placas;;Dupla;Canteiro central;;
2020-09-28;13:19:00;COM VITIMA;FINALIZADA;IPSEP;RUA HELIO BRANDAO;135;RUA ADERBAL DE MELO;EM FRENTE AO CHAMBARIL DO JOÃO;IPSEP;;;ABALROAMENTO TRANSVERSAL;COLISÃO COM VITIMA;1;1;;;;;;;;1;;Cruzamento;Bom;Não existe;Perfeito estado;Seca;Perfeito estado;Outros;Placas Pare;;Única;Faixa seccionada;;
2020-09-29;00:28:00;COM VITIMA;CANCELADA;AFOGADOS;RUA DA PAZ;;RUA NICOLAU PEREIRA;CRUZAMENTO C/A RUA NICOLAU PEREIRA;AFOGADOS;;;COLISÃO;COLISÃO 2 AUTOS - C/VÍTIMA;2;;;;;;;;;1;;;;;;;;;;;;;;
2020-09-29;00:28:00;SEM ViTIMA;FINALIZADA;BOMBA DO HEMETÉRIO;RUA JACOB;;;IMÓVEL Nº 31;BOMBA DO HEMETÉRIO;;CIDADE;CHOQUE VEÍCULO PARADO;COLISÃO VIATURA DA POLICIA MILITAR X AUTO PASSEIO - S/VITIMA;2;;;;;;;;;0;;Longo da via;Bom;Não existe;Não existente;Seca;Perfeito estado;Não existe;Não há placas;30 km/h;Dupla;Faixa seccionada;;
2020-09-29;04:14:00;COM VITIMA;FINALIZADA;NOVA DESCOBERTA;RUA NOVA DESCOBERTA;412;;EM FRENTE A IGREJA CONGRECIONAL. IGREJA DO EVANGELHO QUADRANGULAR.;NOVA DESCOBERTA;;CIDADE;CHOQUE VEÍCULO PARADO;COLISÃO QUATRO AUTOS;4;;;;;;;;;1;;Longo da via;Bom;Não existe;Perfeito estado;Seca;Perfeito estado;Não existe;Não há placas;;Dupla;Não existe;;
2020-09-29;09:25:00;COM VITIMA;FINALIZADA;LINHA DO TIRO;RUA URIEL DE HOLANDA;893;;APÓS A CHURRASCARIA CACHOEIRA;LINHA DO TIRO;;CIDADE;COLISÃO FRONTAL;COM UMA VITIMA AGUARDANDO SAMU;1;;;;;1;;;;1;;Longo da via;Bom;Não existe;Perfeito estado;Seca;Perfeito estado;Não existe;R-6a;;Dupla;Faixa seccionada;;
2020-09-29;10:37:00;COM VITIMA;FINALIZADA;IMBIRIBEIRA;AV MARECHAL MASCARENHAS DE MORAES;;;EM FRENTE A FERREIRA COSTA;IMBIRIBEIRA;386;CIDADE;ABALROAMENTO LONGITUDINAL;MOTO E AUTO;1;1;;;;;;;;1;;Longo da via;Bom;Sem defeito;Perfeito estado;Seca;Perfeito estado;Faixa de pedestre;Não há placas;60 km/h;Dupla;Canteiro central;;
2020-09-29;14:48:00;SEM ViTIMA;FINALIZADA;BOA VIAGEM;RUA RIBEIRO DE BRITO;4121;;LADO OPOSTO AO BAR GRILL;BOA VIAGEM;;CIDADE;COLISÃO TRASEIRA;COLISÃO CARRO X CARRO- A OUTRA PARTE ENVOLVIDA SE EVADIU DO LOCAL DE PLACA XXX;2;;;;;;;;;0;;Longo da via;Bom;Sem defeito;Perfeito estado;Seca;Perfeito estado;Faixa de pedestre;;;Única;Faixa contínua;;
2020-09-29;21:30:00;COM VITIMA;FINALIZADA;VÁRZEA;RUA DIOGO DE VASCONCELOS;260;RUA GOVERNADOR LEOPOLDO NEVES;PROXIMO DA PIZZARIA PAULLYNE- PROXIMO DA PADARIA PÃO DE CRISTO DELLI;VÁRZEA;;SUBURBIO;ABALROAMENTO TRANSVERSAL;COLISÃO ENTRE AUTO E MOTO C/V;1;1;;;;;;;;1;;Longo da via;Bom;Não existe;Perfeito estado;Seca;Perfeito estado;Não existe;Não há placas;;Dupla;Faixa seccionada;;
2020-09-30;10:15:00;COM VITIMA;CANCELADA;TORRE;RUA JOSE BONIFACIO;;;EM FRENTE AO ANTIGO BANORTE;TORRE;;;COLISÃO;COLISÃO C/V. USUÁRIO INFORMA QUE VT 20 ESTÁ NO LOCAL.;1;;1;;;;;;;1;;;;;;;;;;;;;;
2020-09-30;14:09:00;COM VITIMA;FINALIZADA;ROSARINHO;AV NORTE;3109;;EM FRENTE À PADARIA ROSARINHO;ROSARINHO;;CIDADE;COLISÃO TRASEIRA;COLISÃO ENVOLVENDO 4 AUTOS CHEVROLET CORSA. VW VOYAGE.POLO. VW VIRTUS;4;;;;;;;;;1;;Longo da via;Bom;Sem defeito;Perfeito estado;Seca;Perfeito estado;Não existe;Não há placas;40 km/h;Dupla;Canteiro central;;
2020-09-30;14:44:00;SEM ViTIMA;FINALIZADA;IPSEP;RUA HELIO BRANDAO;135;RUA ADERBAL DE MELO;;IPSEP;;;ABALROAMENTO TRANSVERSAL;COLISÃO SEM ViTIMA/ VEÍCULO OFICIAL;2;;;;;;;;;0;;Longo da via;Bom;Não existe;Perfeito estado;Seca;Perfeito estado;;Placas Pare;;Única;Faixa seccionada;;
2020-09-30;17:59:00;COM VITIMA;FINALIZADA;SÃO JOSÉ;AV DANTAS BARRETO;1246;RUA SAO JOAO;N 946 S/T PRAÇA SERGIO LORETO;SÃO JOSÉ;;;ATROPELAMENTO;ÔNIBUS E PEDESTRE;;;;;1;1;;;;1;;Longo da via;Bom;Sem defeito;Ilegível;Seca;Mal iluminada;Não existe;Outras;;Dupla;Faixa contínua;Faixa seccionada;Canteiro central
2020-09-30;21:32:00;COM VITIMA;FINALIZADA;JARDIM SÃO PAULO;RUA SENADOR ALBERTO PASQUALINI;;;E/F AO RESTAURANTE SUBWAY / PRÓX A JOTA LANCHES;JARDIM SÃO PAULO;;SUBURBIO;COLISÃO COM CICLISTA;MOTO X BICICLETA. C/V;;1;;1;;;;;;3;;Longo da via;Bom;Não existe;Ilegível;Seca;Mal iluminada;Não existe;Placas Pare;;Única;Faixa seccionada;;
2020-09-30;22:37:00;COM VITIMA;FINALIZADA;MADALENA;RUA ARLINDO GOUVEIA;145;;PRÓX AO CLUBE INTERNACIONAL. PRAÇA JOSÉ DA MOTA SILVEIRA.;MADALENA;;SUBURBIO;ABALROAMENTO TRANSVERSAL;AUTO X MOTO. C/V;1;1;;;;;;;;1;;Longo da via;Chuvoso;Não existe;Perfeito estado;Seca;Perfeito estado;Não existe;Não há placas;;Dupla;Faixa contínua;;
2020-10-01;03:23:00;SEM ViTIMA;FINALIZADA;JARDIM SÃO PAULO;RUA LEANDRO BARRETO;;;NA DESCIDA DO VIADUTO - SENTIDO LA ROCK;JARDIM SÃO PAULO;;;CHOQUE OBJETO FIXO;CONDUTOR PERDEU O CONTROLE E CHOCOU O VEICULO CONTRA ESTACAS DE FERRO NUMA CALÇADA E- EM SEGUIDA- ABANDONOU O VEICULO.;1;;;;;;;;;0;;;;;;;;;;;;;;
2020-10-01;09:38:00;SEM ViTIMA;FINALIZADA;BAIRRO DO RECIFE;RUA JENER DE SOUZA;;PRC DO DERBY;SOB O SEMÁFORO Nº 418;BAIRRO DO RECIFE;418;CIDADE;ABALROAMENTO LONGITUDINAL;SEM VITIMA /VEÍCULO OFICIAL CTTU NO LOCAL /GM EVANDRO RAMOS/COIMBRA PONTO FIXO;2;;;;;;;;;0;;Cruzamento;Bom;Sem defeito;;Seca;Perfeito estado;;R-25b;40 km/h;Dupla;Faixa contínua;;
2020-10-01;12:44:00;COM VITIMA;FINALIZADA;ARRUDA;AV PROFESSOR JOSE DOS ANJOS;972;;PROX AO CRUZAMENTO DA EST VELHA DE ÁGUA FRIA;ARRUDA;;SUBURBIO;COLISÃO COM CICLISTA;COLISAO ENTRE MOTO E CICLISTA;;1;;1;;;;;;1;;Longo da via;Bom;Não existe;Perfeito estado;Seca;Perfeito estado;Não existe;Não há placas;60 km/h;Única;Faixa seccionada;;
2020-10-01;13:45:00;COM VITIMA;FINALIZADA;AFOGADOS;EST DOS REMEDIOS;1462;RUA BUGRE;EM FRENTE A TUPAN;AFOGADOS;;;COLISÃO;COLISÃO MOTO X CARRO;1;1;;;;;;;;1;;;;;;;;;;;;;;
2020-10-01;18:21:00;COM VITIMA;FINALIZADA;MACAXEIRA;AV NORTE;;RUA TIJUCAL;EM FRENTE A ESCOLA ESTADUAL MARIA AMÁLIA;MACAXEIRA;451;SUBURBIO;COLISÃO COM CICLISTA;COLISÃO ENTRE ÔNIBUS E CICLISTA- C/V;;;;1;;1;;;;1;;Longo da via;Bom;Sem defeito;Incompleta;Seca;Mal iluminada;Faixa de pedestre;Outras;60 km/h;Dupla;;;
2020-10-01;19:32:00;COM VITIMA;FINALIZADA;BONGI;EST DO BONGI;190;RUA COSME VIANA;AO LADO DO VAREJÃO DO POVO E WM GNV.;BONGI;100;SUBURBIO;ABALROAMENTO LONGITUDINAL;COLISÃO ENTRE AUTO E MOTO C/V;1;1;;;;;;;;1;;Longo da via;Bom;Sem defeito;Perfeito estado;Seca;Perfeito estado;Faixa de pedestre;Placas Dê a preferência;40 km/h;Dupla;Faixa contínua;;
2020-10-01;19:49:00;COM VITIMA;CANCELADA;CAMPO GRANDE;AV CORREIA DE BRITO;1206;;EM FRENTE AO POSTO DE COMBUSTIVEL DESLUB;CAMPO GRANDE;;;ATROPELAMENTO;AUTO ATROPELOU CARROCEIRO- E LOGO APOS CHOCOU-SE EM UM AUTO QUE ESTAVA ESTACIONADO;2;;;;1;;;;;1;;;;;;;;;;;;;;