data;hora;natureza_acidente;situacao;bairro;endereco;numero;detalhe_endereco_acidente;complemento;bairro_cruzamento;num_semaforo;sentido_via;tipo;descricao;auto;moto;ciclom;ciclista;pedestre;onibus;caminhao;viatura;outros;vitimas;vitimasfatais;acidente_verificado;tempo_clima;situacao_semaforo;sinalizacao;condicao_via;conservacao_via;ponto_controle;situacao_placa;velocidade_max_via;mao_direcao;divisao_via1;divisao_via2;divisao_via3
2020-10-01;21:49:00;SEM ViTIMA;FINALIZADA;PARNAMIRIM;RUA SEBASTIAO MALTA ARCOVERDE;223;;EM FRENTE AO Nº 223;PARNAMIRIM;;SUBURBIO;ABALROAMENTO LONGITUDINAL;COLISÃO ENTRE DUAS MOTOS- S/V (UMA DAS MOTOS É UM VEÍCULO OFICIAL DA POLÍCIA MILITAR);;2;;;;;;;;0;;Longo da via;Bom;Sem defeito;Perfeito estado;Seca;Mal iluminada;Faixa de pedestre;Não há placas;;Única;Não existe;;
2020-10-02;10:36:00;COM VITIMA;FINALIZADA;SANTO AMARO;RUA PEDRO AFONSO;318;RUA TREZE DE MAIO;DE ESQUINA COM O SESC  DE SANTO AMARO;SANTO AMARO;427;CIDADE;ABALROAMENTO TRANSVERSAL;COLISÃO COM VITIMA A ESPERA DO SAMU;1;1;;;;;;;;1;;Longo da via;Bom;Sem defeito;Perfeito estado;Seca;Perfeito estado;Não existe;Outras;40 km/h;Dupla;Faixa contínua;;
2020-10-02;11:18:00;SEM ViTIMA;FINALIZADA;BOA VIAGEM;AV ENGENHEIRO DOMINGOS FERREIRA;;;LADO OPOSTO AO 3638;BOA VIAGEM;;;ABALROAMENTO LONGITUDINAL;FLUIDEZ AO TRÂNSITO DEVIDO A UMA COLISÃO SEM ViTIMA;2;;;;;;;;;0;;;;;;;;;;;;;;
2020-10-02;14:34:00;COM VITIMA;FINALIZADA;ILHA DO RETIRO;RUA JOAO IVO DA SILVA;;;E/F A AUTO LINE HONDA . AO LADO DA RENAULT.;ILHA DO RETIRO;;SUBURBIO;COLISÃO TRASEIRA;COLISAO ENTRE AUTO E UMA TRAÇAO ANIMAL. SEGUNDO O BOLETIM FÍSICO- HOUVE A COLISÃO DO AUTO COM UM CARRO DE MÃO QUE POR SUA VEZ DERRUBOU A VÍTIMA.;1;;;;;;;;1;1;;Longo da via;Bom;Não existe;Incompleta;Seca;Perfeito estado;Não existe;R-6a;;Única;Faixa seccionada;;
2020-10-02;16:24:00;COM VITIMA;FINALIZADA;AREIAS;AV RECIFE;758;;EM FRENTE A BRASIL VEÍCULOS/ SENTIDO CABO;AREIAS;;SUBURBIO;COLISÃO;COLISÃO COM VITIMA;;1;;;;;1;;;1;;Longo da via;Bom;Não existe;Perfeito estado;Seca;Perfeito estado;Não existe;Não há placas;60 km/h;Dupla;Canteiro central;;
2020-10-02;20:28:00;COM VITIMA;FINALIZADA;BOA VIAGEM;AV CONSELHEIRO AGUIAR;;RUA SOUTO FILHO;PRÓX A ESCOLA ESTADUAL LANDELINO ROCHA;BOA VIAGEM;133;CIDADE;ABALROAMENTO LONGITUDINAL;AUTO X MOTO. C/V;1;1;;;;;;;;1;;Cruzamento;Bom;Sem defeito;Perfeito estado;Seca;Mal iluminada;Faixa de pedestre;R-6a;60 km/h;Única;Faixa seccionada;;
2020-10-02;21:06:00;COM VITIMA;FINALIZADA;BARRO;AV DR JOSE RUFINO;2838;;PROX AO COLEGIO ALBERTO TORRES POR CIMA DO VIADUTO DO BARRO SENTIDO RECIFE. ALÇA QUE LIGA A BR-101.;BARRO;;;ABALROAMENTO TRANSVERSAL;ONIBUS MILBUS X MOTO;;1;;;;1;;;;1;;Cruzamento;Bom;Não existe;Ilegível;Seca;Mal iluminada;Não existe;Não há placas;;Dupla;Faixa seccionada;;
2020-10-02;22:25:00;COM VITIMA;FINALIZADA;MUSTARDINHA;RUA VINTE E UM DE ABRIL;1295;;PROX A FARMACIA COELHO E ROCK PIZZA. ESPETINHO E CALDINHO DOS AMIGOS.;MUSTARDINHA;;SUBURBIO;ATROPELAMENTO;PEDESTRE X CAMINHAO;;;;;1;;1;;;1;;Longo da via;Bom;Sem defeito;Perfeito estado;Seca;Perfeito estado;;Não há placas;30 km/h;Dupla;Não existe;;
2020-10-03;07:04:00;SEM ViTIMA;FINALIZADA;MACAXEIRA;AV NORTE;;;E/F AO PONTO DE TAXI TI MACAXEIRA;MACAXEIRA;;;COLISÃO;COLISÃO S/VITIMA ENTRE UMA VIATURA CORPO DE BOMBEIROS E UM BRT;;;;;;1;;1;;0;;;;;;;;;;;;;;
2020-10-03;08:11:00;COM VITIMA;FINALIZADA;AFOGADOS;AV SUL;;PTE DE AFOGADOS;NO INICIO DA FAIXA EXCLUSIVA DE ONIBUS;AFOGADOS;320;CIDADE;COLISÃO COM CICLISTA;AGUARDANDO SOCORRO DOS BOMBEIROS. AUTO E CICLISTA.;1;;;1;;;;;;1;;Ponte;Bom;Sem defeito;Perfeito estado;Seca;Perfeito estado;Não existe;Outras;;Dupla;Canteiro central;;
2020-10-03;10:17:00;COM VITIMA;FINALIZADA;SANTO AMARO;AV GOVERNADOR AGAMENON MAGALHAES;;;PRÓXIMO AO VIADUTO DA JOÃO DE BARROS.;SANTO AMARO;684;SUBURBIO;COLISÃO TRASEIRA;COLISÃO C/VITIMA ENTRE UM AUTO E UMA MOTO;1;1;;;;;;;;1;;Longo da via;Bom;Sem defeito;Perfeito estado;Seca;Perfeito estado;Faixa de pedestre;Não há placas;60 km/h;Única;Faixa contínua;;
2020-10-03;14:16:00;COM VITIMA;FINALIZADA;CORDEIRO;AV GENERAL SAN MARTIN;625;RUA GOMES TABORDA;PROX AO POSTO DE GASOLINA MULTI POSTO;CORDEIRO;67;CIDADE;ABALROAMENTO TRANSVERSAL;COLISÃO MOTO X MOTO- UM CONDUTOR SOCORRIDO PELO SAMU;;2;;;;;;;;1;;Longo da via;Bom;Sem defeito;Perfeito estado;Seca;Perfeito estado;Faixa de pedestre;R-6a;;Dupla;Faixa contínua;;
2020-10-03;16:45:00;COM VITIMA;FINALIZADA;CAJUEIRO;RUA COUTO SOARES;454;RUA NOVA JALES;PROX AO TERMINAL DE ONIBUS CAJUEIRO NA SUBIDA DA LADEIRA;CAJUEIRO;;SUBURBIO;COLISÃO FRONTAL;MOTO X CARRO;1;1;;;;;;;;1;;Cruzamento;Bom;Não existe;Não existente;Seca;Perfeito estado;Não existe;Não há placas;;Dupla;Não existe;;
2020-10-03;19:52:00;SEM ViTIMA;CANCELADA;COHAB;AV CAMPO VERDE;48;;PROXIMO DA ASSEMBLEIA DE DEUS- PROXIMO DA KITANDA SANTO ANTÔNIO;COHAB;;;CHOQUE;AUTO CHOCOU-SE CONTRA O MURO DE UMA RESIDÊNCIA DERRUBANDO O MESMO ( MOTORISTA APRESENTA SINTOMAS DE EMBRIAGREZ);1;;;;;;;;;0;;;;;;;;;;;;;;
2020-10-04;07:16:00;COM VITIMA;FINALIZADA;SÃO JOSÉ;VDO DAS CINCO PONTAS;;;SOBRE O VIADUTO. AO LADO DO FORTE.;SÃO JOSÉ;;SUBURBIO;CHOQUE OBJETO FIXO;MOTOCICLETA COLIDIU NA MURETA E CAIU NA VIA.;;1;;;;;;;;1;;Viaduto;Bom;Não existe;Não existente;Seca;Mal conservada;Não existe;Não há placas;;Única;Não existe;;
2020-10-04;13:50:00;COM VITIMA;FINALIZADA;CAMPO GRANDE;RUA ODORICO MENDES;434;;EM FRENTE AO SUPERMERCADO STYLLUS;CAMPO GRANDE;;SUBURBIO;COLISÃO FRONTAL;COM VITIMA;1;1;;;;;;;;1;;Longo da via;Bom;Não existe;Perfeito estado;Seca;Perfeito estado;Não existe;;;Dupla;Faixa seccionada;;
2020-10-04;14:31:00;COM VITIMA;FINALIZADA;JARDIM SÃO PAULO;AV RECIFE;5635;RUA SENADOR ALBERTO PASQUALINI;EM FRENTE A ESQUINA DO GALETO/ SENTIDO CENTRO;JARDIM SÃO PAULO;259;AEROPORTO;COLISÃO COM CICLISTA;COLISÃO COM VITIMA;1;;;1;;;;;;1;;Cruzamento;Bom;Sem defeito;Perfeito estado;Seca;Perfeito estado;Faixa de pedestre;R-6a;;Dupla;Canteiro central;;
2020-10-04;17:13:00;SEM ViTIMA;FINALIZADA;MACAXEIRA;AV VEREADOR OTACILIO AZEVEDO;4674;;PROX A DELEGACIA DA MACAXEIRA;MACAXEIRA;;;COLISÃO;COLISAO ENTRE AUTOS UM DOS CONDUTORES ESTA COM SITOMAS DE EMBRIAGUEZ;3;;;;;;;;;0;;;;;;;;;;;;;;
2020-10-04;21:17:00;COM VITIMA;FINALIZADA;BOA VIAGEM;RUA PARIS;630B;;PRÓX A FACULDADE BV;BOA VIAGEM;;CIDADE;ABALROAMENTO LONGITUDINAL;MOTO X AUTO. C/V;1;1;;;;;;;;1;;Longo da via;Bom;Sem defeito;Ilegível;Seca;Mal iluminada;Não existe;Não há placas;;Dupla;Faixa contínua;;
2020-10-05;08:13:00;COM VITIMA;FINALIZADA;ARRUDA;AV PROFESSOR JOSE DOS ANJOS;;;EM BAIXO DA ESTRUTURA DO ESTADIO DO ARRUDA / PROX DO BOMPREÇO DA AV BEBERIBE;ARRUDA;;SUBURBIO;COLISÃO COM CICLISTA;COLISAO AUTO E BICICLETA;1;;;1;;;;;;1;;Longo da via;Chuvoso;Não existe;Perfeito estado;Seca;Perfeito estado;Não existe;R-6a;;Única;Faixa seccionada;;
2020-10-05;08:27:00;COM VITIMA;FINALIZADA;ARRUDA;RUA RAMIZ GALVAO;133;RUA RAUL POMPEIA;RUA DA FEIRA DO ARRUDA. EM FRENTE AO RESTAURANTE MISTUREBA.;ARRUDA;;CIDADE;ABALROAMENTO LONGITUDINAL;COM DUAS VITIMAS AGUARDANDO SAMU;1;1;;;;;;;;2;;Cruzamento;Bom;Não existe;Perfeito estado;Seca;Perfeito estado;Faixa de pedestre;Placas Pare;30 km/h;;Faixa seccionada;;
2020-10-05;11:27:00;COM VITIMA;FINALIZADA;IBURA;RUA DOZE DE JUNHO;;;EM FRENTE AO RESIDENCIAL CAIQUE.;IBURA;;;ABALROAMENTO LONGITUDINAL;COLISÃO C/VITIMA ENTRE UM ONIBUS E UMA MOTO;;1;;;;1;;;;1;;Longo da via;Bom;Não existe;Perfeito estado;Seca;Perfeito estado;Não existe;Não há placas;;Dupla;Faixa seccionada;;
2020-10-05;17:44:00;COM VITIMA;FINALIZADA;MADALENA;RUA LOPES DE CARVALHO;401;AV VISCONDE DE ALBUQUERQUE;E/F A MADALENA CENTER;MADALENA;;;ABALROAMENTO LONGITUDINAL;COLISAO ENTRE MOTO E AUTO COM VITIMA;1;1;;;;;;;;1;;Cruzamento;Bom;Não existe;Perfeito estado;Seca;Perfeito estado;;Placas Pare;;Única;Não existe;;
2020-10-05;20:14:00;COM VITIMA;FINALIZADA;JARDIM SÃO PAULO;RUA LEANDRO BARRETO;239;;PROXIMO DO GALETOS E CIA- PROXIMO DE NATTOS DOCES E SALGADOS- PROXIMO DA IGREJA DE JESUS CRISTO;JARDIM SÃO PAULO;;CIDADE;COLISÃO COM CICLISTA;COLISÃO ENTRE ÔNIBUS E BICICLETA C/V;;;;1;;1;;;;1;;Longo da via;Bom;Não existe;Perfeito estado;Seca;Perfeito estado;Não existe;Não há placas;40 km/h;Dupla;Faixa seccionada;;
2020-10-05;22:39:00;COM VITIMA;CANCELADA;VASCO DA GAMA;AV NORTE;;LGO DOM LUIZ;EM FRENTE AO NORTE PET;VASCO DA GAMA;95;;COLISÃO;COLISÃO ENTRE DUAS MOTOS C/V;;2;;;;;;;;3;;;;;;;;;;;;;;
2020-10-06;07:39:00;SEM ViTIMA;CANCELADA;JORDÃO;RUA PROFESSORA ARCELINA CAMARA;;;NA SUBIDA DO ALTO  DA JAQUEIRA AO LADO DA ACADEMIA TOP FIT;JORDÃO;;;CHOQUE;MOTORISTA CHOCOU SE CONTRA OUTRO VEICULO EM SEGUIDA SE EVADIU DO LOCAL;;;;;;;;;;0;;;;;;;;;;;;;;
2020-10-06;07:48:00;COM VITIMA;CANCELADA;BARRO;AV DR JOSE RUFINO;2337;;AO LADO DA IGREJA DO BARRO / CATOLICA;BARRO;;;COLISÃO;COLISÃO COM VITIMA/ AGUARDANDO O SAMU NO LOCAL;1;1;;;;;;;;1;;;;;;;;;;;;;;
2020-10-06;09:04:00;COM VITIMA;FINALIZADA;IBURA;AV DOM HELDER CAMARA;351;;IBURA DE BAIXO. CAPOTARIA VICTOR.;IBURA;;CIDADE;ABALROAMENTO LONGITUDINAL;COLISÃO COM VITIMA GM PETERSON QTH;1;1;;;;;;;;1;;Longo da via;Bom;Não existe;Perfeito estado;Seca;Perfeito estado;Não existe;Outras;40 km/h;Dupla;Canteiro central;;
2020-10-06;09:45:00;COM VITIMA;FINALIZADA;IPSEP;RUA PROFESSOR JOSE VICENTE;626;RUA SAO NICOLAU;PRÓXIMO A LOJA DE VEÍCULOS V8 MULT IMARCAS;IPSEP;;SUBURBIO;ABALROAMENTO LONGITUDINAL;COLISÃO COM VITIMAS SOCORRIDAS  PELO S BOMBEIROS;;1;;;;;1;;;2;;Longo da via;Bom;Não existe;Perfeito estado;Seca;Perfeito estado;Outros;Outras;;Única;Faixa seccionada;;
2020-10-06;12:04:00;COM VITIMA;FINALIZADA;ÁGUA FRIA;AV BEBERIBE;2047;;E/F A FARMACIA PAGUE MENOS LADO OPOSTO AO MERCADO DE AGUA FRIA;ÁGUA FRIA;;CIDADE;ATROPELAMENTO;ATROPELAMENTO DE AUTO E PEDESTRE VT 31 NO LOCAL;1;;;;1;;;;;1;;Longo da via;Bom;Não existe;Perfeito estado;Seca;Perfeito estado;;Outras;;Dupla;Faixa contínua;;
2020-10-06;12:07:00;COM VITIMA;FINALIZADA;IMBIRIBEIRA;AV GENERAL MAC ARTHUR;1846;;AO LADO DA ESTAÇAO DO METRO E/F A IGREJA ASSEMBLEIA DE DEUS;IMBIRIBEIRA;;OESTE;ABALROAMENTO LONGITUDINAL;COLISAO ENTRE AUTO E MOTO COM UMA VITIMA;1;1;;;;;;;;1;;Cruzamento;Bom;Não existe;Perfeito estado;Seca;Perfeito estado;Não existe;Não há placas;60 km/h;Única;Faixa seccionada;;
2020-10-06;14:34:00;COM VITIMA;FINALIZADA;MADALENA;AV VISCONDE DE ALBUQUERQUE;862;RUA JANUARIO BARBOSA;EM FRENTE A PRAÇA DE EÇA DE QUEIROZ;MADALENA;;SUBURBIO;ABALROAMENTO TRANSVERSAL;COLISÃO COM VITIMA;1;;;;;1;;;;2;;Cruzamento;Bom;Não existe;Perfeito estado;Seca;Perfeito estado;Não existe;Placas Pare;;Única;Faixa seccionada;;
2020-10-06;16:06:00;SEM ViTIMA;FINALIZADA;;AV CENTRAL;;RUA LOURENCO DE SA;EM FRENTE AO COMPAZ DO COQUE;;;SUBURBIO;CHOQUE VEÍCULO PARADO;COLISÃO COM VT DA GCM;1;;;;;;;;;0;;Longo da via;Bom;Não existe;Não existente;Seca;Mal conservada;Não existe;Não há placas;30 km/h;Dupla;Não existe;;
2020-10-06;18:26:00;COM VITIMA;CANCELADA;JORDÃO;AV DONA CARENTINA;679;;ENF. A CARENTINA BIKE;JORDÃO;;;COLISÃO;DUAS MOTOS    OBS:VITIMA AGUARDANDO SAMU;;2;;;;;;;;1;;;;;;;;;;;;;;
2020-10-06;19:13:00;SEM ViTIMA;FINALIZADA;CAMPO GRANDE;AV PROFESSOR JOSE DOS ANJOS;;RUA FARIAS NEVES;;CAMPO GRANDE;;SUBURBIO;ABALROAMENTO LONGITUDINAL;ENTRE 2 AUTOS. S/V ( O USUÁRIO QUE CAUSOU A COLISÃO- ESTA ALCOOLIZADO;2;;;;;;;;;0;;Cruzamento;Bom;Não existe;Perfeito estado;Seca;Perfeito estado;Não existe;Não há placas;;Única;Faixa contínua;;
2020-10-06;20:06:00;COM VITIMA;FINALIZADA;ESPINHEIRO;AV GOVERNADOR AGAMENON MAGALHAES;;AV JOAO DE BARROS;SOB O VIADUTO INDEPENDÊNCIA.;ESPINHEIRO;;SUBURBIO;TOMBAMENTO;ACIDENTE DE PERCURSO C/VITIMA;;1;;;;;;;;1;;Longo da via;Bom;Sem defeito;Perfeito estado;Seca;Perfeito estado;Não existe;Não há placas;;Única;Não existe;;
2020-10-07;08:37:00;COM VITIMA;FINALIZADA;PINA;AV ANTONIO DE GOES;;;NA SAÍDA DO TUNEL DA VIA MANGUE (PISTA LESTE);PINA;103;CIDADE;COLISÃO TRASEIRA;COLISÃO C/VITIMA ENTRE UM AUTO E UMA MOTO;1;1;;;;;;;;1;;Cruzamento;Bom;Sem defeito;Perfeito estado;Seca;Perfeito estado;Faixa de pedestre;Não há placas;60 km/h;Única;Faixa contínua;Canteiro central;
2020-10-07;10:47:00;COM VITIMA;FINALIZADA;IPUTINGA;AV MAURICIO DE NASSAU;276;RUA LAVRAS DO SUL;EM FRENTE AO REI DO BOLO E SUPERMERCADO RENDE MAIS.;IPUTINGA;109;CIDADE;ABALROAMENTO LONGITUDINAL;COM UMA VITIMA AGUARDANDO SAMU;1;1;;;;;;;;1;;Esquina;Bom;Sem defeito;Perfeito estado;Seca;Perfeito estado;Outros;Outras;40 km/h;Dupla;Não existe;;
2020-10-07;11:27:00;COM VITIMA;FINALIZADA;CORDEIRO;RUA TIJUCA;166;RUA TABATINGA;EM FRENTE DO RESTAURANTE JOAO DA CARNE DE SOL;CORDEIRO;;SUBURBIO;ABALROAMENTO LONGITUDINAL;DUAS MOTOS / UMA DAS MOTOS AINDA NAO FOI EMPLACADA;;2;;;;;;;;1;;Cruzamento;Bom;Não existe;Perfeito estado;Seca;Perfeito estado;Não existe;Placas Pare;;Dupla;;;
2020-10-07;12:51:00;SEM ViTIMA;FINALIZADA;BOA VIAGEM;AV BOA VIAGEM;6234;RUA JEAN MERMOZ;ED. PARQUE AVENIDA LIVING;BOA VIAGEM;;CIDADE;COLISÃO TRASEIRA;;2;;;;;;;;;0;;Longo da via;Bom;Sem defeito;Perfeito estado;Seca;Perfeito estado;Não existe;Não há placas;60 km/h;Única;Faixa contínua;;
2020-10-07;13:13:00;COM VITIMA;FINALIZADA;BOA VIAGEM;AV ENGENHEIRO DOMINGOS FERREIRA;3901;;EM FRENTE A ACADEMIA HI;BOA VIAGEM;;SUBURBIO;COLISÃO TRASEIRA;COLISÃO CARRO X MOTO / AGENTE DECIO E IGOR NO LOCAL;1;1;;;;;;;;1;;Longo da via;Bom;Não existe;Perfeito estado;Seca;Perfeito estado;Não existe;;60 km/h;Única;Faixa seccionada;;
2020-10-07;13:21:00;COM VITIMA;FINALIZADA;IPUTINGA;AV MAURICIO DE NASSAU;291;RUA ODILON ARAUJO;EM FRENTE A PADARIA E PASTELARIA ATLANTICA;IPUTINGA;;SUBURBIO;COLISÃO COM CICLISTA;COLISÃO CARRO X CICLISTA;1;;;1;;;;;;1;;Longo da via;Bom;Não existe;Perfeito estado;Seca;Perfeito estado;Outros;R-6a;40 km/h;Dupla;Faixa seccionada;;
2020-10-07;14:07:00;COM VITIMA;FINALIZADA;IPSEP;RUA VIRGINIA HERACLIO;155;RUA LANDELINO CAMARA;PROX A OFICINA DINAMICAR;IPSEP;;SUBURBIO;ABALROAMENTO TRANSVERSAL;COLISAO ENTRE AUTO E MOTO COM VITIMAS;1;1;;;;;;;;1;;Cruzamento;Bom;Não existe;Não existente;Seca;Perfeito estado;Não existe;Não há placas;;Dupla;Não existe;;
2020-10-07;15:56:00;COM VITIMA;FINALIZADA;BOA VISTA;RUA JOSE DE ALENCAR;264;RUA BARAO DE SAO BORJA;PROX AO HOTEL BOA VISTA;BOA VISTA;;CIDADE;ABALROAMENTO TRANSVERSAL;CARRO X CARRO;2;;;;;;;;;1;;Longo da via;Bom;Não existe;Perfeito estado;Seca;Perfeito estado;Não existe;Não há placas;;Única;Não existe;;
2020-10-07;18:59:00;COM VITIMA;FINALIZADA;CASA AMARELA;AV NORTE;5400C;;PRÓXIMO A ESCOLA MUNICIPAL ROSEMAR DE MACEDO LIMA;CASA AMARELA;;SUBURBIO;ABALROAMENTO LONGITUDINAL;MOTO / AUTO / CAMINHÃO;1;1;;;;;1;;;1;;Longo da via;Bom;;Perfeito estado;Seca;Perfeito estado;;;;Dupla;Canteiro central;;
2020-10-07;20:18:00;COM VITIMA;FINALIZADA;IBURA;AV RIO LARGO;275;;PRÓX A PROAB // NO SOBE/DESCE DO IBURA;IBURA;;SUBURBIO;ATROPELAMENTO;ATROPELAMENTO DE PEDESTRE;;;;;1;1;;;;1;;Longo da via;Chuvoso;Não existe;Perfeito estado;Molhada;Perfeito estado;Outros;Outras;;Dupla;Faixa;;
2020-10-07;21:10:00;COM VITIMA;FINALIZADA;CASA AMARELA;RUA DA HARMONIA;109;RUA CONS NABUCO;AO LADO DA MERCEARIA NABUCO- AO LADO DA PIZZARIA HEROES;CASA AMARELA;;SUBURBIO;COLISÃO FRONTAL;COLISÃO ENTRE AUTO E MOTO C/V;1;1;;;;;;;;1;;Cruzamento;Bom;Não existe;Perfeito estado;Seca;Perfeito estado;Não existe;Não há placas;;Dupla;Faixa contínua;;
2020-10-07;22:30:00;SEM ViTIMA;FINALIZADA;MACAXEIRA;AV NORTE;;;PRÓX A INTEGRAÇÃO DA MACAXEIRA;MACAXEIRA;;;COLISÃO;COLISÃO ENTRE CAMINHÃO E VEÍCULO OFICIAL DO TRIBUNAL DE JUSTIÇA- SEM ViTIMAS;1;;;;;;1;;;0;;Longo da via;Bom;Não existe;Perfeito estado;Seca;Perfeito estado;Não existe;Não há placas;n/i;Única;Faixa seccionada;;
2020-10-08;08:18:00;COM VITIMA;FINALIZADA;IPUTINGA;RUA DR NINA RODRIGUES;280;RUA CORDISLANDIA;RESIDENCIA  NA RUA DO BANCO SANTANDER;IPUTINGA;;;ABALROAMENTO LONGITUDINAL;COLISÃO COM VITIMA;1;1;;;;;;;;1;;Cruzamento;Bom;Não existe;Perfeito estado;Seca;Perfeito estado;Não existe;Placas Pare;30 km/h;;;;
2020-10-08;08:25:00;COM VITIMA;FINALIZADA;VÁRZEA;RUA GENERAL POLIDORO;267A;;PROX AO RESIDENCIAL RESERVA POLIDORO;VÁRZEA;;SUBURBIO;ABALROAMENTO TRANSVERSAL;COLISÃO COM VITIMA VT 25 QTH;1;1;;;;;;;;1;;Longo da via;Bom;Não existe;Perfeito estado;Seca;Perfeito estado;Não existe;Não há placas;;Dupla;Faixa contínua;;
2020-10-08;09:43:00;COM VITIMA;FINALIZADA;BOA VIAGEM;AV MARECHAL MASCARENHAS DE MORAES;6211;;NO SENTIDO CIDADE EM FRENTE AO PREDIO DA JUSTIÇA FEDERAL;BOA VIAGEM;;CIDADE;ABALROAMENTO LONGITUDINAL;COLISÃO COM VITIMA;1;1;;;;;;;;1;;Longo da via;Bom;Não existe;Perfeito estado;Seca;Perfeito estado;;;;Dupla;Canteiro central;;
2020-10-08;10:02:00;COM VITIMA;FINALIZADA;IPSEP;RUA JAMAICA;188;RUA ITAJAI;PROX. DO BANCO ITAÚ- NO RETORNO DA IMBIRIBEIRA BOA VIAGEM. IGREJA PRESBITERIANA DO BRASIL.;IPSEP;;CIDADE;COLISÃO FRONTAL;COM VITIMA;2;1;;;;;;;;2;;Cruzamento;Bom;Não existe;Perfeito estado;Seca;Perfeito estado;Faixa de pedestre;Outras;;Única;Faixa contínua;;
2020-10-08;10:33:00;COM VITIMA;FINALIZADA;MADALENA;AV JOSE GONCALVES DE MEDEIROS;165;;EM FRENTE A LOJA BYE BYE VESTIDOS. LADO OPOSTO À MEU IPHONE ASSISTÊNCIA TÉCNICA.;MADALENA;;CIDADE;COLISÃO TRASEIRA;COLISÃO COM VITIMA;1;1;;;;;;;;1;;Longo da via;Bom;Não existe;Perfeito estado;Seca;Perfeito estado;;R-6a;40 km/h;Dupla;Faixa contínua;Faixa seccionada;
2020-10-08;12:26:00;COM VITIMA;FINALIZADA;PARNAMIRIM;RUA FERREIRA LOPES;;;E/F AO CONSULADO CHINES;PARNAMIRIM;;SUBURBIO;ABALROAMENTO LONGITUDINAL;COLISAO ENTRE AUTO E MOTO COM UMA VITIMA;1;1;;;;;;;;1;;Longo da via;Bom;Não existe;Perfeito estado;Seca;Perfeito estado;Não existe;Outras;30 km/h;Dupla;Faixa seccionada;;
2020-10-08;12:49:00;COM VITIMA;FINALIZADA;BOA VIAGEM;AV ENGENHEIRO DOMINGOS FERREIRA;2600;RUA PROFESSOR JOSE BRANDAO;AO LADO DA FARMACIA INDEPENDENTE;BOA VIAGEM;550;;COLISÃO;COLISAO ENTRE DUAS MOTOS COM UMA VITIMA;;2;;;;;;;;1;;Cruzamento;Bom;Sem defeito;Perfeito estado;Seca;Perfeito estado;Faixa de pedestre;Não há placas;60 km/h;;Canteiro central;;
2020-10-08;20:12:00;SEM ViTIMA;FINALIZADA;IMBIRIBEIRA;VIADUTO TANCREDO NEVES;;;SENTIDO DA INTEGRAÇAO TANCREDO NEVES;IMBIRIBEIRA;;;COLISÃO;VEICULO E MOTO OBS: SEM VITIMA POREM VEICULO DEIXOU RASTROS DE OLEO NA PISTA;1;1;;;;;;;;0;;;;;;;;;;;;;;
2020-10-09;13:13:00;SEM ViTIMA;FINALIZADA;BOA VIAGEM;AV DES JOSE NEVES;;;APOIS O TUNEL;BOA VIAGEM;;JABOATAO;COLISÃO;COLISAO DE DOIS AUTOS S/V COM SUSPEITA DE ALCOOLEMIA;1;;;;;;1;;;0;;;;;;;;;;;;;;
2020-10-09;13:27:00;SEM ViTIMA;FINALIZADA;SÃO JOSÉ;AV MARTINS DE BARROS;;;E/F AO CAIS DE SANTA RITA;SÃO JOSÉ;383;;COLISÃO;COLISAO DE DOIS AUTOS E UMA MOTO S/V ( CIVIC CARRO OFICIAL);2;1;;;;;;;;0;;;;;;;;;;;;;;
2020-10-09;13:47:00;COM VITIMA;FINALIZADA;SANTO ANTÔNIO;RUA VINTE E QUATRO DE MAIO;83;;PROX A AGENCIA DOS CORREIOS;SANTO ANTÔNIO;;;COLISÃO COM CICLISTA;AUTO E CICLISTA COM VITIMAS;1;;;1;;;;;;1;;;;;;;;;;;;;;
2020-10-09;17:23:00;COM VITIMA;FINALIZADA;BOA VIAGEM;AV CONSELHEIRO AGUIAR;2034;RUA PROFESSOR OSIAS RIBEIRO;E/F AO SUPERMECARDO MINUTO;BOA VIAGEM;;SUBURBIO;ABALROAMENTO TRANSVERSAL;COLISAO ENTRE DOIS AUTOS COM VITIMAS;2;;;;;;;;;1;;Cruzamento;Bom;Não existe;;Seca;Perfeito estado;Outros;Outras;;Única;Faixa seccionada;;
2020-10-09;19:14:00;COM VITIMA;FINALIZADA;CORDEIRO;RUA ODETE MONTEIRO;;;PROX AO GOE;CORDEIRO;;CIDADE;COLISÃO COM CICLISTA;COLISAO ENTRE MOTO E BICICLETA;;1;;1;;;;;;1;;Longo da via;Bom;Não existe;Perfeito estado;Seca;Perfeito estado;;Não há placas;;Dupla;Faixa contínua;;
2020-10-09;21:48:00;COM VITIMA;CANCELADA;LINHA DO TIRO;RUA URIEL DE HOLANDA;;;PROX AO ARMAZEN SHALON;LINHA DO TIRO;;;COLISÃO;COLISAO DE AUTO E MOTO COM VITIMAS;1;1;;;;;;;;1;;;;;;;;;;;;;;
2020-10-10;03:55:00;SEM ViTIMA;CANCELADA;SAN MARTIN;AV GENERAL SAN MARTIN;;;PRÓXIMO AO BAR DO REGI E A ESCOLA ADVENTISTA;SAN MARTIN;;;CHOQUE VEÍCULO PARADO;CAMINHÃO SE CHOCOU CONTRA O VEÍCULO ESTACIONADO. O CONDUTOR DO CAMINHÃO- SEGUNDO INFORMAÇÕES- ESTÁ COM SUSPEITA DE EMBRIAGUEZ;1;;;;;;1;;;0;;;;;;;;;;;;;;