data;hora;natureza_acidente;situacao;bairro;endereco;numero;detalhe_endereco_acidente;complemento;bairro_cruzamento;num_semaforo;sentido_via;tipo;descricao;auto;moto;ciclom;ciclista;pedestre;onibus;caminhao;viatura;outros;vitimas;vitimasfatais;acidente_verificado;tempo_clima;situacao_semaforo;sinalizacao;condicao_via;conservacao_via;ponto_controle;situacao_placa;velocidade_max_via;mao_direcao;divisao_via1;divisao_via2;divisao_via3
2020-11-19;18:39:00;COM VITIMA;FINALIZADA;CAMPO GRANDE;EST DE BELEM;1838;;E/F A IGREJA BATISTA. COM A RUA LUIS CORREA DE BRITO (OLINDA).;CAMPO GRANDE;;CIDADE;COLISÃO COM CICLISTA;ENTRE AUTO E CICILISTA. C/V (( SUSPEITA DE EMBRIAGUEZ O CONDUTOR DO CARRO)));1;;;1;;;;;;1;;Rotatória;Bom;Não existe;Perfeito estado;Seca;Perfeito estado;;R-6a;30 km/h;Única;Faixa contínua;;
2020-11-19;21:08:00;SEM ViTIMA;FINALIZADA;VÁRZEA;AV AFONSO OLINDENSE;1764;;E/F A UPINHA;VÁRZEA;;;COLISÃO;AUTO X MOTO.. S/V;1;1;;;;;;;;0;;Longo da via;Bom;Não existe;Perfeito estado;Seca;Outros;Não existe;R-6c;N/I;Dupla;Faixa contínua;;
2020-11-19;23:20:00;VITIMA FATAL;FINALIZADA;BEBERIBE;AV BEBERIBE;4231;RUA SAPUCAIA DO SUL;SEMÁFORO 314 / APÓS A PIZZARIA DO RUSH;BEBERIBE;314;;COLISÃO FRONTAL;ÕNIBUS X MOTO. C/V;;1;;;;1;;;;1;1;Longo da via;Bom;Sem defeito;Perfeito estado;Seca;Mal conservada;Não existe;Não há placas;;Dupla;Faixa contínua;;
2020-11-20;01:01:00;COM VITIMA;FINALIZADA;BOA VIAGEM;RUA GENERAL EDSON AMANCIO RAMALHO;940;RUA FELIX DE BRITO E MELO;EM FRENTE AO BIG BOMPREÇO. EDF. GOLDEN WAY.;BOA VIAGEM;544;CIDADE;ABALROAMENTO TRANSVERSAL;COLISÃO DOIS AUTOS;2;;;;;;;;;1;;Cruzamento;Bom;Sem defeito;Perfeito estado;Seca;Perfeito estado;Faixa de pedestre;Outras;;Única;Faixa contínua;;
2020-11-20;07:28:00;COM VITIMA;FINALIZADA;BOA VIAGEM;AV ENGENHEIRO DOMINGOS FERREIRA;3360;RUA FAUSTINO PORTO;EM FRENTE A LOJA FAVORITA;BOA VIAGEM;;;ABALROAMENTO LONGITUDINAL;COM UMA VITIMA -SAMU NO LOCAL;1;1;;;;;;;;1;;Longo da via;Bom;Não existe;Perfeito estado;Seca;Perfeito estado;Não existe;Não há placas;;Dupla;Canteiro central;;
2020-11-20;08:18:00;VITIMA FATAL;FINALIZADA;DOIS IRMÃOS;RUA MANUEL DE MEDEIROS;;;PROX DA RURAL / AO LADO DO BAR DA CURVA.;DOIS IRMÃOS;;;COLISÃO FRONTAL;TRES AUTOS;3;;;;;;;;;;1;Longo da via;Bom;Não existe;Perfeito estado;Seca;Perfeito estado;Não existe;Não há placas;;Dupla;Não existe;;
2020-11-20;10:23:00;COM VITIMA;FINALIZADA;APIPUCOS;RUA DE APIPUCOS;430;;AO LADO DO ARCADIA DE APIPUCOS. CAMATEX.;APIPUCOS;;SUBURBIO;COLISÃO TRASEIRA;COM UMA VITIMA -SOCORRIDA PELO SAMU;1;1;;;;;;;;1;;Longo da via;Bom;Não existe;Perfeito estado;Seca;Perfeito estado;Não existe;Não há placas;;Dupla;Faixa contínua;;
2020-11-20;15:07:00;COM VITIMA;FINALIZADA;BOA VIAGEM;AV ENGENHEIRO DOMINGOS FERREIRA;348;;PROX AO ARMAZEM BEIRA MAR. LADO OPOSTO AO NÚMERO INFORMADO.;BOA VIAGEM;;SUBURBIO;ABALROAMENTO LONGITUDINAL;MOTO X CARRO / VT 23 NO LOCAL SUB INSP LUCIANO;1;1;;;;;;;;1;;Longo da via;Bom;Não existe;Perfeito estado;Seca;Perfeito estado;Não existe;Não há placas;;Única;Faixa contínua;;
2020-11-20;17:04:00;SEM ViTIMA;FINALIZADA;ILHA DO LEITE;PTE JOSE DE BARROS LIMA;;;;ILHA DO LEITE;;BOA VIAGEM;COLISÃO;;;;;;;;;;;0;;;;;;;;;;;;;;
2020-11-20;17:16:00;COM VITIMA;FINALIZADA;ILHA DO RETIRO;RUA SPORT CLUBE DO RECIFE;;;EM FRENTE AO CLUBE DO SPORT SENTIDO AGAMENOM;ILHA DO RETIRO;;CIDADE;ABALROAMENTO LONGITUDINAL;COLISAO ENVOLVENDO AUTO E MOTO COM VITIMA;1;1;;;;;;;;2;;Longo da via;Bom;Não existe;Perfeito estado;Seca;Perfeito estado;Não existe;R-6a;;Dupla;Faixa seccionada;;
2020-11-20;18:28:00;COM VITIMA;FINALIZADA;CABANGA;AV SUL;;;SENTIDO CIDADE;CABANGA;260;CIDADE;COLISÃO COM CICLISTA;VEÍCULO NÃO IDENTIFICADO COLIDIU EM UM CICLISTA.;;;;1;;;;;;1;;Longo da via;Bom;Sem defeito;Perfeito estado;Seca;Perfeito estado;Faixa de pedestre;Não há placas;;Dupla;Canteiro central;;
2020-11-20;19:09:00;COM VITIMA;FINALIZADA;BONGI;EST DO BONGI;388;;PROXIMO DA DELEGACIA DO BONGI- PROXIMO DE GL REFRIGERAÇÃO AUTOMOTIVA;BONGI;;SUBURBIO;ATROPELAMENTO;ATROPELAMENTO ENVOLVENDO MOTO E PEDESTRE- C/V;;1;;;1;;;;;2;;Longo da via;Bom;Não existe;Perfeito estado;Seca;Perfeito estado;Não existe;Não há placas;;Única;Faixa seccionada;;
2020-11-21;13:17:00;COM VITIMA;FINALIZADA;BOA VIAGEM;AV ENGENHEIRO DOMINGOS FERREIRA;;RUA ALEXANDRINO MARTINS RODRIGUES;E/F AO BOMPREÇO;BOA VIAGEM;303;SUBURBIO;COLISÃO TRASEIRA;COLISAO ENTRE AUTO E MOTO COM UMA VITIMA VT 03 BATEDORES DA 13 E 32 NO LOCAL;1;1;;;;;;;;1;;Longo da via;Bom;Sem defeito;;Seca;Perfeito estado;Faixa de pedestre;Outras;;Dupla;Faixa contínua;Canteiro central;
2020-11-21;16:36:00;SEM ViTIMA;FINALIZADA;BOA VIAGEM;AV BOA VIAGEM;6274;;;BOA VIAGEM;;CIDADE;ABALROAMENTO LONGITUDINAL;COLISÃO SEM ViTIMA/ COM VEÍCULO OFICIAL;2;;;;;;;;;0;;Longo da via;Bom;Sem defeito;Perfeito estado;Seca;Perfeito estado;Não existe;;60 km/h;Única;Faixa contínua;Faixa seccionada;
2020-11-21;16:47:00;COM VITIMA;FINALIZADA;IMBIRIBEIRA;AV MARECHAL MASCARENHAS DE MORAES;;;EM FRENTE AO IBIS HOTEL/ SENTIDO CIDADE;IMBIRIBEIRA;;CIDADE;ATROPELAMENTO;ATROPELAMENTO COM VITIMA;1;;;;1;;;;;1;;Longo da via;Bom;Não existe;Perfeito estado;Seca;Perfeito estado;Não existe;Não há placas;;Única;Faixa contínua;;
2020-11-21;19:46:00;SEM ViTIMA;CANCELADA;ÁGUA FRIA;RUA SAO SEBASTIAO;1556;;PRÓX AO TERMINAL DE ÁGUA FRIA / E/F AO CANAL;ÁGUA FRIA;;;COLISÃO;ENTRE 2 AUTOS ( A OUTRA PARTE APRESENTA SINAIS FORTES DE EMBRIAGUEZ E ESTA BASTANTE VIOLENTO ) S/V;2;;;;;;;;;0;;;;;;;;;;;;;;
2020-11-21;23:20:00;SEM ViTIMA;FINALIZADA;NOVA DESCOBERTA;AV NORTE;1049;;AO LADO DA PRAÇA DOS TAXISTAS;NOVA DESCOBERTA;65;;COLISÃO TRASEIRA;DOIS AUTO  OBS:: SUSPEITA DE EMBRIAGUES;2;;;;;;;;;0;;Longo da via;Bom;Sem defeito;Perfeito estado;Seca;Perfeito estado;Faixa de pedestre;Outras;;Dupla;Canteiro central;;
2020-11-21;23:36:00;COM VITIMA;FINALIZADA;IPSEP;RUA JEAN EMILE FAVRE;;RUA PAMPULHA;PROX A PRAÇA MAURICEIA SENTIDO BOA VIAGEM E FARMACIA DIARIAMENTE;IPSEP;564;BOA VIAGEM;ABALROAMENTO TRANSVERSAL;DOIS AUTOS;2;;;;;;;;;1;;Cruzamento;Bom;Sem defeito;Não existente;Seca;Perfeito estado;Não existe;Não há placas;;Única;Não existe;;
2020-11-22;03:40:00;SEM ViTIMA;CANCELADA;MADALENA;AV ENGENHEIRO ABDIAS DE CARVALHO;;EST DOS REMEDIOS;DROGASIL- SENTIDO 232;MADALENA;;;COLISÃO;SEM ViTIMAS- CONDUTOR COM SUSPEITA DE EMBRIAGUEZ;2;;;;;;;;;0;;;;;;;;;;;;;;
2020-11-22;08:20:00;COM VITIMA;FINALIZADA;CORDEIRO;AV CAXANGA;2811;;EM FRENTE A JBS VEÍCULOS. MASSARELLA GRILL;CORDEIRO;;CIDADE;COLISÃO COM CICLISTA;COM UMA VITIMA AGUARDANDO SOCORRO-VT 24 DA CTTU NO LOCAL-GM DIEGO MONTEIRO E GM LUANA;1;;;1;;;;;;1;;Longo da via;Bom;Não existe;Incompleta;Seca;Perfeito estado;Não existe;R-32;;Única;Faixa contínua;Faixa seccionada;
2020-11-22;08:28:00;COM VITIMA;FINALIZADA;ALTO SANTA TERESINHA;RUA TAMBOARA;548;;HA 100 METROS DA ASSEMBLEIA DE DEUS;ALTO SANTA TERESINHA;;CIDADE;ABALROAMENTO LONGITUDINAL;COM VITIMAS AGUARDANDO SAMU;1;1;;;;;;;;2;;Longo da via;Bom;Não existe;Perfeito estado;Seca;Perfeito estado;Não existe;R-6a;;Dupla;Faixa seccionada;;
2020-11-22;11:47:00;SEM ViTIMA;FINALIZADA;IPUTINGA;RUA DR JOSE ANASTACIO DA SILVA GUIMARAES;630;;EM FRENTE AO SUPERMERCADO ECONOMICO;IPUTINGA;;;COLISÃO;COLISÃO COM SUSPEITA DE ALCOOLEMIA/ INFORMA QUE AO LONGO DA VIA O CONDUTOR COLIDIU COM 2 VEICULOS;3;;;;;;;;;0;;;;;;;;;;;;;;
2020-11-22;23:26:00;SEM ViTIMA;FINALIZADA;BOA VIAGEM;AV ENGENHEIRO DOMINGOS FERREIRA;3436;RUA PADRE CARAPUCEIRO;FAIXA DA DIREITA DA DOMINGOS FERREIRA- EM FRENTE AO GOSTO DE BOLO- AO LADO DO BANCO DO BRASIL;BOA VIAGEM;;;COLISÃO;COLISÃO ENTRE VIATURA DA PM E AUTO- S/V;1;;;;;;;1;;0;;Longo da via;Bom;Sem defeito;Perfeito estado;Seca;Perfeito estado;Faixa de pedestre;Outras;N/I;Única;Canteiro central;;
2020-11-23;08:32:00;COM VITIMA;FINALIZADA;BOA VIAGEM;RUA GENERAL SALGADO;820;RUA COSMORAMA;EM FRENTE AO  EDIFICIO CHATEAU  HERMITAGE. PRÓXIMO A SHARK ARENA.;BOA VIAGEM;;;ABALROAMENTO TRANSVERSAL;COLISÃO COM VITIMA;2;;;;;;;;;1;;Cruzamento;Bom;Não existe;Perfeito estado;Seca;Perfeito estado;Não existe;Placas Pare;;Dupla;Não existe;;
2020-11-23;19:02:00;COM VITIMA;FINALIZADA;IMBIRIBEIRA;AV RECIFE;;;DECIDA DO ACESSO SENTIDO AV MASCARENHAS DE MORAIS;IMBIRIBEIRA;;AFOGADOS;CHOQUE OBJETO FIXO;AUTO COLIDIU CO O GELO BAIANO;1;;;;;;;;;1;;;;;;;;;;;;;;
2020-11-23;19:07:00;SEM ViTIMA;FINALIZADA;IPSEP;RUA PINTOR ANTONIO ALBUQUERQUE;16;RUA ABDIAS CABRAL DE MOURA;AO LADO DO POSTO SHELL;IPSEP;;;CHOQUE OBJETO FIXO;CAMINHÃO CHOCOU-SE CONTRA O POSTE- CAUSANDO A QUEDA DO MESMO;;;;;;;1;;;0;;Longo da via;Bom;Não existe;Perfeito estado;Seca;Perfeito estado;Outros;R-6a;30KM;Única;Outros;;
2020-11-23;19:39:00;COM VITIMA;FINALIZADA;BOA VIAGEM;AV ENGENHEIRO DOMINGOS FERREIRA;4036;RUA RIBEIRO DE BRITO;E/F A MORADA DO SOL E AO PET SHOP AMIGO DO BIXO;BOA VIAGEM;;;COLISÃO;ENTRE MOTO E AUTO PASSEIO. C/V;1;1;;;;;;;;1;;;;;;;;;;;;;;
2020-11-23;19:47:00;COM VITIMA;FINALIZADA;IMBIRIBEIRA;AV PINHEIROS;473;RUA ARQUITETO LUIZ NUNES;NO CRUZAMENTO COM A ARQUITETO LUIZ NUNES.;IMBIRIBEIRA;537;CIDADE;COLISÃO FRONTAL;COLISAO ENTRE AUTO E MOTO COM VITIMA;1;1;;;;;;;;1;;Cruzamento;Bom;Sem defeito;Perfeito estado;Seca;Perfeito estado;Não existe;Não há placas;;Dupla;Faixa contínua;;
2020-11-24;09:54:00;COM VITIMA;FINALIZADA;APIPUCOS;RUA DE APIPUCOS;600;;EM FRENTE AO MOTEL SENZALA;APIPUCOS;;DOIS IRMÃOS;COLISÃO FRONTAL;2 AUTOS.;2;;;;;;;;;2;;Longo da via;Bom;Sem defeito;Perfeito estado;Seca;Perfeito estado;;R-6a;;Dupla;Faixa contínua;;
2020-11-24;10:13:00;COM VITIMA;FINALIZADA;PAISSANDU;AV GOVERNADOR AGAMENON MAGALHAES;4318;;EM FRENTE AO EMPRESARIAL RENATO DIAS;PAISSANDU;;SUBURBIO;ATROPELAMENTO;COM VITIMA;1;1;;;1;;;;;1;;Longo da via;Bom;Não existe;Perfeito estado;Seca;Perfeito estado;Não existe;Outras;;Dupla;Faixa seccionada;;
2020-11-24;12:39:00;COM VITIMA;FINALIZADA;VÁRZEA;RUA PROFESSOR ANTONIO COELHO;455;RUA ODON RODRIGUES DE MORAIS REGO;RUA DO COLÉGIO PONTUAL / PRÓX AO HAPVIDA DA CAXANGÁ;VÁRZEA;;SUBURBIO;COLISÃO COM CICLISTA;COLISÃO COM CICLISTA. SAMU NO LOCAL.;1;;;1;;;;;;1;;Cruzamento;Bom;Não existe;Perfeito estado;Seca;Perfeito estado;Não existe;Placas Pare;30 km/h;Dupla;Não existe;;
2020-11-24;12:50:00;SEM ViTIMA;FINALIZADA;JARDIM SÃO PAULO;RUA LEANDRO BARRETO;159;;PRÓXIMO À IGREJA DE JESUS CRISTO DOS SANTOS DOS ÚLTIMOS DIAS;JARDIM SÃO PAULO;;SUBURBIO;COLISÃO TRASEIRA;COLISÃO COM VEÍCULO OFICIAL;2;;;;;;;;;0;;Longo da via;Bom;Não existe;Não existente;Seca;Perfeito estado;Faixa de pedestre;Não há placas;;Dupla;Faixa contínua;;
2020-11-24;13:45:00;COM VITIMA;FINALIZADA;BOA VISTA;RUA DA AURORA;;RUA MAMEDE SIMOES;EM FRENTE AO GINÁSIO PERNAMBUCANO;BOA VISTA;;SUBURBIO;COLISÃO TRASEIRA;COLISÃO COM VITIMA;1;1;;;;;;;;1;;Longo da via;Bom;Sem defeito;Perfeito estado;Seca;Perfeito estado;Faixa de pedestre;Não há placas;;Única;Faixa seccionada;;
2020-11-24;17:14:00;COM VITIMA;FINALIZADA;VÁRZEA;AV AFONSO OLINDENSE;366;;PLANETA MAR PESCADO;VÁRZEA;;;ABALROAMENTO LONGITUDINAL;COLISÃO AUTO E MOTO;1;1;;;;;;;;2;;Longo da via;Bom;Não existe;Perfeito estado;Seca;Perfeito estado;Não existe;Não há placas;;Dupla;Faixa contínua;;
2020-11-24;18:44:00;COM VITIMA;FINALIZADA;ENCRUZILHADA;EST DE BELEM;190;RUA DONA JULIETA;EM FRENTE A PAROQUI NOSSA SENHORA DE BELEM- AO LADO DO VAN LONG ENCRUZILHADA. EDF. JÚLIO II;ENCRUZILHADA;;SUBURBIO;ABALROAMENTO TRANSVERSAL;COLISÃO AUTO E MOTO- C/V;1;1;;;;;;;;1;;Cruzamento;Bom;Não existe;Perfeito estado;Seca;Perfeito estado;;Não há placas;;Dupla;Faixa contínua;;
2020-11-24;21:14:00;COM VITIMA;FINALIZADA;SANTO AMARO;AV CRUZ CABUGA;644;RUA DOIS DE JULHO;EM FRENTE A IGREJA MISSIONARIA;SANTO AMARO;;SUBURBIO;ABALROAMENTO TRANSVERSAL;COLISÃO ENTRE AUTO E MOTO COM VITIMA- VT-26 NO LOCAL;1;1;;;;;;;;1;;Esquina;Bom;Sem defeito;Perfeito estado;Seca;Perfeito estado;Faixa de pedestre;Outras;;Dupla;Faixa seccionada;;
2020-11-25;09:04:00;COM VITIMA;FINALIZADA;CABANGA;RUA DILERMANO REIS;25;RUA COMANDANTE ANTONIO MANHAES DE MATTOS;AO LADO DA COMPESA.;CABANGA;;SUBURBIO;COLISÃO COM CICLISTA;ONIBUS E CICLISTA C/V;;;;1;;1;;;;1;;Longo da via;Bom;Não existe;Perfeito estado;Seca;Perfeito estado;Não existe;Não há placas;30 km/h;Dupla;Faixa contínua;;
2020-11-25;14:09:00;COM VITIMA;FINALIZADA;ROSARINHO;EST VELHA DE AGUA FRIA;978;;E/F A FUNDAÇAO DA IBGE E ANTIGO DNOCS;ROSARINHO;;CIDADE;ABALROAMENTO LONGITUDINAL;COLISAO ENTRE AUTO E MOTO COM UMA VITIMA;1;1;;;;;;;;1;;Longo da via;Bom;Sem defeito;Perfeito estado;Seca;Perfeito estado;Não existe;Não há placas;;Dupla;Faixa contínua;;
2020-11-25;15:43:00;COM VITIMA;FINALIZADA;TEJIPIÓ;RUA FALCAO DE LACERDA;354;;EM FRENTE A CLINICA AQUI DOUTOR E PROXIMO AO SEMÁFORO 285;TEJIPIÓ;;SUBURBIO;ABALROAMENTO TRANSVERSAL;COLISÃO COM VITIMA;1;1;;;;;;;;1;;Longo da via;Bom;;Incompleta;Seca;Mal conservada;Não existe;R-6a;;Dupla;Não existe;;
2020-11-25;17:04:00;COM VITIMA;CANCELADA;SAN MARTIN;AV GENERAL SAN MARTIN;2774;;PROX AO COLEGIO ADVENTISTA;SAN MARTIN;;;COLISÃO;COLISAO ENTRE AUTO E MOTO COM UMA VITIMA;1;1;;;;;;;;1;;;;;;;;;;;;;;
2020-11-25;19:05:00;COM VITIMA;FINALIZADA;SÃO JOSÉ;RUA IMPERIAL;981;TRV DO RAPOSO;E/F A FERRO E AÇO;SÃO JOSÉ;510;SUBURBIO;ABALROAMENTO TRANSVERSAL;COLISAO ENTRE DOIS AUTOS COM VITIMAS;2;;;;;;;;;1;;Cruzamento;Bom;Sem defeito;Perfeito estado;Seca;Perfeito estado;Faixa de pedestre;;;Única;Faixa contínua;;
2020-11-26;06:25:00;COM VITIMA;CANCELADA;ESTÂNCIA;AV DR JOSE RUFINO;;;EM FRENTE A IGREJA DE SANTA LUZIA;ESTÂNCIA;;;COLISÃO;COLISÃO COM VITIMA;1;1;;;;;;;;2;;;;;;;;;;;;;;
2020-11-26;11:03:00;SEM ViTIMA;FINALIZADA;IMBIRIBEIRA;AV MARECHAL MASCARENHAS DE MORAES;;;AO LADO DIREITO DA LINHA DO TREM;IMBIRIBEIRA;;;CHOQUE OBJETO FIXO;NA ENTRADA DO AEROPORTO CARRETA DERRUBOU UM POSTE.;;;;;;;1;;;0;;;;;;;;;;;;;;
2020-11-26;11:30:00;COM VITIMA;CANCELADA;TAMARINEIRA;AV CONS ROSA E SILVA;2342;;EM FRENTE AO POSTO IPIRANGA;TAMARINEIRA;;;COLISÃO;COLISÃO COM UMA VITIMA AGUARDANDO SOCORRO-VT 12 DA CTTU NO LOCAL;1;1;;;;;;;;1;;;;;;;;;;;;;;
2020-11-26;11:39:00;COM VITIMA;FINALIZADA;JIQUIÁ;AV DR JOSE RUFINO;36;RUA PASSO DA SANTA CRUZ;APÓS A RUA ANTÔNIO CARNEIRO- EM FRENTE A FÁBRICA DE YOLANDA.;JIQUIÁ;82;SUBURBIO;COLISÃO FRONTAL;COM UMA VITIMA -SAMU NO LOCAL;;1;;;;;1;;;1;;Longo da via;Bom;Não existe;Perfeito estado;Seca;Perfeito estado;Não existe;Não há placas;60 km/h;Dupla;Faixa contínua;;
2020-11-26;12:15:00;COM VITIMA;FINALIZADA;BEBERIBE;AV BEBERIBE;;;PRÓX AO BOMPREÇO E AO CAMPO DO ARRUDA;BEBERIBE;;;COLISÃO;COLISÃO COM VITIMA. VT 25 NO LOCAL.;1;1;;;;;;;;1;;;;;;;;;;;;;;
2020-11-26;12:51:00;COM VITIMA;FINALIZADA;JOANA BEZERRA;VDO PAPA JOAO PAULO II;;;DESCIDA DO VIADUTO PAPA JOAO PAULO II - SENTIDO DERBY ANTES DA PASSARELA. AO LADO DO FORUM RODOLFO AURELIANO.;JOANA BEZERRA;;CIDADE;ATROPELAMENTO;ÔNIBUS BRT E PEDESTRE.;;;;;1;1;;;;1;;Longo da via;Bom;Não existe;Perfeito estado;Seca;Perfeito estado;Não existe;Não há placas;;Dupla;Faixa seccionada;Canteiro central;
2020-11-26;15:39:00;COM VITIMA;FINALIZADA;DERBY;AV GOVERNADOR AGAMENON MAGALHAES;;;EM FRENTE À FARMÁCIA PAGUE MENOS / PRÓX À AGÊNCIA ITAÚ PERSONNALITÉ;DERBY;;SUBURBIO;ABALROAMENTO LONGITUDINAL;COLISÃO COM VITIMA;1;1;;;;;1;;;1;;Longo da via;Bom;Não existe;Perfeito estado;Seca;Perfeito estado;Outros;Não há placas;60 km/h;Dupla;Canal;;
2020-11-26;16:04:00;SEM ViTIMA;FINALIZADA;PAISSANDU;AV GOVERNADOR AGAMENON MAGALHAES;;;EM FRENTE AO BRADESCO Nº 4481;PAISSANDU;;CIDADE;COLISÃO TRASEIRA;COLISÃO COM VEICULO OFICIAL- DA SECRETARIA DE MEIO AMBIENTE E SUSTETABILIDADE DE PERNAMBUCO;2;;;;;;;;;0;;;Bom;Sem defeito;Perfeito estado;Seca;Perfeito estado;Não existe;Não há placas;;Única;Canteiro central;;
2020-11-26;16:18:00;COM VITIMA;FINALIZADA;IMBIRIBEIRA;AV MARECHAL MASCARENHAS DE MORAES;2967;RUA ITACARE;EM FRENTE À FERREIRA COSTA. LADO OPOSTO AO BANCO DO BRASIL.;IMBIRIBEIRA;386;SUBURBIO;ABALROAMENTO TRANSVERSAL;SAMU ACIONADO. AGENTES VINÍCIUS E PERICLES NO LOCAL. ABALROAMENTO TRANSVERSAL SEGUIDO DE ATROPELAMENTO.;2;;;;1;;;;;1;;Esquina;Bom;Sem defeito;Perfeito estado;Seca;Perfeito estado;Faixa de pedestre;Outras;60 km/h;Dupla;Faixa seccionada;Canteiro central;Outros
2020-11-26;18:58:00;COM VITIMA;FINALIZADA;DERBY;RUA JOAQUIM NABUCO;;;EM FRENTE AO HEMOPE E AO HOSPITAL SANTA JOANA;DERBY;;SUBURBIO;COLISÃO TRASEIRA;COLISÃO ENTRE AUTO E MOTO- COM VITIMA;1;1;;;;;;;;2;;Longo da via;Bom;Não existe;Perfeito estado;Seca;Perfeito estado;Não existe;Não há placas;50 km/h;Única;Faixa seccionada;;
2020-11-27;03:02:00;COM VITIMA;FINALIZADA;SANTO ANTÔNIO;RUA DO SOL;;PRC DA REPUBLICA;PROXIMO AO TEATRO SANTA ISABEL;SANTO ANTÔNIO;;;ABALROAMENTO TRANSVERSAL;AUTO E MOTO.;1;1;;;;;;;;1;;Longo da via;Bom;Não existe;Perfeito estado;Seca;Perfeito estado;Não existe;R-6a;;Única;Faixa contínua;;
2020-11-27;08:16:00;COM VITIMA;FINALIZADA;MADALENA;AV CAXANGA;653;;EM FRENTE AO COMPAZ- SENT. CIDADE;MADALENA;;;COLISÃO COM CICLISTA;MOTO E CICLISTA C/V;;1;;1;;;;;;3;;Longo da via;Bom;Não existe;Perfeito estado;Seca;Perfeito estado;Faixa de pedestre;Não há placas;;Única;Canteiro central;;
2020-11-27;08:58:00;COM VITIMA;CANCELADA;MUSTARDINHA;AV MANOEL GONCALVES DA LUZ;;;EM FRENTE A ACADEMIA DA CIDADE  E A PRAÇA DO ABC;MUSTARDINHA;;;COLISÃO;COLISÃO COM VITIMA A ESPERA DO SAMU;1;1;;;;;;;;1;;;;;;;;;;;;;;
2020-11-27;09:49:00;COM VITIMA;FINALIZADA;MADALENA;AV BEIRA RIO;591;;EM ENFRENTE AO PREDIO DO GOVERNADOR. EDF. SOBRADO DO CAPIBARIBE.;MADALENA;;TORRE;CHOQUE VEÍCULO PARADO;COM VITIMA;1;1;;;;;;;;1;;Longo da via;Bom;Não existe;Perfeito estado;Seca;Perfeito estado;Faixa de pedestre;R-6a;;Dupla;Faixa seccionada;;
2020-11-27;10:52:00;SEM ViTIMA;FINALIZADA;SANTO AMARO;RUA DA SAUDADE;;RUA JOAO LIRA;;SANTO AMARO;308;SUBURBIO;ABALROAMENTO TRANSVERSAL;VEICULO OFICIAL DA CASA MILITAR;2;;;;;;;;;0;;Cruzamento;Bom;Sem defeito;Incompleta;Seca;Perfeito estado;Faixa de pedestre;Não há placas;;Única;Não existe;;
2020-11-27;10:59:00;COM VITIMA;FINALIZADA;TAMARINEIRA;AV NORTE;3538;;EM FRENTE A  VISTOCAR  VISTORIA DO DETRAN;TAMARINEIRA;;SUBURBIO;COLISÃO TRASEIRA;COLISÃO COM VITIMA A ESPERA DO SAMU;1;1;;;;;;;;1;;Longo da via;Bom;Não existe;Perfeito estado;Seca;Perfeito estado;Não existe;Outras;;Dupla;Canteiro central;;
2020-11-27;16:56:00;COM VITIMA;FINALIZADA;APIPUCOS;AV DEZESSETE DE AGOSTO;222;;APOS O COLEGIO SILVA JARDIM;APIPUCOS;;SUBURBIO;COLISÃO TRASEIRA;COLISAO ENTRE AUTO E MOTO COM UMA VITIMA;1;1;;;;;;;;1;;Longo da via;Bom;Não existe;Perfeito estado;Seca;Perfeito estado;;Outras;;Dupla;Faixa contínua;;
2020-11-27;19:00:00;COM VITIMA;FINALIZADA;SANTO AMARO;RUA AURORA;;AV NORTE;PONTE DO LIMOEIRO . HOSPITAL RECIFE 1 - COVID.;SANTO AMARO;243;SUBURBIO;COLISÃO COM CICLISTA;MOTO X CICILISTA. C/V;;1;;1;;;;;;1;;Cruzamento;Bom;Sem defeito;Perfeito estado;Seca;Perfeito estado;Faixa de pedestre;Outras;;Dupla;Não existe;;
2020-11-28;05:57:00;SEM ViTIMA;FINALIZADA;TORRÕES;RUA LUIZ DA CAMARA CASCUDO;;;BARRACA DE SEU MARTIN;TORRÕES;;;CHOQUE VEÍCULO PARADO;VEICULO COLIDIU COM O MURO DE UMA RESIDENCIA E O CONDUTOR ESTA VISIVELMENTE EMBRIAGADO SEGUNDO RELATOS;2;;;;;;;;;0;;;;;;;;;;;;;;
2020-11-28;07:33:00;SEM ViTIMA;FINALIZADA;SANTO AMARO;AV CRUZ CABUGA;;RUA PEDRO AFONSO;SOB SEMÁFORO 674;SANTO AMARO;674;SUBURBIO;COLISÃO FRONTAL;VEICULO CHOCOU-SE COM POSTE / VIRGINIA E JOAO SANTOS NO QTH;1;;;;;;;;;0;;Cruzamento;Bom;Sem defeito;Perfeito estado;Seca;Perfeito estado;Faixa de pedestre;;;Dupla;;;
2020-11-28;11:23:00;COM VITIMA;FINALIZADA;SANTO AMARO;RUA DA AURORA;1019;;EM FRENTE A GLOBO. APÓS A ESTÁTUA DO TORTURA NUNCA MAIS. LADO OPOSTO AO NÚMERO INFORMADO.;SANTO AMARO;;SUBURBIO;COLISÃO TRASEIRA;AUTO E MOTO PM;1;1;;;;;;;;1;;Longo da via;Bom;Não existe;Perfeito estado;Seca;Perfeito estado;Não existe;Não há placas;;Dupla;Faixa seccionada;Canteiro central;