data;hora;natureza_acidente;situacao;bairro;endereco;numero;detalhe_endereco_acidente;complemento;bairro_cruzamento;num_semaforo;sentido_via;tipo;descricao;auto;moto;ciclom;ciclista;pedestre;onibus;caminhao;viatura;outros;vitimas;vitimasfatais;acidente_verificado;tempo_clima;situacao_semaforo;sinalizacao;condicao_via;conservacao_via;ponto_controle;situacao_placa;velocidade_max_via;mao_direcao;divisao_via1;divisao_via2;divisao_via3
2020-12-23;05:46:00;SEM ViTIMA;CANCELADA;ESPINHEIRO;RUA JOSE LUIZ DA SILVEIRA BARROS;63;;DEPOIS DO CRUZAMENTO DA RUA AMELIA;ESPINHEIRO;;;CHOQUE;;;;;;;;;;;0;;;;;;;;;;;;;;
2020-12-23;07:15:00;COM VITIMA;FINALIZADA;MADALENA;RUA JOAO IVO DA SILVA;205;;SENTIDO AFOGADOS  NA SAÍDA DO TÚNEL DA ABOLIÇÃO.;MADALENA;;CIDADE;ABALROAMENTO LONGITUDINAL;COLISÃO COM VITIMAS A ESPERA DO SAMU;;2;;;;;;;;1;;Longo da via;Bom;Não existe;Perfeito estado;Seca;Perfeito estado;Não existe;Não há placas;;Única;Faixa contínua;;
2020-12-23;08:30:00;COM VITIMA;FINALIZADA;MANGUEIRA;RUA VINTE E UM DE ABRIL;2058;RUA ALEXANDRE RODRIGUES FERREIRA;EM FRENTE  A LOJA J.A PAPEIS;MANGUEIRA;;;COLISÃO FRONTAL;COLISÃO COM VITIMAS;1;1;;;;;;;;2;;Cruzamento;Bom;Não existe;Incompleta;Seca;Perfeito estado;Não existe;Placas Pare;;Dupla;Não existe;;
2020-12-23;08:38:00;COM VITIMA;FINALIZADA;CORDEIRO;RUA TIJUCA;2;AV ENGENHEIRO ABDIAS DE CARVALHO;DROGAMAIA-AQUITEM;CORDEIRO;422;SUBURBIO;ABALROAMENTO TRANSVERSAL;COLISÃO COM VITIMAS;2;;;;;;;;;1;;Cruzamento;Bom;Sem defeito;Perfeito estado;Seca;Perfeito estado;Outros;R-4a;60 km/h;Única;Canteiro central;;
2020-12-23;15:16:00;COM VITIMA;FINALIZADA;AFOGADOS;RUA SAO MIGUEL;1166;;PROXIMO AO CHINA BOX;AFOGADOS;;AFOGADOS;COLISÃO FRONTAL;COLISÃO COM VITIMA;2;1;;;;;;;;1;;Longo da via;Bom;Não existe;Perfeito estado;Seca;Perfeito estado;Não existe;Não há placas;50 km/h;Dupla;Faixa contínua;;
2020-12-23;18:55:00;COM VITIMA;FINALIZADA;MADALENA;EST DOS REMEDIOS;400;;PRÓX A GALERIA MADALENA CENTER 401;MADALENA;;SUBURBIO;ABALROAMENTO TRANSVERSAL;MOTO X AUTO. C/V;1;1;;;;;;;;1;;Cruzamento;Bom;Não existe;Não existente;Seca;Perfeito estado;Não existe;Placas Pare;;Única;Faixa seccionada;;
2020-12-24;06:24:00;COM VITIMA;FINALIZADA;MORRO DA CONCEIÇÃO;RUA DOIS DE FEVEREIRO;137;;CASA / CENTRO ESPIRITA PEDRO CARNEIRO;MORRO DA CONCEIÇÃO;;;ABALROAMENTO LONGITUDINAL;COM VITIMA- AGUARDANDO SAMU NO LOCAL;;1;;;;1;;;;1;;Longo da via;Chuvoso;Não existe;Não existente;;Mal conservada;Não existe;Não há placas;30 km/h;Dupla;Não existe;;
2020-12-24;07:23:00;COM VITIMA;FINALIZADA;CASA AMARELA;AV NORTE;5237;RUA DA HARMONIA;EM FRENTE A FARMACIA PAGUE MENOS;CASA AMARELA;312;;COLISÃO;COM DUAS VITIMAS- AGUARDANDO SAMU;1;1;;;;;;;;2;;;;;;;;;;;;;;
2020-12-24;07:59:00;COM VITIMA;FINALIZADA;CAXANGÁ;AV CAXANGA;5532;;LADO OPOSTO AO RESIDENCIAL CAXANGÁ.;CAXANGÁ;;SUBURBIO;COLISÃO COM CICLISTA;AUTO E BICICLETA.;1;;;1;;;;;;1;;Longo da via;Bom;Sem defeito;Perfeito estado;Seca;Perfeito estado;Faixa de pedestre;Não há placas;60 km/h;Dupla;Faixa seccionada;;
2020-12-24;08:38:00;COM VITIMA;FINALIZADA;NOVA DESCOBERTA;RUA NOVA DESCOBERTA;2061;;;NOVA DESCOBERTA;;VASCO DA GAMA;COLISÃO;COLISÃO ENTRE AUTOMÓVEL E MOTOCICLETA - A VT-25 SE DEPAROU COM A SITUAÇÃO E TINHA APENAS A VÍTIMA E O SAMU NO LOCAL - O VEÍCULO SE EVADIU E A MOTOCICLETA RETIRARAM DO LOCAL - EQUIPE DA VT 25 TOMARÁ TODAS AS PROVIDÊNCIAS PERANTE AS AUTORIDADES COMPETENTES.;1;1;;;;;;;;1;;Longo da via;Bom;Não existe;Perfeito estado;Seca;Perfeito estado;Não existe;R-6a;;Dupla;Faixa seccionada;;
2020-12-24;09:28:00;SEM ViTIMA;FINALIZADA;JORDÃO;AV DONA CARENTINA;20;;NA SUBIDA DA LADEIRA;JORDÃO;;;CHOQUE OBJETO FIXO;UM VEICULO SE CHOCOU COM UM POSTE- ONDE OS FIOS FICARAM SOLTOS NO MEIO DA VIA/ SOLICITANTE DIZ TER ENTRADO EM CONTATO COM A CELPE- PORÉM ESTÁ AGUARDANDO O ATENDIMENTO.;1;;;;;;;;1;0;;Longo da via;Chuvoso;Não existe;Perfeito estado;Molhada;Perfeito estado;Não existe;Não há placas;;Dupla;Faixa contínua;;
2020-12-24;09:35:00;COM VITIMA;FINALIZADA;AFOGADOS;RUA VINTE E UM DE ABRIL;411;;EM FRENTE AO AFOGADOS CENTER;AFOGADOS;;;COLISÃO;COLISÃO COM UMA VITIMA -SAMU ACIONADO;;1;1;;;;;;;1;;;;;;;;;;;;;;
2020-12-24;11:47:00;COM VITIMA;FINALIZADA;ALTO JOSÉ DO PINHO;COR DO BARTOLOMEU;;RUA PADRE OLIVEIRA;FEIRA DA RODINHA - PANIFICADORA SENHOR DO BOMFIM.;ALTO JOSÉ DO PINHO;;SUBURBIO;ATROPELAMENTO;ATROPELAMENTO;1;;;;1;;;;;1;;Longo da via;Bom;Não existe;Perfeito estado;Seca;Perfeito estado;Não existe;Outras;;Dupla;Faixa contínua;;
2020-12-24;13:21:00;COM VITIMA;FINALIZADA;IMBIRIBEIRA;AV MARECHAL MASCARENHAS DE MORAES;;;EM FRENTE À UNIVERSIDADE UNIVERSO;IMBIRIBEIRA;501;CIDADE;COLISÃO TRASEIRA;AGUARDANDO ATENDIMENTO DO SAMU.;1;1;;;;;;;;1;;Longo da via;Bom;Sem defeito;Perfeito estado;Seca;Perfeito estado;Faixa de pedestre;R-6a;60 km/h;Dupla;Canteiro central;;
2020-12-22;09:16:00;SEM ViTIMA;FINALIZADA;GRAÇAS;AV GOVERNADOR AGAMENON MAGALHAES;;;;GRAÇAS;37;PARNAMIRIM-DERBY;COLISÃO;AUTOMÓVEL PRETO PEV8799 X MOTOCICLETA;1;1;;;;;;;;0;;;;;;;;;;;;;;
2020-12-24;15:16:00;SEM ViTIMA;FINALIZADA;ENCRUZILHADA;AV JOAO DE BARROS;;AV NORTE;;ENCRUZILHADA;43;CIDADE;COLISÃO;ACIDENTE NO CRUZAMENTO- COLISÃO TRANSVERSAL ENTRE DOIS AUTO PASSEIO- FECHANDO O CRUZAMENTO. AGENTE IRÁ AO LOCAL PARA DESOBSTRUIR A VIA- VERIFICAR A DOCUMENTAÇÃO SE TUDO CERTO ORIENTAR REALIZAR O BAT PRONTO.;2;;;;;;;;;0;;;;;;;;;;;;;;
2020-12-24;15:27:00;COM VITIMA;FINALIZADA;VÁRZEA;AV CAXANGA;5759;;LADO OPOSTO AO TERMINAL INTEGRADO DA CAXANGÁ;VÁRZEA;262;CIDADE;COLISÃO TRASEIRA;COLISÃO ENTRE AUTO E MOTO;1;1;;;;;;;;1;;Longo da via;Bom;Sem defeito;Perfeito estado;Seca;Perfeito estado;Faixa de pedestre;Não há placas;60 km/h;Única;Faixa contínua;;
2020-12-24;17:37:00;COM VITIMA;FINALIZADA;BOA VIAGEM;AV ENGENHEIRO DOMINGOS FERREIRA;3340;RUA FAUSTINO PORTO;EM FRENTE AO ED. ERICA;BOA VIAGEM;;PIEDADE;COLISÃO TRASEIRA;COLISÃO COM 2 CARRO X MOTO/ UM DOS VEICULOS DE PLACA xxx SE EVADIU DO LOCAL;2;1;;;;;;;;1;;Longo da via;Bom;Sem defeito;Perfeito estado;Seca;Perfeito estado;Não existe;R-6a;;Dupla;Faixa contínua;Faixa seccionada;
2020-12-24;18:24:00;COM VITIMA;FINALIZADA;ALTO JOSÉ DO PINHO;AV NORTE;12;;APÓS A ENTRADA DA MANGABEIRA / EM FRENTE AO ARMAZÉM CORAL.;ALTO JOSÉ DO PINHO;;SUBURBIO;COLISÃO COM CICLISTA;COLISÃO ENTRE MOTO E CICLISTA;;1;;1;;;;;;2;;Longo da via;Bom;Não existe;Perfeito estado;Seca;Perfeito estado;Não existe;Não há placas;60 km/h;Única;Canteiro central;;
2020-12-25;07:24:00;SEM ViTIMA;CANCELADA;TORRE;RUA MARCOS ANDRE;280;;EM FRENTE AO CONDOMINIO PRIVE BOSQUE DA TORRE;TORRE;;;CHOQUE;VEICULO  CHOCOU SE  CONTRA MURO;;;;;;;;;;0;;;;;;;;;;;;;;
2020-12-25;16:07:00;COM VITIMA;FINALIZADA;IMBIRIBEIRA;RUA ITAJAI;160;RUA PAMPULHA;E/F PORTO DELICATESSEN. CASA BRANCA BUFFET.;IMBIRIBEIRA;;CIDADE;ABALROAMENTO TRANSVERSAL;AUTO E MOTO.;1;1;;;;;;;;1;;Cruzamento;Bom;Não existe;Perfeito estado;Seca;Perfeito estado;Faixa de retenção;Placas Pare;;Dupla;Faixa contínua;;
2020-12-25;22:53:00;COM VITIMA;FINALIZADA;ENGENHO DO MEIO;RUA ANTONIO CURADO;427;RUA MANUEL ALVES DEUSDARA;AO LADO DA COMPESA / PRÓX A PRC DO ENGENHO DO MEIO. IGREJA PENTECOSTAL JESUS É A ESPERANÇA.;ENGENHO DO MEIO;;CIDADE;COLISÃO COM CICLISTA;AUTO X BICICLETA. C/V;1;;;1;;;;;;2;;Longo da via;Bom;Não existe;Perfeito estado;Seca;Perfeito estado;Não existe;Outras;;Dupla;Faixa seccionada;;
2020-12-26;05:22:00;SEM ViTIMA;FINALIZADA;SOLEDADE;RUA JOAO FERNANDES VIEIRA;11;;PRÓXIMO AO CRUZAMENTO C/A RUA DA SOLEDADE;SOLEDADE;;;CHOQUE OBJETO FIXO;CONDUTOR ABANDONOU O VEICULO- APÓS CHOCAR-SE CONTRA UM POSTE PÚBLICO;1;;;;;;;;;0;;;;;;;;;;;;;;
2020-12-26;09:59:00;SEM ViTIMA;FINALIZADA;CORDEIRO;AV CAXANGA;;RUA SAO MATEUS;FATO OCORRIDO NO ELEVADO DA AV CASXANGA- NO SENTIDO CIDADE / SUBURBIO.;CORDEIRO;;SUBURBIO;COLISÃO COM CICLISTA;TRÊS CICLISTA UTILIZANDO INDEVIDAMENTE A FAIXA EXCLUSSIVA DO BRT ( ELEVADO DA CAXANGA ) NO SENTIDO CIDADE / SUBURBIO- QUANDO UM CICLISTA PAROU E FOI COLIDIDO LATERALMENTE POR UMA CICLISTA QUE TEVE POSSIVEIS- LEVES ESCORRIAÇÕES. ACIDENTE FLAGRADO PELA CÂMARAS DA CTTU.;;;;2;;;;;;0;;;;;;;;;;;;;;
2020-12-26;10:34:00;COM VITIMA;FINALIZADA;CORDEIRO;RUA MAURICIO DE NASSAU;;;POR TRAS DO PARQUE DE EXPOSIÇÕES.;CORDEIRO;;SUBURBIO;COLISÃO COM CICLISTA;VITIMA SOCORRIDA PELO SAMU;;1;;1;;;;;;1;;Longo da via;Bom;Não existe;Perfeito estado;Seca;Perfeito estado;Não existe;Não há placas;;Dupla;Faixa contínua;Faixa seccionada;
2020-12-26;17:39:00;SEM ViTIMA;FINALIZADA;IMBIRIBEIRA;RUA JORGE DE LIMA;2245;;EM FRENTE A GEOVANE SONDA / EM FRENTE AO ED- VITA CLUBE;IMBIRIBEIRA;402;;COLISÃO;COLISÃO CARRO X CARRO COM SUSPEITA DE ALCOOLEMIA;2;;;;;;;;;0;;;;;;;;;;;;;;
2020-12-26;17:47:00;COM VITIMA;FINALIZADA;TORRE;VDO GOVERNADOR CORDEIRO DE FARIAS;;;PONTE DA TORRE AO LADO DO CARREFOUR;TORRE;;SUBURBIO;TOMBAMENTO;QUEDA DE MOTOCICLISTA;;1;;;;;;;;1;;Viaduto;Bom;Não existe;Perfeito estado;Seca;Perfeito estado;Não existe;Não há placas;;Única;Faixa seccionada;;
2020-12-26;19:44:00;SEM ViTIMA;FINALIZADA;IMBIRIBEIRA;AV MARECHAL MASCARENHAS DE MORAES;;;EM FRENTE A CHEVROLET TAMBAI;IMBIRIBEIRA;161;SUBURBIO;COLISÃO;COLISÃO SEM VITIMA ENVOLVENDO VEÍCULO OFICIAL (SAMU);1;;;;;;;1;;0;;Longo da via;Bom;Sem defeito;Perfeito estado;Seca;Perfeito estado;Faixa de pedestre;Não há placas;60 KM/H;Única;Canteiro central;;
2020-12-27;00:53:00;SEM ViTIMA;FINALIZADA;BOA VIAGEM;AV CONSELHEIRO AGUIAR;635;;;BOA VIAGEM;;;COLISÃO;USUARIO INFORMA QUE A OCORRENCIA FOI SEM ViTIMA E QUE O CONDUTOR DE UM DOS VEÍCULOS SE EVADIU ABANDONANDO O VEÍCULO NA VIA . POR ESSE MOTIVO ENVIAMOS UMA VT PRA VERIFICAR ESSA SITUAÇÃO . O CONDUTOR QUE FICOU NO LOCAL FOI ORIENTADO A PRESTAR UMA QUEIXA E GERAR ESSA OCORRENCIA PELO BATE-PRONTO.;2;;;;;;;1;;0;;;;;;;;;;;;;;
2020-12-27;08:44:00;COM VITIMA;FINALIZADA;IMBIRIBEIRA;RUA ITAJAI;159;RUA PAMPULHA;EM FRENTE A PADARIA PORTO DELICATESSEN;IMBIRIBEIRA;;SUBURBIO;ABALROAMENTO TRANSVERSAL;DOIS AUTOS C/V;2;;;;;;;;;1;;Cruzamento;Bom;Não existe;Perfeito estado;Seca;Perfeito estado;Faixa de retenção;Placas Pare;;Dupla;Faixa contínua;;
2020-12-27;11:57:00;COM VITIMA;CANCELADA;JORDÃO;AV MARIA IRENE;1252;;E/F A DINO SORVETES E PROX A DELEGACIA DO JORDAO;JORDÃO;;;COLISÃO;COLISAO ENTRE AUTO E MOTO COM UMA VITIMA;1;1;;;;;;;;1;;;;;;;;;;;;;;
2020-12-27;12:06:00;COM VITIMA;FINALIZADA;IPSEP;RUA SAO NICOLAU;231;RUA PROFESSOR JOSE VICENTE;PROX A NUCLEO DA POLICIA E FARMÁCIA BOM CONSELHO.;IPSEP;;SUBURBIO;ABALROAMENTO TRANSVERSAL;COLISAO ENTRE AUTO E MOTO COM UMA VITIMA;1;1;;;;;;;;1;;Longo da via;Bom;Não existe;Perfeito estado;Seca;Perfeito estado;Faixa de pedestre;Placas Pare;;Única;Não existe;;
2020-12-27;15:44:00;SEM ViTIMA;CANCELADA;PINA;RUA CARNEIRO PESSOA;;;PROXIMO A IGREJA CATOLICA DO PINA;PINA;;;CHOQUE;CHOQUE SEM ViTIMA/ VIATURA POLICIA;;;;;;;;1;;0;;;;;;;;;;;;;;
2020-12-27;23:09:00;SEM ViTIMA;CANCELADA;SAN MARTIN;RUA DELMIRO GOUVEIA;;;EM FRENTE A TORRE DA CHESF;SAN MARTIN;;;COLISÃO;COLISÃO DOIS AUTOS - CONDUTOR DO AUTO PASSEIO COM SINTOMAS DE EMBRIAGUES;1;;;;;;1;;;0;;;;;;;;;;;;;;
2020-12-28;06:22:00;COM VITIMA;FINALIZADA;CABANGA;AV SUL;1180;;APÓS O VIADUTO - SENTIDO SUB/CID;CABANGA;;CIDADE;CHOQUE OBJETO FIXO;CONDUTOR DA MOTOCICLETA PERDEU O CONTROLE DO VEICULO E CHOCOU-SE CONTRA UMA ÁRVORE;;1;;;;;;;;1;;Longo da via;Bom;Não existe;Não existente;Molhada;Outros;Não existe;Não há placas;;Dupla;Faixa seccionada;Canteiro central;
2020-12-28;07:28:00;COM VITIMA;FINALIZADA;BOA VIAGEM;AVENIDA CELSO FURTADO (VIA MANGUE);;;NO FINAL DA VIA MANGUE- NA ALÇA DA ANTÔNIO FALCÃO.;BOA VIAGEM;;SUBURBIO;ABALROAMENTO LONGITUDINAL;COLISÃO COM EVASÃO- CONDUTOR DO CARRO FOI EMBORA SEM PRESTAR SOCORRO... AS VITIMAS AGUARDAM ATENDIMENTO DO SAMU.;1;1;;;;;;;;2;;Longo da via;Bom;Não existe;Incompleta;Seca;Perfeito estado;Não existe;Não há placas;;Única;Não existe;;
2020-12-28;12:03:00;COM VITIMA;FINALIZADA;BOA VIAGEM;RUA ERNESTO DE PAULA SANTOS;;AV ENGENHEIRO DOMINGOS FERREIRA;PROX A RESTAURANTE DOMINGOS FERREIRA;BOA VIAGEM;217;SUBURBIO;ABALROAMENTO TRANSVERSAL;COLISÃO CARRO X DUAS MOTOS;1;2;;;;;;;;1;;Cruzamento;Bom;Sem defeito;Perfeito estado;Seca;Perfeito estado;Faixa de retenção;Não há placas;60 km/h;Única;Faixa contínua;;
2020-12-28;12:22:00;SEM ViTIMA;FINALIZADA;IMBIRIBEIRA;AV MARECHAL MASCARENHAS DE MORAES;;RUA MIS JOEL CARLSON;PRÓX AO DEPÓSITO DA LASER ELETRO;IMBIRIBEIRA;287;;COLISÃO;CONDUTOR INFORMA QUE A OUTRA PARTE ENVOLVIDA NA COLISÃO NÃO ESTÁ DE POSSE DA HABILITAÇÃO E DOCUMENTO DO VEÍCULO.;2;;;;;;;;;0;;Longo da via;Bom;Sem defeito;Perfeito estado;Seca;Perfeito estado;Não existe;Não há placas;60 KM/H;Dupla;Canteiro central;;
2020-12-28;14:55:00;SEM ViTIMA;FINALIZADA;ARRUDA;AV BEBERIBE;;;EM FRENTE AO MERCADAO OLEO / PROX AO CAMPO DO ARRUDA;ARRUDA;;;COLISÃO;COLISÃO CAMINHÃO X CARRO / INFORMA QUE TA TENDO DERRAMAMENTO DE OLEO NA VIA;;;;;;1;1;;;0;;Longo da via;Bom;Sem defeito;Perfeito estado;Seca;Perfeito estado;;;;Dupla;Faixa contínua;;
2020-12-28;15:23:00;COM VITIMA;FINALIZADA;BOA VIAGEM;AV DOM JOAO VI;;;AO LADO DO BIG BOMPREÇO.;BOA VIAGEM;;SUBURBIO;ABALROAMENTO TRANSVERSAL;A EQUIPE SE DEPAROU COM O ACIDENTE;;1;;;;1;;;;1;;Longo da via;Bom;Sem defeito;Perfeito estado;Seca;Perfeito estado;Não existe;Não há placas;;Única;Não existe;;
2020-12-28;16:26:00;COM VITIMA;FINALIZADA;BOA VIAGEM;RUA JOAO CARDOSO AIRES;647;RUA ALMIRANTE BATISTA LEAO;PROX AO COLEGIO MADRE DE DEUS / PROX AO HAPVIDA DIAGNÓSTICOS.;BOA VIAGEM;;SUBURBIO;ABALROAMENTO TRANSVERSAL;COLISÃO MOTO X CARRO;1;1;;;;;;;;1;;Cruzamento;Chuvoso;Não existe;Perfeito estado;Seca;Perfeito estado;Não existe;Placas Pare;;Única;Não existe;;
2020-12-28;16:42:00;COM VITIMA;FINALIZADA;SANTO AMARO;AV NORTE;866;;EM FRENTE AO CENTRO DE JUVENTUDE E O CRAS;SANTO AMARO;397;SUBURBIO;ATROPELAMENTO;ATROPELAMENTO ENVOLVENDO MOTO E PEDESTRE;;1;;;1;;;;;1;;Longo da via;Bom;Sem defeito;Perfeito estado;Seca;Perfeito estado;Não existe;Outras;60 km/h;Dupla;Canteiro central;;
2020-12-28;20:23:00;COM VITIMA;FINALIZADA;IMBIRIBEIRA;RUA JAMAICA;71;RUA IZABEL DE SOUZA;EM FRENTE A BSS BLINDAGEM;IMBIRIBEIRA;;;COLISÃO;COLISÃO ENTRE AUTO E MOTO- COM VITIMA;1;1;;;;;;;;2;;Cruzamento;Bom;Não existe;Perfeito estado;Seca;Perfeito estado;Não existe;Placas Pare;;Única;Faixa seccionada;;
2020-12-29;07:20:00;SEM ViTIMA;FINALIZADA;BOA VISTA;RUA JOSE DE ALENCAR;;RUA BARAO DE SAO BORJA;POR TRAS DO SHOPPING BOA VISTA;BOA VISTA;;;CAPOTAMENTO;COLISÃO EM SEGUIDA DE CAPOTAMENTO SEM VITIMAS;2;;;;;;;;;0;;;;;;;;;;;;;;
2020-12-29;10:22:00;COM VITIMA;FINALIZADA;AREIAS;RUA CAPITAO DOMINGOS DA COSTA;555;RUA AURORA CACOTE;EM FRENTE AO SUPERMERCADO COBAL;AREIAS;569;;ATROPELAMENTO;AUTO E PEDESTRE;1;;;;1;;;;;1;;Cruzamento;Bom;Sem defeito;;Seca;Perfeito estado;Não existe;R-19;30 km/h;Dupla;Não existe;;
2020-12-29;10:55:00;COM VITIMA;FINALIZADA;ARRUDA;RUA SAO BENTO;195;;NA ENTRADA DA BOMBA DO HEMETERIO PROX AO POSTO DE GASOLINA DESATIVADO BR;ARRUDA;;SUBURBIO;COLISÃO TRASEIRA;COLISÃO COM VITIMA A ESPERA DO SAMU;1;1;;;;;;;;1;;Longo da via;Bom;Sem defeito;Perfeito estado;Seca;Perfeito estado;Outros;Placas Pare;;Única;Faixa seccionada;;
2020-12-29;15:12:00;COM VITIMA;FINALIZADA;ESPINHEIRO;RUA QUARENTA E OITO;347;RUA DO ESPINHEIRO;EM FRENTE A DELICATENSSEN ESPINHEIRO;ESPINHEIRO;166;CIDADE;ABALROAMENTO LONGITUDINAL;COLISÃO COM VITIMA;1;1;;;;;;;;1;;Cruzamento;Bom;Sem defeito;Perfeito estado;Seca;Perfeito estado;Faixa de pedestre;Outras;;Única;Faixa seccionada;;
2020-12-29;18:14:00;COM VITIMA;FINALIZADA;SANTO ANTÔNIO;AV GUARARAPES;;RUA DO SOL;AO LADO DA AGENCIA DOS CORREIOS;SANTO ANTÔNIO;14;CIDADE;ATROPELAMENTO;ÕNIBUS ATROPELOU CADEIRANTE. C/V;;;;;1;1;;;;1;;Cruzamento;Bom;Sem defeito;Perfeito estado;Seca;Perfeito estado;Faixa de pedestre;Outras;60 km/h;Única;Faixa contínua;;
2020-12-29;20:02:00;SEM ViTIMA;FINALIZADA;JORDÃO;RUA DR ALVARO FERRAZ;24;;PROX AO TERMINAL DO JORDAO;JORDÃO;;;COLISÃO;COLISAO ENTRE AUTO E MOTO S/VITIMAS;;1;;;;;;1;;0;;Longo da via;Bom;Não existe;Perfeito estado;Seca;Perfeito estado;Não existe;R-6a;;Única;Não existe;;
2020-12-30;07:15:00;COM VITIMA;FINALIZADA;IPUTINGA;AV CAXANGA;4068;AV PROFESSOR JOAQUIM CAVALCANTI;EMBAIXO DO VIADUTO AO LADFO DO BIG BOMPREÇO;IPUTINGA;;SUBURBIO;COLISÃO;COM UMA VITIMA AGUARDANDO SAMU;;1;;;;;;;;1;;Longo da via;Chuvoso;Não existe;Perfeito estado;Molhada;Perfeito estado;Não existe;Não há placas;60 km/h;Única;;;
2020-12-30;07:31:00;COM VITIMA;FINALIZADA;CABANGA;RUA JOAO PAULO II;292;;NO FINAL DO VIADUTO CAPITÃO TEMUDO /SENTIDO BOA VIAGEM;CABANGA;;SUBURBIO;COLISÃO TRASEIRA;COM DUAS VITIMAS AGUARDANDO SAMU;1;1;;;;;;;;1;;Viaduto;Chuvoso;Não existe;Perfeito estado;Molhada;Perfeito estado;Não existe;Não há placas;60 km/h;Dupla;Canteiro central;;
2020-12-30;07:52:00;COM VITIMA;FINALIZADA;LINHA DO TIRO;RUA URIEL DE HOLANDA;1541;;EM FRENTE AO ARMAZEM OLIVEIRA;LINHA DO TIRO;;SUBURBIO;COLISÃO FRONTAL;COM UMA VITIMA-SOCORRIDA -VT 18 DA CTTU NO LOCAL/GMFLAVIO LUIS/GM DE SOUZA;1;1;;;;;;;;1;;Longo da via;Chuvoso;Não existe;Incompleta;Molhada;Perfeito estado;Não existe;Não há placas;;Dupla;Não existe;;
2020-12-30;08:41:00;COM VITIMA;FINALIZADA;SÍTIO DOS PINTOS;RUA PROF CLAUDIO SELVA;135;RUA DA JAQUEIRA;;SÍTIO DOS PINTOS;;SUBURBIO;TOMBAMENTO;CICLISTA PERDEU O CONTROLE DA BICICLETA;;;;1;;;;;;1;;Longo da via;Bom;Não existe;Não existente;Seca;Perfeito estado;Não existe;Não há placas;;Dupla;Não existe;;
2020-12-30;11:51:00;COM VITIMA;FINALIZADA;IBURA;RUA PINTOR AGENOR DE ALBUQUERQUE CESAR;705;;RUA DA COMPESA;IBURA;;SUBURBIO;ABALROAMENTO TRANSVERSAL;COM UMA VITIMA -AGUARDANDO  SAMU;1;1;;;;;;;;1;;Longo da via;Chuvoso;Não existe;Perfeito estado;Molhada;Perfeito estado;Não existe;Não há placas;;Dupla;Não existe;;
2020-12-30;14:04:00;COM VITIMA;FINALIZADA;JORDÃO;AV MARIA IRENE;1672;;RROX AO POSTO IPIRANGA / PROX A FEIRA LIVRE DO JORDAO;JORDÃO;;;COLISÃO TRASEIRA;COLISÃO MOTO X CARRO;1;1;;;;;;;;1;;Cruzamento;Bom;Não existe;Não existente;Seca;Perfeito estado;Não existe;Não há placas;;Dupla;Não existe;;
2020-12-30;15:43:00;COM VITIMA;FINALIZADA;CAMPO GRANDE;RUA PROFESSOR FRANCISCO DA TRINDADE;290;RUA SAO CAETANO;APÓS O SUPERMERCADO STILOS / PRÓX À MISSÃO EVANGÉLICA PENTECOSTAL.;CAMPO GRANDE;;;COLISÃO;AGUARDANDO ATENDIMENTO DO SAMU.;1;1;;;;;;;;1;;Cruzamento;Bom;Não existe;Perfeito estado;Seca;Perfeito estado;Não existe;;;Dupla;Não existe;;
2020-12-30;17:26:00;SEM ViTIMA;FINALIZADA;TEJIPIÓ;AV DR JOSE RUFINO;;;PRÓX À ESTAÇÃO DE TEJIPIÓ;TEJIPIÓ;;SUBURBIO;COLISÃO;UM DOS CONDUTORES SE RECUSA A RETIRAR O VEÍCULO DO LOCAL- IMPOSSIBILITANDO O OUTRO VEÍCULO DE TAMBÉM SAIR. VIA OBSTRUÍDA.;2;;;;;;;;;0;;;;;;;;;;;;;;
2020-12-30;17:30:00;SEM ViTIMA;FINALIZADA;DERBY;AV GOVERNADOR AGAMENON MAGALHAES;;RUA JOAQUIM NABUCO;AO LADO DO HOSPITAL DA RESTAURAÇÃO;DERBY;;;COLISÃO;COLISÃO COM VEICULO OFICIAL / CARRO X USB;1;;;;;;;1;;0;;;;;;;;;;;;;;
2020-12-30;18:57:00;SEM ViTIMA;CANCELADA;ARRUDA;AV PROFESSOR JOSE DOS ANJOS;;AV BEBERIBE;;ARRUDA;131;;COLISÃO;COLISÃO SEM ViTIMAS- UMA DAS PARTES APRESENTA SINTOMAS DE EMBRIAGUEZ;4;;;;;;;;;0;;;;;;;;;;;;;;
2020-12-30;20:38:00;COM VITIMA;FINALIZADA;MANGABEIRA;AV NORTE;4560;;EM FRENTE AO SESC DE CASA AMARELA/VÍTIMA JÁ SOCORRIDA;MANGABEIRA;;;ATROPELAMENTO;;1;;;;1;;;;;1;;Longo da via;Bom;;Perfeito estado;Seca;Perfeito estado;Não existe;Outras;;Dupla;Canteiro central;;
2020-12-31;15:47:00;COM VITIMA;FINALIZADA;CASA AMARELA;EST DAS UBAIAS;147;;;CASA AMARELA;;CIDADE;COLISÃO FRONTAL;COM VITIMA;1;1;;;;;;;;1;;Longo da via;Bom;Não existe;Perfeito estado;Seca;Perfeito estado;Não existe;Outras;;Dupla;Não existe;;
2020-12-31;21:48:00;COM VITIMA;FINALIZADA;CAMPINA DO BARRETO;AV PROFESSOR JOSE DOS ANJOS;;;E/F A ACADEMIA DA CHAO DE ESTRELA;CAMPINA DO BARRETO;;SUBURBIO;COLISÃO FRONTAL;COLISAO ENTRE DUAS MOTOS COM VITIMAS;;2;;;;;;;;4;;Longo da via;Nublado;Não existe;Perfeito estado;Seca;Perfeito estado;Não existe;Outras;;Dupla;Faixa seccionada;;